intervention_id,conversation_id,intervention_type,variant,shown_at
i_b25c84db21c6,c_c6afdaab19a8,both,A,2026-06-01 00:13:25
i_be1afdf3f8ba,c_12b562577863,both,A,2026-06-01 00:24:28
i_2f47c6e8a543,c_bd08323c2dc0,both,A,2026-06-01 00:30:58
i_b2358cbfc081,c_a3865a98cd9b,resource_card,A,2026-06-01 01:00:02
i_3cfab5a6ac17,c_e32ad54f4cce,both,A,2026-06-01 05:17:43
i_f737297de09a,c_d6e72610aeb5,resource_card,A,2026-06-01 05:52:59
i_bf8836426948,c_16c3723945d1,resource_card,A,2026-06-01 06:00:27
i_7e72d6811ba0,c_13eeed1aefd1,resource_card,A,2026-06-01 07:04:27
i_e22c63856610,c_a0141adc3ae5,both,A,2026-06-01 08:31:02
i_776d947e11f8,c_22ca9cdba1f2,resource_card,A,2026-06-01 09:07:03
i_c8f79161701c,c_6bad0a9836d1,resource_card,A,2026-06-01 09:18:00
i_fd31d0f7328b,c_a89569a8f198,resource_card,A,2026-06-01 09:40:28
i_cf0362753ef7,c_704796e2a1a3,resource_card,A,2026-06-01 09:41:43
i_6db97fbc6439,c_7c1f7001031d,resource_card,A,2026-06-01 09:43:35
i_94c512c7f28c,c_34f12f8c94ca,resource_card,A,2026-06-01 09:56:19
i_e812deafc5e5,c_5759fafa430b,both,A,2026-06-01 09:59:48
i_5cadcb10d30d,c_8ddadc158a59,resource_card,A,2026-06-01 10:28:06
i_b66a82980cab,c_ce0b42fab710,resource_card,A,2026-06-01 10:40:52
i_f181edf0c760,c_a8343332d9b5,resource_card,A,2026-06-01 11:11:16
i_4c682b116576,c_960c8b759672,both,A,2026-06-01 12:13:22
i_19cd23599db3,c_cc9c0d71fd13,resource_card,A,2026-06-01 12:21:49
i_5515418a4d8b,c_8e22c0d7bef1,resource_card,A,2026-06-01 12:34:44
i_7e5465219508,c_3ed86b3206a5,resource_card,A,2026-06-01 12:42:19
i_f39c85e85f0d,c_6be73c612374,resource_card,A,2026-06-01 13:04:22
i_320c4076a498,c_6bff37da3e48,resource_card,A,2026-06-01 13:19:33
i_08443e84c38c,c_9127faa78ab3,resource_card,A,2026-06-01 14:15:46
i_805e5448001f,c_ae75f6158283,resource_card,A,2026-06-01 14:16:46
i_ab5d69a21df8,c_e1f83af034dc,resource_card,A,2026-06-01 14:28:33
i_418ad2570ae1,c_55ee9480b677,both,A,2026-06-01 14:33:00
i_0b452a2eb19c,c_0d9d17a32eb3,resource_card,A,2026-06-01 14:47:14
i_f9589505874c,c_551746f88596,both,A,2026-06-01 14:49:24
i_ff1e60b80ae4,c_330c5ba98312,both,A,2026-06-01 14:52:16
i_0e4b88b0b16a,c_9810e7c7b8ff,resource_card,A,2026-06-01 15:06:05
i_88713cfb0f54,c_04ca79661f8d,resource_card,A,2026-06-01 15:24:16
i_076c1d37ecd8,c_c158257e330a,resource_card,A,2026-06-01 15:35:49
i_d54058d68321,c_ed5acaa25b7a,both,A,2026-06-01 16:27:50
i_b38d0266b37d,c_b2e84a054be7,resource_card,A,2026-06-01 16:28:56
i_74d643a858b0,c_395c3cefe23c,resource_card,A,2026-06-01 16:30:08
i_af008a6edcf5,c_0312c4f93eed,resource_card,A,2026-06-01 16:36:50
i_ecdbe2ea1145,c_4c85be9522ed,resource_card,A,2026-06-01 16:39:15
i_4a1463555ef6,c_a5e47c1d0c14,resource_card,A,2026-06-01 16:43:15
i_6bcd222d9246,c_670f92f67baf,both,A,2026-06-01 16:49:04
i_2c19d8395609,c_ad854ade3b3c,both,A,2026-06-01 16:49:33
i_f085dc733fd0,c_09c094f77c2d,both,A,2026-06-01 17:08:50
i_192151b98d2a,c_234e129f1eeb,resource_card,A,2026-06-01 17:09:38
i_ef1c24fbb385,c_439e627ee209,resource_card,A,2026-06-01 17:19:46
i_c520c1d361a6,c_4a3722815d10,resource_card,A,2026-06-01 17:25:03
i_fde7be60ac0b,c_6b0bf1f188c9,resource_card,A,2026-06-01 17:26:03
i_1775ef8b4ead,c_c4bccf03df13,resource_card,A,2026-06-01 17:35:09
i_09cbc8f576fd,c_9029d3e8a78a,resource_card,A,2026-06-01 18:01:18
i_afa809adc37c,c_d778a99123c5,resource_card,A,2026-06-01 18:02:04
i_4e5faa918043,c_29ee5daf926e,both,A,2026-06-01 18:02:07
i_7f95621f5ec4,c_421d1a3f2bcb,resource_card,A,2026-06-01 18:15:37
i_2327b1f3bbf0,c_4160a6242466,resource_card,A,2026-06-01 18:20:32
i_e77d296a5728,c_8d190252cc72,both,A,2026-06-01 18:21:09
i_fb409a944dcc,c_4d8d2c5535e5,resource_card,A,2026-06-01 18:50:54
i_25d012894809,c_343359de3b94,both,A,2026-06-01 18:55:25
i_4925ae96586b,c_e5840858d130,resource_card,A,2026-06-01 19:13:33
i_be1011c63037,c_46b07d057108,both,A,2026-06-01 19:21:06
i_18d1133da862,c_3ca2a214d249,resource_card,A,2026-06-01 19:25:36
i_d356e793ab2e,c_6723ba0a8b1c,resource_card,A,2026-06-01 19:41:30
i_2268a55d7e0e,c_0b094f98e688,resource_card,A,2026-06-01 19:42:10
i_d88bfe9bc435,c_0190ce276f26,resource_card,A,2026-06-01 19:46:52
i_02ace53d73ea,c_9db8dee19f6a,resource_card,A,2026-06-01 19:52:47
i_fc1ca5ca0ca1,c_d741ba745916,resource_card,A,2026-06-01 19:59:07
i_e6afb79dcc7f,c_142ef2f065d3,resource_card,A,2026-06-01 20:09:46
i_80adda69097d,c_8ee4441937d7,both,A,2026-06-01 20:10:09
i_79d8349f299d,c_7dc1f0014fe6,both,A,2026-06-01 20:14:42
i_6acad9b908f0,c_df19a4ca6ff7,both,A,2026-06-01 20:15:18
i_cdd7c0f734f3,c_1f967180339d,resource_card,A,2026-06-01 20:18:42
i_095a0b4a87dc,c_ffe2ac38fb6f,resource_card,A,2026-06-01 20:18:54
i_777f48ff43ca,c_11f316e9ff5d,resource_card,A,2026-06-01 20:22:13
i_75e236ea48a9,c_b5c4508ed2f4,both,A,2026-06-01 20:55:10
i_9e3885a7b3f9,c_712e84cf498f,resource_card,A,2026-06-01 21:01:22
i_fb159232c8c7,c_02c716d16895,resource_card,A,2026-06-01 21:02:26
i_3611e1f89e96,c_d95de68547f3,resource_card,A,2026-06-01 21:02:56
i_0fdae63c9f98,c_6452e32e68a7,both,A,2026-06-01 21:25:31
i_c0a338da471a,c_0f285287a0c3,resource_card,A,2026-06-01 21:31:47
i_8bbadf467eb5,c_48821aa8455e,resource_card,A,2026-06-01 21:37:14
i_db5bc3471a46,c_cc97bb89ccce,resource_card,A,2026-06-01 21:38:27
i_49f1b8915103,c_4b198c5b4bea,resource_card,A,2026-06-01 21:48:13
i_8da48fd12891,c_a1f0598c1c74,resource_card,A,2026-06-01 21:49:36
i_522f5cad1170,c_5d9342a0b49a,both,A,2026-06-01 21:50:13
i_d63b1e9bd28c,c_7322ad31bef5,resource_card,A,2026-06-01 21:53:55
i_cc66e4858e3d,c_6b013a16e26f,resource_card,A,2026-06-01 22:06:57
i_c361d5a1638c,c_299ba3741d6c,both,A,2026-06-01 22:11:32
i_6176ab1d0172,c_93ac4ff0970b,resource_card,A,2026-06-01 22:11:38
i_1b0b69dd6790,c_b5a79cf00782,both,A,2026-06-01 22:30:15
i_428036cd7153,c_b835de5b615b,resource_card,A,2026-06-01 22:47:24
i_49fbc6a0a35d,c_5fe230ddaf0d,resource_card,A,2026-06-01 22:52:38
i_5070efc3cbe2,c_50f789158f1c,both,A,2026-06-01 23:03:15
i_73016f608cca,c_6aa3d8147ed6,resource_card,A,2026-06-01 23:29:45
i_d2993486cef8,c_373e44776f5b,resource_card,A,2026-06-01 23:30:50
i_4fb78a91edf5,c_1efe7e2f8518,both,A,2026-06-01 23:35:07
i_addbd916de9f,c_74d4b4518b91,both,A,2026-06-01 23:42:20
i_30e7e7cd9dd8,c_1ba51a964486,resource_card,A,2026-06-01 23:47:41
i_63b63a3099f8,c_99ed025ae9a0,both,A,2026-06-01 23:50:43
i_4bf24f67928a,c_3f50920a5e7a,both,A,2026-06-01 23:56:23
i_73a322cd3606,c_d5aeaca4d4d1,resource_card,A,2026-06-01 23:57:46
i_ded944be6213,c_fe5e149d5712,resource_card,A,2026-06-02 00:34:44
i_002ba850c1e9,c_13103ca42b61,resource_card,A,2026-06-02 02:04:33
i_3f444422c0c7,c_04af3af59a9b,both,A,2026-06-02 02:08:42
i_873575b5b08b,c_8670b72c3460,both,A,2026-06-02 03:23:40
i_5c854f5b60a8,c_294e266d3ad5,resource_card,A,2026-06-02 03:29:06
i_4457e2f9b29d,c_4b17d993a22d,both,A,2026-06-02 03:31:40
i_a9522e4a0089,c_cb68c3414dca,both,A,2026-06-02 03:40:47
i_a5381dabc10f,c_374773f6f366,both,A,2026-06-02 06:12:30
i_c133b65e6a8c,c_9addc5dda20b,both,A,2026-06-02 07:09:00
i_101b1771ea33,c_6fa64b0d921c,resource_card,A,2026-06-02 07:41:47
i_c98c228cc08a,c_c52946d89dce,resource_card,A,2026-06-02 09:10:38
i_647278ac671b,c_719bbeefd1d7,resource_card,A,2026-06-02 09:18:06
i_93872e28439a,c_0fb71c45ea35,resource_card,A,2026-06-02 09:20:31
i_0e99e8235d07,c_e9be207a809d,both,A,2026-06-02 09:23:07
i_af4a4bf77178,c_27049539e03f,resource_card,A,2026-06-02 09:32:06
i_18ef1b0b2039,c_f5107d056192,both,A,2026-06-02 09:45:42
i_c5f630a7c766,c_28fa0753d8ed,both,A,2026-06-02 09:53:52
i_2a1504f257a8,c_f3f75912645a,resource_card,A,2026-06-02 10:09:10
i_c58f4c49a241,c_412e304f0fc7,both,A,2026-06-02 10:21:50
i_e0d279d389ce,c_016064456644,resource_card,A,2026-06-02 10:38:21
i_bc6dfdef0ab2,c_6c9449fe5f16,resource_card,A,2026-06-02 10:52:58
i_ef825b4499d1,c_ee3b90f4d431,both,A,2026-06-02 11:10:49
i_79d49217f3f6,c_d4e84f21fc5c,resource_card,A,2026-06-02 11:18:47
i_26f10a26ff95,c_91e7f1ee5e4e,both,A,2026-06-02 11:44:40
i_a511ec515da4,c_334d0f5a7809,both,A,2026-06-02 12:02:47
i_6641ef83b426,c_4f2e1dffab37,resource_card,A,2026-06-02 12:06:42
i_dabb1ad5990e,c_a94f697f45dd,both,A,2026-06-02 12:15:19
i_3208680ddc6a,c_b39b09d2901e,resource_card,A,2026-06-02 12:15:56
i_7c11e150613d,c_4c33933c3590,both,A,2026-06-02 12:17:21
i_997c3043c739,c_a4391104ee03,resource_card,A,2026-06-02 12:28:19
i_713500e64278,c_d6b558e09084,resource_card,A,2026-06-02 12:48:45
i_fa641d60417b,c_874ba9904b8e,resource_card,A,2026-06-02 12:54:32
i_6c8c2e7ff133,c_3feb426fd9ec,resource_card,A,2026-06-02 13:04:53
i_f70ac0f96d5e,c_d4bd23a86cfb,both,A,2026-06-02 13:09:44
i_da9b6c341e66,c_d2ac657644c3,both,A,2026-06-02 13:31:55
i_89dfe309e1a8,c_2845614261be,both,A,2026-06-02 13:35:36
i_371749afeae8,c_e9516b961599,resource_card,A,2026-06-02 13:42:05
i_f5b002da87ef,c_9863d6b8d9ec,both,A,2026-06-02 13:42:08
i_c44d3514f259,c_9f66cdfb2637,both,A,2026-06-02 13:48:33
i_2d2a3a102a5c,c_718ebe9e8468,both,A,2026-06-02 14:03:40
i_d5d11d8afc2e,c_6bb67f12f83e,both,A,2026-06-02 14:18:34
i_7b434c79a709,c_a6567bb0d452,resource_card,A,2026-06-02 14:19:13
i_e2bef4fa01fe,c_bd8223ddaff5,both,A,2026-06-02 14:32:24
i_180c216b7ec6,c_39349c4e7eeb,resource_card,A,2026-06-02 14:32:36
i_3d7b114ae1aa,c_d70e552fc8da,resource_card,A,2026-06-02 14:49:14
i_f63302cd9c85,c_1af87361662c,resource_card,A,2026-06-02 14:50:30
i_a62792fc13d1,c_9dd506c27502,resource_card,A,2026-06-02 15:07:53
i_6e10e9225f45,c_2a284a9e38d9,both,A,2026-06-02 15:25:56
i_0c557dc38f08,c_f97c31c444fa,resource_card,A,2026-06-02 15:31:06
i_123c2bcf7d55,c_589a0d57588d,resource_card,A,2026-06-02 15:43:17
i_c3b69494a294,c_47970486f7db,both,A,2026-06-02 15:43:27
i_329a53f7fd83,c_2ae3bb848e18,resource_card,A,2026-06-02 16:22:38
i_ee28d5bc987e,c_2db87be8984c,both,A,2026-06-02 16:32:57
i_002b72211bc3,c_4a71ac012da0,both,A,2026-06-02 16:33:32
i_b5f25cd7a1e4,c_ef8374a5533a,both,A,2026-06-02 16:43:17
i_e96f782d9863,c_527249934ab3,resource_card,A,2026-06-02 16:53:34
i_5fd2c8056513,c_b8e8a7e51ea4,resource_card,A,2026-06-02 17:02:09
i_345a4f712bd9,c_e3548eba337b,both,A,2026-06-02 17:02:24
i_5827e8bd021d,c_4d14db002aea,both,A,2026-06-02 17:13:42
i_50629ed061d9,c_d3cca7ddbe87,resource_card,A,2026-06-02 17:15:09
i_9301e0b715d3,c_89201f35611c,resource_card,A,2026-06-02 17:28:53
i_8990af33716f,c_0f49a9b692ab,resource_card,A,2026-06-02 17:29:15
i_e6ff179ccac0,c_f36b0b3a71fa,both,A,2026-06-02 17:53:38
i_af7230af5cf1,c_083b9f545501,both,A,2026-06-02 17:58:28
i_319952351d06,c_c96d7e259e4a,resource_card,A,2026-06-02 18:00:16
i_4f106d22f673,c_c4fd596a58a7,resource_card,A,2026-06-02 18:01:34
i_bcdc326433af,c_b85abd2978db,resource_card,A,2026-06-02 18:28:01
i_144c157a518b,c_190d8eba5bb8,both,A,2026-06-02 18:34:24
i_590d6377c4e8,c_6ccfef4784b0,resource_card,A,2026-06-02 18:34:37
i_440ddc7d06e1,c_983e8e4be11a,resource_card,A,2026-06-02 18:37:42
i_b8ff20a85c0f,c_acb79bfe0af0,both,A,2026-06-02 18:54:23
i_0fc2d1292b61,c_91e75e0bfe82,resource_card,A,2026-06-02 19:09:38
i_a10a96e80eee,c_d83e9f377b9d,resource_card,A,2026-06-02 19:25:54
i_a91fff734cc9,c_b1cbd7645d65,resource_card,A,2026-06-02 19:27:48
i_c945a5c12ec0,c_bdf7510c812d,resource_card,A,2026-06-02 19:28:01
i_f05049631810,c_6815fd00b0de,both,A,2026-06-02 19:30:53
i_aa9e3e6792b1,c_37567fea27a9,resource_card,A,2026-06-02 19:32:21
i_6962ec5a1f25,c_3c6c29869a89,resource_card,A,2026-06-02 19:35:36
i_f9dbee067a5c,c_65ae23410120,resource_card,A,2026-06-02 19:41:27
i_89237b46e58a,c_e111ee158b99,resource_card,A,2026-06-02 19:49:33
i_b92910a52420,c_65b77c30e1f4,resource_card,A,2026-06-02 19:50:00
i_18743c49e7d1,c_b5a7ea86b1be,resource_card,A,2026-06-02 19:56:03
i_138055ef0f8b,c_7bbf26a052b9,resource_card,A,2026-06-02 20:10:39
i_b52e4e6d7ddd,c_b3ef0cc51687,both,A,2026-06-02 20:16:11
i_e7d2304b9921,c_3f7fae178924,resource_card,A,2026-06-02 20:24:26
i_ca89a9743e0f,c_57e8cb087559,resource_card,A,2026-06-02 20:41:19
i_3c803f23e080,c_450e42f7a373,both,A,2026-06-02 21:00:04
i_4748828cd542,c_ea5a5e4102e7,both,A,2026-06-02 21:00:43
i_05f9b4b2115f,c_b3e395244878,both,A,2026-06-02 21:02:22
i_b50e5798ce49,c_1472c433dd10,resource_card,A,2026-06-02 21:09:22
i_71c4bda8015c,c_d221d0e053ab,resource_card,A,2026-06-02 21:13:38
i_ad59988f5b41,c_3fb2b7fff419,both,A,2026-06-02 21:57:42
i_c23294a6961f,c_85990a6a9806,resource_card,A,2026-06-02 22:03:29
i_be95bc157705,c_9a1a5a3bf646,resource_card,A,2026-06-02 22:09:34
i_d032856f33a0,c_a70ca0d3e2c1,resource_card,A,2026-06-02 22:12:35
i_1103bfea0121,c_31a8202634e9,resource_card,A,2026-06-02 22:23:21
i_a0138e351635,c_c16704c982d9,resource_card,A,2026-06-02 22:24:57
i_174152922635,c_08a7d03bc8cc,resource_card,A,2026-06-02 22:39:46
i_e0e00258930d,c_0599a5d5af74,both,A,2026-06-02 22:52:56
i_da65de508a0c,c_77e4294ec639,resource_card,A,2026-06-02 23:15:16
i_4e9dbe67dc7a,c_6f66c2b03d30,resource_card,A,2026-06-02 23:20:30
i_e57fb7565240,c_495bb6dc6605,resource_card,A,2026-06-02 23:26:08
i_d3c3c82e82a1,c_a930873184da,resource_card,A,2026-06-02 23:59:56
i_60d8c22813cf,c_8e1a3cbff50b,resource_card,A,2026-06-03 00:03:41
i_ce14b0e9d1be,c_5a43238e4a29,resource_card,A,2026-06-03 01:06:15
i_0b8769bc02ee,c_d085877948ae,both,A,2026-06-03 01:30:28
i_f587c9795f6f,c_be7aae696f50,both,A,2026-06-03 01:31:20
i_13b18c57b4f8,c_9f7beb1f1541,both,A,2026-06-03 02:36:23
i_a1986da748e2,c_baa32ae53171,both,A,2026-06-03 03:11:36
i_fdf395882ff4,c_761afeb77862,resource_card,A,2026-06-03 03:29:33
i_b1ac009dbfbc,c_e432543485bf,resource_card,A,2026-06-03 04:07:40
i_1b26167412a3,c_6e318d8c53ea,resource_card,A,2026-06-03 04:36:32
i_62bea4021dd5,c_00319a964ecd,resource_card,A,2026-06-03 05:03:11
i_0ee4ae5a4d88,c_6b2641d6966f,resource_card,A,2026-06-03 05:46:48
i_23eefe649bb2,c_42597b2980f5,both,A,2026-06-03 06:22:42
i_363ace337c2e,c_208200b2c207,resource_card,A,2026-06-03 06:52:21
i_e71458352b0a,c_b79029c42fd7,both,A,2026-06-03 06:52:51
i_f034fa24e9df,c_9c910074b2df,both,A,2026-06-03 07:21:57
i_734f5f096ca3,c_d4da4a225b3a,resource_card,A,2026-06-03 07:31:47
i_76679fcc2561,c_05cb86f60844,resource_card,A,2026-06-03 07:44:50
i_3dda42e1bbaa,c_db684c0372e1,resource_card,A,2026-06-03 08:07:45
i_900f4b7475bb,c_abb343bdee6b,both,A,2026-06-03 08:51:08
i_d4ff052c67d8,c_7bb5601a7c56,resource_card,A,2026-06-03 09:01:56
i_2611ceaa5d1d,c_769869f24b8f,resource_card,A,2026-06-03 09:08:11
i_9c9fdb01d774,c_f4fc68b94b10,both,A,2026-06-03 09:10:35
i_465ede900d9b,c_caebfb7318da,both,A,2026-06-03 09:14:00
i_76a6e2c9b8f9,c_eb39b9a355f8,resource_card,A,2026-06-03 09:23:31
i_46b2db52c860,c_bc5f487f9dd1,resource_card,A,2026-06-03 09:28:11
i_b079924535a6,c_a3745b373b89,resource_card,A,2026-06-03 09:33:12
i_1a849d2b641e,c_7e1d54f41136,resource_card,A,2026-06-03 09:34:06
i_9f8389d1156d,c_9e762b92c698,resource_card,A,2026-06-03 09:40:21
i_537cfa1ef239,c_76e8a9da6313,resource_card,A,2026-06-03 09:42:36
i_0bed649274d9,c_dafc87d9bcd4,resource_card,A,2026-06-03 09:55:21
i_287d45e34fb0,c_21fd92997a61,both,A,2026-06-03 10:04:13
i_36c4ea58a016,c_875d8e4b7917,resource_card,A,2026-06-03 10:07:48
i_f63bb569f9a3,c_b57174208713,resource_card,A,2026-06-03 10:16:47
i_f0d2ba9d5ca7,c_6c4b9df7e09d,resource_card,A,2026-06-03 10:23:39
i_b505603eaf5f,c_d6c16ee763d6,both,A,2026-06-03 10:28:57
i_468f4b5da19c,c_16144af2f832,resource_card,A,2026-06-03 10:56:28
i_c09c7bbbdd43,c_82d0e52323a1,resource_card,A,2026-06-03 11:19:53
i_f6286d673052,c_ec3f7c521022,both,A,2026-06-03 11:25:47
i_41d238e28200,c_c650a37c3f45,resource_card,A,2026-06-03 11:28:08
i_9e1bdde2dda4,c_f4df2007dabc,both,A,2026-06-03 11:42:59
i_6a77e3da22c0,c_1dc0ebb16708,both,A,2026-06-03 12:20:06
i_d5705c028d3e,c_a238066406a0,resource_card,A,2026-06-03 12:43:10
i_9f7682c66b25,c_24006af03882,resource_card,A,2026-06-03 12:48:09
i_5f47a7fb3a11,c_28144080846e,resource_card,A,2026-06-03 12:56:28
i_966cc08d7796,c_ccda02df0858,resource_card,A,2026-06-03 13:10:57
i_1bd82959e090,c_6157e4c46f08,resource_card,A,2026-06-03 13:20:53
i_757ea8392c91,c_383673745196,resource_card,A,2026-06-03 13:40:20
i_fc30a2fc3db5,c_ce87ee3a8bdd,resource_card,A,2026-06-03 13:40:40
i_0e0f43e401c5,c_228ddf397ee7,both,A,2026-06-03 13:53:24
i_98914248f3ea,c_883055a62000,resource_card,A,2026-06-03 14:02:37
i_a406f20bc9cd,c_1799b32d192d,resource_card,A,2026-06-03 14:12:53
i_025e2e802e0e,c_7210e72ac541,resource_card,A,2026-06-03 14:22:23
i_6b0193e52705,c_59935873f5bf,resource_card,A,2026-06-03 14:33:26
i_7870f5ee25ac,c_52b4e607e956,resource_card,A,2026-06-03 14:47:50
i_8358988dc0bd,c_b9614189957e,resource_card,A,2026-06-03 14:48:15
i_7fef90c86d90,c_960b5cc3818a,resource_card,A,2026-06-03 15:03:21
i_861562d5dcd1,c_28d30a125aac,resource_card,A,2026-06-03 15:14:38
i_24c9e7e1987f,c_efdb5cc374a4,resource_card,A,2026-06-03 15:14:40
i_2c4a8ebb1a16,c_adce724d2830,both,A,2026-06-03 15:22:41
i_6e1dc13c728d,c_18bcb60ade5f,resource_card,A,2026-06-03 15:28:15
i_865e098a0893,c_9a686821e783,resource_card,A,2026-06-03 15:42:13
i_7f95403f5470,c_7dd2c9610ab0,resource_card,A,2026-06-03 15:46:10
i_74a14140b6c3,c_a6256f390a53,resource_card,A,2026-06-03 15:47:26
i_8b2a9e7b6b9d,c_926c44176bb2,both,A,2026-06-03 16:32:37
i_2b292211c493,c_5125aaa82638,resource_card,A,2026-06-03 16:34:09
i_8caef6393afe,c_83b249d88626,resource_card,A,2026-06-03 16:40:50
i_192272384472,c_1a357fe6a094,resource_card,A,2026-06-03 17:02:38
i_9f2869a66f01,c_cfb4bed31f29,resource_card,A,2026-06-03 17:55:19
i_88d32b56068c,c_02d193ccf615,resource_card,A,2026-06-03 18:03:49
i_7200fdaf941c,c_85a4452e51d6,resource_card,A,2026-06-03 18:13:16
i_c39543b86d00,c_4788e0c138b9,resource_card,A,2026-06-03 18:20:52
i_9172df715449,c_014f88bd20e7,both,A,2026-06-03 18:30:56
i_2843ae6e0bb6,c_3a4c0ce097f9,resource_card,A,2026-06-03 18:42:48
i_7c54aac27d16,c_fcd2dcced5d4,resource_card,A,2026-06-03 18:45:43
i_3a3846229356,c_af32e1045d7b,both,A,2026-06-03 19:03:43
i_17e222eef082,c_ceb89b5dbdb6,resource_card,A,2026-06-03 19:10:56
i_be5925137c55,c_54fbe708967b,resource_card,A,2026-06-03 19:19:58
i_337287dd4e4d,c_f0d46999a3d7,both,A,2026-06-03 19:29:12
i_5bbf0675bf44,c_bef7c3375a15,resource_card,A,2026-06-03 19:34:43
i_a016f1dcbbae,c_3ff5ade00b01,resource_card,A,2026-06-03 19:41:09
i_0a2f7f5f195d,c_56e2d445e55f,both,A,2026-06-03 19:54:56
i_170dc15732c3,c_d0ad7eb05c35,resource_card,A,2026-06-03 20:04:28
i_df2c6b69c63b,c_bed7573f316e,resource_card,A,2026-06-03 20:04:59
i_dc15c5710876,c_1c017bb7f44e,both,A,2026-06-03 20:07:02
i_8199dd5aa21d,c_2fecd399a61b,both,A,2026-06-03 20:21:24
i_f2004986c81f,c_85d1907e2502,resource_card,A,2026-06-03 20:22:03
i_54082215f017,c_2e0e4a6874d4,resource_card,A,2026-06-03 20:32:06
i_69652b240e7f,c_571186ecc41b,resource_card,A,2026-06-03 20:42:14
i_b9a5b7978d6c,c_ed913cacbe9d,resource_card,A,2026-06-03 20:47:41
i_f82bebab2bdb,c_119de6457ae4,resource_card,A,2026-06-03 20:51:21
i_4b6b08ca3a3f,c_71a0b1a713b6,resource_card,A,2026-06-03 20:54:55
i_72e049f23840,c_a5f5290e7aa4,resource_card,A,2026-06-03 21:03:34
i_595f1237c928,c_386bfdd6a865,resource_card,A,2026-06-03 21:23:35
i_83550d6a31e4,c_1327d1fa028f,both,A,2026-06-03 21:26:50
i_e8992096e340,c_a5700cb8b995,resource_card,A,2026-06-03 21:28:18
i_90d8f59ce72f,c_00cccaf32f95,both,A,2026-06-03 21:32:17
i_ab02892f8791,c_3fa4717a7b85,resource_card,A,2026-06-03 21:46:31
i_2117e9e30f7e,c_84fcbeca0a4c,both,A,2026-06-03 21:47:24
i_b922b4948981,c_52e95b19d4af,resource_card,A,2026-06-03 21:51:27
i_2b538c4a5910,c_2348a9381164,resource_card,A,2026-06-03 21:59:55
i_c7a00afad3c6,c_f855578de2cc,resource_card,A,2026-06-03 22:17:55
i_ccbb17e33ec6,c_a87e031a1837,resource_card,A,2026-06-03 22:40:46
i_0d14ddb1a484,c_fc17b2aed84f,resource_card,A,2026-06-03 22:46:59
i_7cc28d372c71,c_e682642e39ec,both,A,2026-06-03 22:50:02
i_018e71f70299,c_9012e5c62612,resource_card,A,2026-06-03 22:52:18
i_2c0bc7ff52fb,c_45d97ed3382d,resource_card,A,2026-06-03 23:06:37
i_1d25c16c0f18,c_db419e395c44,resource_card,A,2026-06-03 23:19:22
i_49f8ede89193,c_46f003a9dbf8,resource_card,A,2026-06-04 00:03:09
i_29ab176a6748,c_561d5dbe4892,both,A,2026-06-04 00:55:44
i_d508266fe859,c_2c472bdd8813,both,A,2026-06-04 01:10:22
i_7830c911a18c,c_61a77b0a15dc,resource_card,A,2026-06-04 01:44:47
i_2da43913603e,c_b89ec6796d37,resource_card,A,2026-06-04 02:43:27
i_7a0ade4a5f72,c_e2a5a1dc598d,resource_card,A,2026-06-04 02:54:49
i_477834118c22,c_27886c26bf7e,resource_card,A,2026-06-04 05:21:14
i_da9a5be1c9ed,c_b9f9fa62f629,resource_card,A,2026-06-04 05:27:34
i_c03e6409f736,c_33336475b699,both,A,2026-06-04 05:28:39
i_73b9cf6edd41,c_ca67b7157e05,resource_card,A,2026-06-04 07:45:07
i_20e65794c680,c_bdab87b89783,resource_card,A,2026-06-04 08:10:55
i_3f0f734deb47,c_826c43eac91d,resource_card,A,2026-06-04 08:39:19
i_79c5101c2ba1,c_b8b77d3cf7c9,both,A,2026-06-04 08:55:33
i_b74daf159800,c_6d45620ce7b1,resource_card,A,2026-06-04 09:23:06
i_b68b817f1884,c_eb9ba2d3e686,both,A,2026-06-04 09:47:14
i_e8fd7dd03ae3,c_1f44f8307de6,resource_card,A,2026-06-04 09:55:26
i_3edd69e14c54,c_777b2af8d14c,resource_card,A,2026-06-04 09:59:11
i_ba99c775375a,c_7be47804f233,resource_card,A,2026-06-04 10:01:44
i_0207b7b950e4,c_f4002e60a620,resource_card,A,2026-06-04 10:36:17
i_a878b75a22ab,c_3a283051611c,both,A,2026-06-04 10:40:02
i_13b4ffd3ef29,c_09fd323e8d47,resource_card,A,2026-06-04 11:00:25
i_8f7f7d1b5e89,c_e12ebaaf82e4,both,A,2026-06-04 11:10:38
i_b1d3bff6e419,c_3086102227ce,resource_card,A,2026-06-04 11:29:38
i_ce5c99187a2b,c_ec46d21389df,resource_card,A,2026-06-04 11:34:48
i_efa21730fb73,c_baac245b030f,resource_card,A,2026-06-04 11:38:45
i_af8e0b5a8151,c_d92a0d61838d,resource_card,A,2026-06-04 11:40:37
i_4a20e73b9609,c_a68b636fe3f9,both,A,2026-06-04 11:49:35
i_1b6852184289,c_7ed7bf82f141,resource_card,A,2026-06-04 12:13:23
i_681dd08c75b9,c_de961cc753b8,resource_card,A,2026-06-04 12:20:55
i_690f170f4a23,c_d051d3a84ac0,both,A,2026-06-04 12:27:27
i_a8dc43920d54,c_905e0c03a59e,both,A,2026-06-04 12:35:29
i_c55657df4499,c_a4ebb2935953,resource_card,A,2026-06-04 12:44:46
i_099a0d29459c,c_efd2450b51b4,both,A,2026-06-04 12:46:10
i_16ec5aef34cf,c_5c87139a1ac1,both,A,2026-06-04 12:55:02
i_a6a2b6d9a7f8,c_4865cac1c773,resource_card,A,2026-06-04 12:55:26
i_58c5a98620da,c_81db9fd35b34,resource_card,A,2026-06-04 12:56:40
i_0a2f9057a918,c_9a4e712c8563,both,A,2026-06-04 13:02:59
i_0e298235ef19,c_388f36e0cf4b,both,A,2026-06-04 13:13:32
i_ef6f97e0aa41,c_33e0f3ced02e,resource_card,A,2026-06-04 13:24:57
i_407cd86124ea,c_27859b00dbdb,resource_card,A,2026-06-04 13:35:43
i_5c52cb65b29d,c_1ddb31fb2e63,resource_card,A,2026-06-04 13:39:20
i_ba499bf2845e,c_7acdfec738e6,both,A,2026-06-04 13:39:58
i_4460f210b1b2,c_0cd58102ead8,resource_card,A,2026-06-04 13:52:13
i_31da2dfefc70,c_aaf72b3e5798,resource_card,A,2026-06-04 14:38:33
i_a21a193f2879,c_72a22032edab,resource_card,A,2026-06-04 14:51:18
i_d8e04e2fe402,c_56e7b262faa5,resource_card,A,2026-06-04 14:52:41
i_fae192a643d3,c_ea56c58de945,resource_card,A,2026-06-04 15:29:41
i_31a651ec2bf3,c_636bafbeaf7d,resource_card,A,2026-06-04 15:33:04
i_a45ac0576af4,c_e942f085af7c,both,A,2026-06-04 15:35:05
i_e10c558c0ea1,c_90a9861fb938,both,A,2026-06-04 15:42:37
i_fd56fa89d74a,c_aaf36fc7b039,resource_card,A,2026-06-04 15:42:44
i_a72d42b530b6,c_790ec30c77ff,resource_card,A,2026-06-04 15:49:46
i_0a31ccd9d08f,c_b817f62c7e8b,both,A,2026-06-04 16:03:36
i_41109bb8fa8e,c_bd144fa368f1,both,A,2026-06-04 16:11:35
i_21ab26f0479d,c_4187e407c8d0,resource_card,A,2026-06-04 16:54:31
i_b54f04ce381f,c_7ffd3f1ea270,resource_card,A,2026-06-04 17:22:24
i_3c1f13022034,c_5bf97b477153,resource_card,A,2026-06-04 17:22:34
i_c3df72d10001,c_0d2077305748,both,A,2026-06-04 17:26:13
i_83e09b10db76,c_250a3dd94202,resource_card,A,2026-06-04 17:31:51
i_9850a7d5a6ca,c_1be853dc28e0,both,A,2026-06-04 17:41:11
i_57d3de949788,c_377f9595da14,both,A,2026-06-04 18:00:38
i_3f861e9bebd8,c_ef3acc99ad1a,resource_card,A,2026-06-04 18:53:22
i_5a4f9cf18c57,c_99b33eb457bc,resource_card,A,2026-06-04 18:53:31
i_bc990a57e531,c_c5bcf8bf5efa,resource_card,A,2026-06-04 19:09:15
i_e8e305671e30,c_6ac2db33e1e1,resource_card,A,2026-06-04 19:11:04
i_865a2f8201ab,c_1bfb4c8f26ce,both,A,2026-06-04 19:13:26
i_749305b0c3e2,c_7146938f399e,resource_card,A,2026-06-04 19:35:59
i_59579b111cca,c_ca1bb499cb0b,resource_card,A,2026-06-04 19:43:43
i_4171c7b1dc87,c_465bb1dd3777,resource_card,A,2026-06-04 19:46:31
i_5d7cb29da3d0,c_934fe98a3cac,both,A,2026-06-04 19:51:04
i_e4b837b8b9f6,c_9640ab2f32ea,both,A,2026-06-04 19:57:08
i_47d43f2b0128,c_fe748958fd3a,resource_card,A,2026-06-04 20:05:11
i_b304e1abae45,c_7eb628162ab8,both,A,2026-06-04 20:17:26
i_f9d6eae904ed,c_73778ed2b15a,both,A,2026-06-04 20:20:27
i_36bdb2aa9777,c_9165d87c8e81,both,A,2026-06-04 20:36:14
i_d5d6a2ba1aa0,c_52aff291384f,both,A,2026-06-04 20:50:38
i_bf4604d2d73a,c_15e8c3e3e6ed,both,A,2026-06-04 20:54:26
i_e82e2dfe1887,c_549a44ad6932,resource_card,A,2026-06-04 20:59:32
i_943ced3e5738,c_2f323d185199,both,A,2026-06-04 21:30:08
i_ec388b33788a,c_9329599625db,resource_card,A,2026-06-04 21:38:04
i_c1d299d61238,c_7708e4828500,both,A,2026-06-04 21:39:18
i_984594893b0e,c_9d2cdc3088df,both,A,2026-06-04 21:39:49
i_8b6f1cd07a8b,c_9ef53a3395e9,resource_card,A,2026-06-04 21:50:29
i_e8a86b4dffdc,c_6651c454bbee,resource_card,A,2026-06-04 21:56:31
i_eadee3f0a6c0,c_773a0ee715d9,resource_card,A,2026-06-04 22:00:41
i_de868152d4eb,c_1aec0ccfe528,both,A,2026-06-04 22:01:09
i_fd4775ef1c33,c_5336714b105c,resource_card,A,2026-06-04 22:16:57
i_caa4191d3a13,c_b034da3042a7,resource_card,A,2026-06-04 22:24:07
i_9b067ca4dac8,c_48fb619f2805,both,A,2026-06-04 22:47:27
i_1554c9a971ed,c_f3dcbc4533dd,both,A,2026-06-04 23:30:25
i_944e68d7d336,c_3d30d58da066,resource_card,A,2026-06-04 23:51:34
i_70bd6e5f122d,c_2d85a0505292,resource_card,A,2026-06-04 23:51:55
i_362e03725980,c_846d9a8493b7,both,A,2026-06-04 23:59:21
i_693c7baf1a7a,c_cc4620b422c1,resource_card,A,2026-06-05 00:27:21
i_20d5e08b4695,c_d3e8b11fbf21,resource_card,A,2026-06-05 00:28:49
i_d38e442dffb2,c_66ea7eacd625,resource_card,A,2026-06-05 00:53:36
i_31a344f10fb6,c_466e1828c272,resource_card,A,2026-06-05 01:00:05
i_5a44d2bf20ca,c_37a7a1483556,resource_card,A,2026-06-05 01:57:59
i_0be8a1d79cc3,c_1b8a5728e2c2,both,A,2026-06-05 02:22:04
i_3e444af9da11,c_25d5c70d1ee0,both,A,2026-06-05 06:28:48
i_302664243f23,c_131634540152,resource_card,A,2026-06-05 07:02:30
i_e8fa8a694d95,c_19a9685ae6d6,resource_card,A,2026-06-05 07:03:49
i_33f9428c0a63,c_ee4d40d76152,resource_card,A,2026-06-05 07:07:10
i_a23cd9844e89,c_6ede9039561a,resource_card,A,2026-06-05 07:13:53
i_e50b33476cf3,c_77a0b04ab4e9,resource_card,A,2026-06-05 07:49:58
i_100f823aab65,c_72ba4b6856b7,resource_card,A,2026-06-05 08:05:46
i_97bd374202af,c_29f71ab04de7,resource_card,A,2026-06-05 08:12:42
i_d4036e227c83,c_2f12b5a08921,resource_card,A,2026-06-05 08:37:03
i_09d3d0b99e56,c_d6cd31ed84de,resource_card,A,2026-06-05 08:47:44
i_8837ccfc6d03,c_694a403e3581,resource_card,A,2026-06-05 08:50:34
i_7472d53f9da3,c_112f94300cee,resource_card,A,2026-06-05 09:02:46
i_c7d756a2567a,c_cc21f8dcc4f5,resource_card,A,2026-06-05 09:26:40
i_6194862a90d7,c_8eb6fe81dedd,resource_card,A,2026-06-05 09:41:52
i_7c75a3595855,c_686d0030de70,both,A,2026-06-05 10:20:53
i_1ff8dab28b60,c_5280431db11c,resource_card,A,2026-06-05 10:27:42
i_c4abb8af3368,c_79f1308ab174,both,A,2026-06-05 10:37:55
i_066bbb1ff8f4,c_aba210e3042e,both,A,2026-06-05 10:49:30
i_41d21abe16a5,c_3827f89e80f7,resource_card,A,2026-06-05 10:49:41
i_bfed9b5e77fc,c_43d8be349b41,resource_card,A,2026-06-05 11:00:00
i_2c4e64d2be6a,c_5aacac9feca4,resource_card,A,2026-06-05 11:05:27
i_2de2940f36fe,c_ef5a2f1385f5,resource_card,A,2026-06-05 11:07:17
i_8f46187874bf,c_25100b3aead5,both,A,2026-06-05 11:12:45
i_3c22cc436f64,c_a1ab4df16d25,both,A,2026-06-05 11:15:33
i_ee3de9d63fb0,c_2ae0546cd86d,both,A,2026-06-05 12:00:19
i_782f87eed558,c_a8695e6da727,resource_card,A,2026-06-05 12:08:03
i_31ca69bc71cf,c_f0a730642817,both,A,2026-06-05 12:27:31
i_61a8b4f40f8e,c_0a197ae7a0f1,resource_card,A,2026-06-05 12:36:31
i_af9a3b363dd4,c_e820552209c0,both,A,2026-06-05 12:45:42
i_b97c48043a8b,c_d7e43237e2ec,resource_card,A,2026-06-05 12:50:51
i_5f41b3373121,c_6d7a5976fd58,resource_card,A,2026-06-05 12:53:43
i_07c64524eee9,c_6ec44d4b3231,resource_card,A,2026-06-05 13:18:31
i_72022850ca1a,c_5ce42688c734,both,A,2026-06-05 13:26:31
i_779c688b3ff2,c_b9b4ef906bc1,both,A,2026-06-05 13:34:32
i_f28d412a90df,c_e314c470a7ec,resource_card,A,2026-06-05 14:05:20
i_144ee524f3ef,c_f4f0176d0999,both,A,2026-06-05 14:09:06
i_401977d599d2,c_3e2a60e0d21b,both,A,2026-06-05 14:10:06
i_62dc66a8865f,c_e4c830191047,resource_card,A,2026-06-05 14:20:54
i_dd4734ff2db6,c_e05b9f8a5f09,resource_card,A,2026-06-05 14:29:44
i_b09f699138e5,c_9723b278f3dc,resource_card,A,2026-06-05 14:30:33
i_e0bb0e6173c0,c_fc4e1a2636be,both,A,2026-06-05 14:37:52
i_18d0627bee1f,c_9baa7fd45710,resource_card,A,2026-06-05 14:46:51
i_c362bd8e33bc,c_3a77d23c46ec,both,A,2026-06-05 14:50:12
i_d74a21fca285,c_be5f5f91b764,resource_card,A,2026-06-05 14:54:03
i_579f99fdc41a,c_59fb35893019,resource_card,A,2026-06-05 15:26:22
i_4cc750f6d6a8,c_caf68bec5f9c,resource_card,A,2026-06-05 15:35:23
i_0f86171de208,c_7ff1ed51a1f8,both,A,2026-06-05 15:53:04
i_202a6dde3dd5,c_d12a8996aa54,resource_card,A,2026-06-05 15:54:00
i_d7c9d3946671,c_7e34f46abfe8,resource_card,A,2026-06-05 16:08:58
i_4543008f5464,c_f0ecdcfded14,resource_card,A,2026-06-05 16:21:05
i_902f59bd40cb,c_aa6a3b04efbe,resource_card,A,2026-06-05 16:22:46
i_6218c1822d62,c_3ec508c562f3,resource_card,A,2026-06-05 16:23:49
i_84efb5c7bcd6,c_cd2462996a45,resource_card,A,2026-06-05 16:34:35
i_68f23e3b5afe,c_84ebd33c1d52,resource_card,A,2026-06-05 16:43:46
i_cc459606e346,c_03bb8b81da71,both,A,2026-06-05 16:44:13
i_6c7e72e0bbc3,c_e03a7d169398,both,A,2026-06-05 16:45:46
i_8168574bd9f7,c_351b10f6e039,both,A,2026-06-05 16:52:31
i_1b74949f4402,c_1bd2aa5f87d7,resource_card,A,2026-06-05 17:09:07
i_43f22760ec76,c_d1a0a296d9a4,both,A,2026-06-05 17:10:49
i_9b5bcbdb82a2,c_bee07f799d54,resource_card,A,2026-06-05 17:12:09
i_24abe986a14d,c_ed8018c53a11,resource_card,A,2026-06-05 17:16:26
i_b6d91f6c603f,c_9e9183bc5c64,both,A,2026-06-05 17:17:46
i_404287e9ddd3,c_b34306b4ff2d,resource_card,A,2026-06-05 17:19:37
i_b5cd2973c363,c_0a4bc5445db1,resource_card,A,2026-06-05 17:36:35
i_82eb9dc4765c,c_8d3fa5cdea26,resource_card,A,2026-06-05 17:38:12
i_eab42acc4acd,c_089961817ed4,resource_card,A,2026-06-05 17:45:42
i_237471b2a61c,c_7ad89ba60b70,resource_card,A,2026-06-05 17:57:30
i_48dcd4279005,c_9a7262faf84d,both,A,2026-06-05 18:22:02
i_686edebc4c30,c_8fd40f68f039,resource_card,A,2026-06-05 18:22:46
i_d6f752b8cea3,c_6fd5da9906c9,resource_card,A,2026-06-05 18:30:27
i_e9e155441c2f,c_bb5ef5165f2e,resource_card,A,2026-06-05 18:32:25
i_cbdf2322a527,c_9674b43885af,resource_card,A,2026-06-05 18:40:32
i_17fc281dc34a,c_621f9b059925,resource_card,A,2026-06-05 18:49:17
i_74b60f288b1e,c_e02e1aad54c2,resource_card,A,2026-06-05 19:02:08
i_8254d348f609,c_90715437e7f8,both,A,2026-06-05 19:03:52
i_f878c2313073,c_a04d91c43af3,resource_card,A,2026-06-05 19:06:49
i_62b8574eaaf1,c_80e6bf18c8e3,resource_card,A,2026-06-05 19:31:37
i_1f15f42fc9de,c_200bff739086,resource_card,A,2026-06-05 19:32:54
i_4cc403680816,c_88c1aed24183,resource_card,A,2026-06-05 19:42:38
i_af831a94a261,c_44d912c1a334,both,A,2026-06-05 19:48:01
i_649ca7aca5a3,c_6646b016f249,resource_card,A,2026-06-05 19:48:49
i_7b9217744956,c_0998c9e9bef6,resource_card,A,2026-06-05 19:50:19
i_5927598d3273,c_6e59d5ca2f9f,resource_card,A,2026-06-05 19:53:24
i_e23133938ad1,c_e99e6de7f824,resource_card,A,2026-06-05 19:54:42
i_fc656a5feb4a,c_56a250d8a5c5,resource_card,A,2026-06-05 20:03:15
i_e9716d73449f,c_62dbfd27d18a,both,A,2026-06-05 20:20:33
i_f6ff499b2278,c_60b4e1dbb42e,resource_card,A,2026-06-05 20:23:20
i_0b546772487c,c_7ccc614ce686,resource_card,A,2026-06-05 20:24:23
i_a46a6a6f9256,c_9092612d86cc,resource_card,A,2026-06-05 20:38:04
i_1c921dca0514,c_78ac661b0ef6,resource_card,A,2026-06-05 20:51:23
i_6711f57cae6a,c_aa1b17656026,resource_card,A,2026-06-05 20:54:33
i_b168b84d2aa2,c_b8ab7dd5a361,resource_card,A,2026-06-05 21:16:03
i_00528912b8b1,c_e6ab206b5907,both,A,2026-06-05 21:32:51
i_0f7ed369af86,c_d4d785ef5fc7,both,A,2026-06-05 21:38:06
i_59b6f0909a37,c_92430a3ea23f,both,A,2026-06-05 21:38:12
i_b63d0ed0a19a,c_a0568affeda4,both,A,2026-06-05 21:39:46
i_62f1871f085c,c_ecff121fb246,resource_card,A,2026-06-05 21:54:25
i_3e2cf773eb7d,c_8f6d6f049766,resource_card,A,2026-06-05 22:03:25
i_c1372176ada4,c_92c6f88902d8,resource_card,A,2026-06-05 22:11:14
i_045b37417b11,c_f17835811dfa,resource_card,A,2026-06-05 23:20:41
i_bac29a25f4de,c_6a143685a180,both,A,2026-06-05 23:35:38
i_86445401a1c4,c_9aefc596e515,resource_card,A,2026-06-05 23:36:47
i_3584cd45f0c1,c_38aa649df179,resource_card,A,2026-06-05 23:43:34
i_6b1029b3a9ba,c_4770de880272,both,A,2026-06-05 23:51:41
i_a22bc3387cd1,c_e448504c8da4,resource_card,A,2026-06-05 23:54:01
i_a29c01f3dcc5,c_70e15ce7b3bd,resource_card,A,2026-06-06 00:06:54
i_a37067cfba89,c_447ae5657fb0,resource_card,A,2026-06-06 00:15:38
i_22b83ddda05b,c_5d8bbe19ab48,both,A,2026-06-06 00:39:10
i_ca12623f04fd,c_d9a0f9d3dd7c,both,A,2026-06-06 00:52:05
i_bb506cc432b5,c_6422bf61a8b9,both,A,2026-06-06 00:57:23
i_0bd617a61644,c_3b505832a8c6,resource_card,A,2026-06-06 01:17:18
i_ffe6e4383b93,c_784f3a1b989d,both,A,2026-06-06 06:59:25
i_683f35a5a4eb,c_41f8de03ba35,resource_card,A,2026-06-06 07:19:23
i_d90087ce27bb,c_aede9f54b517,resource_card,A,2026-06-06 08:09:55
i_759c17446cea,c_19cb72b2114f,both,A,2026-06-06 08:41:45
i_0c5652667051,c_bfc39db3f40b,resource_card,A,2026-06-06 09:26:10
i_b3010a8e365b,c_9d68b8f670ae,both,A,2026-06-06 09:28:01
i_7b0e8cc6c24e,c_061cfd570120,resource_card,A,2026-06-06 09:46:01
i_b5109dcbcea7,c_52718710cd5c,both,A,2026-06-06 09:46:18
i_a37d4eb7ca63,c_080a028f45ca,both,A,2026-06-06 10:00:46
i_5df0053059b9,c_ffdb6bf01fef,resource_card,A,2026-06-06 10:13:57
i_7fbbde0c4771,c_ee0c242165f6,resource_card,A,2026-06-06 10:22:35
i_11ae0cba296a,c_96c413799dc0,resource_card,A,2026-06-06 10:32:10
i_1a669af34d3f,c_9f6fc16403a7,resource_card,A,2026-06-06 10:47:34
i_b74cdce3bc0b,c_de4fc7517eda,resource_card,A,2026-06-06 11:14:11
i_36d958205483,c_ca19daad8a65,resource_card,A,2026-06-06 11:39:27
i_5f4020a3fc81,c_fe4529d82425,both,A,2026-06-06 11:48:45
i_421c2de88ae7,c_dc7983b1e8a7,resource_card,A,2026-06-06 11:53:09
i_d247c844807b,c_89cbc1027948,resource_card,A,2026-06-06 11:56:26
i_b08dd4804f6d,c_65e12fb18ae9,both,A,2026-06-06 12:53:14
i_3d9382d63fe3,c_4b9976e489ef,both,A,2026-06-06 12:59:46
i_e4cd8ddf23b7,c_de6190ba1c67,both,A,2026-06-06 13:20:26
i_454a6b2fac50,c_c0af6dd0f8d5,resource_card,A,2026-06-06 13:54:41
i_ef2214ecc7a8,c_133a0e98fc17,resource_card,A,2026-06-06 13:57:58
i_627aed789ca3,c_9cea9246ed71,resource_card,A,2026-06-06 14:06:37
i_719443dc2d18,c_197b4a49b5c8,both,A,2026-06-06 14:19:52
i_e34bf4ec3734,c_361ce35e20df,resource_card,A,2026-06-06 14:21:24
i_d8640b0b1040,c_aecef3be521e,resource_card,A,2026-06-06 14:22:11
i_98b9c5ba29c6,c_f6c8885ba549,both,A,2026-06-06 14:54:21
i_c68e7fdc70b5,c_982ed2925c69,resource_card,A,2026-06-06 15:00:24
i_3c263c4d8786,c_70d9a49ee6cf,both,A,2026-06-06 15:22:41
i_11b048ae996a,c_1c2a2ea87d0c,resource_card,A,2026-06-06 15:48:36
i_a84ddb460afa,c_863775a395fb,both,A,2026-06-06 15:49:49
i_2b314124092a,c_4167650317c4,resource_card,A,2026-06-06 16:04:30
i_f0c2409b228d,c_bc04af8c9407,both,A,2026-06-06 16:08:55
i_3c0ad47f44de,c_3c264cf61004,resource_card,A,2026-06-06 16:14:36
i_9861a1344f4d,c_8410a2b5589b,resource_card,A,2026-06-06 16:28:06
i_6e5e90006e19,c_9538bb1555d2,both,A,2026-06-06 16:38:06
i_00136cf93988,c_7beb2bfbbf2a,resource_card,A,2026-06-06 16:54:37
i_f4383cc1b215,c_7706cfae3d45,resource_card,A,2026-06-06 17:21:52
i_b9c90cc9e58c,c_923156de1577,resource_card,A,2026-06-06 17:32:38
i_a119a5206d99,c_1789459c4f40,resource_card,A,2026-06-06 17:38:01
i_4809a41ce30b,c_bdee5eadc5b6,resource_card,A,2026-06-06 17:49:52
i_987d0f11c9d4,c_a383cda43cc1,resource_card,A,2026-06-06 17:57:01
i_dc5540956752,c_c9bd72a5f667,resource_card,A,2026-06-06 19:01:51
i_07b288ff4ea8,c_6c631bf255fc,resource_card,A,2026-06-06 19:02:52
i_d7a28508ea13,c_e52fad165728,resource_card,A,2026-06-06 19:11:56
i_b47ec827ff05,c_16ba21985d25,resource_card,A,2026-06-06 19:16:55
i_096dd0048179,c_cbb52db902cf,resource_card,A,2026-06-06 19:19:32
i_105d757ad90c,c_a018670a34fa,resource_card,A,2026-06-06 19:21:43
i_423502dc1769,c_40605bfba916,resource_card,A,2026-06-06 19:26:08
i_aed65a4558f6,c_7d073c093cef,resource_card,A,2026-06-06 19:28:07
i_e590ecf4c9b4,c_925eddf931ef,resource_card,A,2026-06-06 19:39:49
i_1b69df1acc6c,c_cadbe6f4abc8,resource_card,A,2026-06-06 19:46:15
i_a178a9e2f1d0,c_21a950f6155f,resource_card,A,2026-06-06 19:50:55
i_45df5f56fd0f,c_f28dd7d0d58d,both,A,2026-06-06 19:58:20
i_4aa93f70bf79,c_eaeaf9eb0a25,resource_card,A,2026-06-06 20:03:07
i_778558d96de2,c_c4afc814a5ae,resource_card,A,2026-06-06 20:17:13
i_48414b67f889,c_6584a3a0a18a,resource_card,A,2026-06-06 20:20:50
i_00a3750b6d34,c_406bb0b63557,resource_card,A,2026-06-06 20:25:13
i_2321100d9f80,c_69261da3d8b7,resource_card,A,2026-06-06 20:28:43
i_a2d420dddce1,c_fdd49c39dc71,resource_card,A,2026-06-06 20:44:15
i_a2a97b3b2057,c_527a5bf4077d,resource_card,A,2026-06-06 20:48:10
i_3ffb9e8de313,c_f29fc027693c,resource_card,A,2026-06-06 21:00:22
i_b49c90652d61,c_3d5bc54bb7f6,resource_card,A,2026-06-06 21:08:23
i_381697c5a58e,c_e45b41c290b6,resource_card,A,2026-06-06 21:12:41
i_bcc00ebc9aee,c_58b4abca55f4,both,A,2026-06-06 21:17:46
i_906f1e3ff146,c_3864bfa29ab6,resource_card,A,2026-06-06 21:20:40
i_c41c84b17b72,c_a7e8d2f16b89,resource_card,A,2026-06-06 21:22:26
i_c791ce1f76bb,c_826eb4083024,resource_card,A,2026-06-06 21:54:33
i_c1ed5587e453,c_1f1624643078,both,A,2026-06-06 21:57:05
i_c0bb2b8668e5,c_f67dd7d6a2ca,resource_card,A,2026-06-06 21:57:23
i_cd7feab6e335,c_deddb7f7afdd,both,A,2026-06-06 21:59:08
i_8c725a1e907b,c_300a752586d4,both,A,2026-06-06 22:02:58
i_3b66fc49ff80,c_bdaeaa5c1b93,resource_card,A,2026-06-06 22:16:26
i_fdf75426e967,c_94215bf57442,resource_card,A,2026-06-06 22:17:25
i_3607af68cbd4,c_6c5bb9b53909,resource_card,A,2026-06-06 23:11:29
i_5f0119f356fa,c_2e73c59cb971,resource_card,A,2026-06-06 23:26:52
i_39af279b10b9,c_c330f1bc4d05,resource_card,A,2026-06-06 23:29:33
i_ba19195689e7,c_a157083a1233,resource_card,A,2026-06-06 23:32:26
i_439ed41b6a13,c_81fc7284860d,both,A,2026-06-06 23:44:56
i_f66cd3266037,c_4e1629222243,resource_card,A,2026-06-06 23:58:56
i_0b79b19839d5,c_1cde19a38476,resource_card,A,2026-06-07 00:50:13
i_a65aab3b47fe,c_83cf9298fbb8,resource_card,A,2026-06-07 00:53:46
i_817787407ec0,c_4c6f0d4c96ec,resource_card,A,2026-06-07 01:51:45
i_ceffa3e5d8dc,c_151acfd43318,resource_card,A,2026-06-07 02:01:28
i_22831115450b,c_1a02ce6a3a34,resource_card,A,2026-06-07 02:14:45
i_ee478ed588ef,c_6f370bf6e473,both,A,2026-06-07 04:03:05
i_ac590df7f19f,c_d88cf0e8f310,resource_card,A,2026-06-07 05:27:08
i_a6cd025cd7de,c_b6322cf32a71,both,A,2026-06-07 08:14:08
i_aabbf1c4dbed,c_bd9b79018598,both,A,2026-06-07 08:49:48
i_83c9d1261105,c_dac583d99e17,resource_card,A,2026-06-07 08:54:51
i_af9a1ab04ae7,c_adf3e1583032,resource_card,A,2026-06-07 09:54:56
i_e9502b1ca02f,c_d509f249bc64,resource_card,A,2026-06-07 10:16:49
i_4befe87dc86c,c_66b691291655,both,A,2026-06-07 10:21:27
i_5ad0b04285c0,c_aa95e8f1f80c,both,A,2026-06-07 11:01:26
i_999b0d6fbda2,c_acb408bf4094,resource_card,A,2026-06-07 11:12:10
i_7c6935567bbb,c_a82e8ffad07d,both,A,2026-06-07 11:17:05
i_f53c55f5b6c6,c_9b7a79ddc557,resource_card,A,2026-06-07 11:21:40
i_b091d0f86d7d,c_76c7bd59d6c7,resource_card,A,2026-06-07 11:31:47
i_44e7e8b81366,c_eed92ffc2f1b,resource_card,A,2026-06-07 12:10:35
i_929e926e295b,c_7476bfdf947a,resource_card,A,2026-06-07 12:12:37
i_718f04a88781,c_22dc5d47c27c,both,A,2026-06-07 12:39:30
i_7e0255bfb401,c_99947291033c,both,A,2026-06-07 12:49:12
i_3717da6b575c,c_5afd00949f2a,resource_card,A,2026-06-07 12:50:02
i_858edbfc79c1,c_cedefb4417f5,resource_card,A,2026-06-07 12:57:44
i_0b43e793f26d,c_31ff19c72181,resource_card,A,2026-06-07 12:59:57
i_2cd8a38c3010,c_ac42a4958fba,both,A,2026-06-07 13:06:01
i_85ac5b9da870,c_d543eab02b1f,resource_card,A,2026-06-07 13:16:51
i_725e999e55c4,c_79b71ec5168a,resource_card,A,2026-06-07 13:26:37
i_38dda45999e6,c_fc3d380d2489,resource_card,A,2026-06-07 13:33:20
i_e8ad53f37f1e,c_eaf7d778e9e0,both,A,2026-06-07 13:56:32
i_facf4b0bb787,c_66638041b50c,both,A,2026-06-07 14:58:22
i_8bdcac0b2bad,c_70b904df23fb,resource_card,A,2026-06-07 15:37:51
i_53aa2d7a8ad0,c_e17fd79b042c,resource_card,A,2026-06-07 15:57:22
i_fb3f5d2aa402,c_2c0b7c5dd3c0,resource_card,A,2026-06-07 16:00:24
i_3241282baac1,c_10affae043f1,resource_card,A,2026-06-07 16:27:58
i_21e8562e774f,c_84a580919033,resource_card,A,2026-06-07 16:41:03
i_fa22ac8df542,c_3bdb7ebc8725,resource_card,A,2026-06-07 16:41:13
i_8f3432052e08,c_5d07894f689c,both,A,2026-06-07 16:49:10
i_062ce1fc9701,c_34525af6ce1b,resource_card,A,2026-06-07 16:49:36
i_71edd7d138e8,c_a3a16f749fb5,resource_card,A,2026-06-07 17:31:42
i_0b53a9e995a6,c_606979b4a7cc,resource_card,A,2026-06-07 17:45:03
i_1107301223f7,c_e6435ff50761,resource_card,A,2026-06-07 17:54:27
i_263e1771aae5,c_f389c654094a,resource_card,A,2026-06-07 17:56:10
i_a2b9b25fc0eb,c_b9d9bc258247,both,A,2026-06-07 18:10:08
i_8b72fb15c18a,c_fa2c5cc4f968,resource_card,A,2026-06-07 18:34:41
i_ae691d6dcaf4,c_fe647939eb61,resource_card,A,2026-06-07 18:37:33
i_29584b79abf5,c_3f257f00a969,both,A,2026-06-07 18:38:41
i_e036e8390aab,c_d5d0d901e706,resource_card,A,2026-06-07 18:43:59
i_74c97367c64d,c_a6029af0d44d,resource_card,A,2026-06-07 18:50:41
i_cc36a02bd388,c_192a40c0fc15,resource_card,A,2026-06-07 19:03:14
i_8ebd7735e2c0,c_196ac5635edf,resource_card,A,2026-06-07 19:13:00
i_fed363f2d1cc,c_81c406f3229e,resource_card,A,2026-06-07 19:16:32
i_9c174ff37fc1,c_458446334fb3,both,A,2026-06-07 19:26:30
i_f8c21ed554cb,c_fbd9a41a9359,both,A,2026-06-07 19:32:52
i_8c126d4b0371,c_4977c0a6d503,resource_card,A,2026-06-07 19:42:09
i_cc92f2d3ca14,c_3be75f699398,resource_card,A,2026-06-07 19:59:02
i_d60e8297d22a,c_b655d49dbaf6,resource_card,A,2026-06-07 20:16:47
i_3d0bb4e8a484,c_347c86f0b1c1,resource_card,A,2026-06-07 20:27:27
i_ea0a612ce7f8,c_85b26a62b88f,resource_card,A,2026-06-07 20:31:56
i_6edf28b9f9e9,c_a19d213d31e1,resource_card,A,2026-06-07 20:45:05
i_889eff4d7806,c_aa89e9ef84a1,resource_card,A,2026-06-07 20:48:07
i_c7354972345a,c_41fae082db04,resource_card,A,2026-06-07 21:10:39
i_4b992bc5ddc1,c_92c8ecc193c6,resource_card,A,2026-06-07 21:35:15
i_10f610873fe0,c_c2237bae7bab,resource_card,A,2026-06-07 22:00:12
i_d30a658ae5fc,c_032c9f1d2d13,resource_card,A,2026-06-07 22:00:32
i_d0774e8a01e2,c_cefb86955a8d,resource_card,A,2026-06-07 22:06:27
i_25b4e16f841d,c_7af8482ea2cd,both,A,2026-06-07 22:10:58
i_bc9e4553112b,c_a3308556d3fd,resource_card,A,2026-06-07 22:14:31
i_182383878355,c_85255a084b8d,resource_card,A,2026-06-07 22:31:03
i_ed697dd3e2ed,c_0e748a6cecc1,resource_card,A,2026-06-07 22:40:43
i_b60df4aac3e9,c_adc4b755dc45,resource_card,A,2026-06-07 22:51:05
i_0e049990f2c0,c_7a539e945866,resource_card,A,2026-06-07 23:07:23
i_4ccd771994e6,c_bbff9d0768de,both,A,2026-06-07 23:14:37
i_f4b2bde8e2b8,c_d15d35473965,resource_card,A,2026-06-07 23:16:02
i_df3157c7afda,c_a5eb91ae077a,both,A,2026-06-07 23:19:04
i_bd07cece9424,c_c21b4fb7b065,resource_card,A,2026-06-07 23:36:29
i_815d5d74e6f6,c_de1f42e2604f,resource_card,A,2026-06-07 23:54:54
i_e0adf69731fb,c_e030b9e3fb1a,resource_card,A,2026-06-08 00:18:55
i_bba24583d0e7,c_f444aaf3b2c4,resource_card,A,2026-06-08 00:33:27
i_beb744b46f20,c_0aa3ce791605,both,A,2026-06-08 01:13:49
i_f0f81192d75a,c_79703690f653,resource_card,A,2026-06-08 01:57:24
i_5f575e8984be,c_1516533eac58,resource_card,A,2026-06-08 02:16:51
i_0187a6db7830,c_02c1291e0bd7,resource_card,A,2026-06-08 02:22:32
i_acdf8bad063c,c_661aacda5626,both,A,2026-06-08 02:23:39
i_15a6b4382379,c_ca319933f716,both,A,2026-06-08 02:32:32
i_5bde1c571297,c_eeefbfb7d2a6,both,A,2026-06-08 02:35:32
i_df3e41d340c4,c_312575c8e279,resource_card,A,2026-06-08 03:24:31
i_47bc81382677,c_2bcff0462ece,resource_card,A,2026-06-08 05:17:43
i_b099d6b00a9c,c_2bdfeba57a4b,both,A,2026-06-08 07:23:20
i_81c54194fdf3,c_5333dce1b007,resource_card,A,2026-06-08 07:48:47
i_d54783d0bb89,c_73366998767c,resource_card,A,2026-06-08 09:15:01
i_7fd8b6e26c38,c_e510cc7a4f5e,resource_card,A,2026-06-08 09:17:47
i_fc9fc9e45c8b,c_56ca0aed7f9a,both,A,2026-06-08 09:37:40
i_53924d66f619,c_2ff65dc5d26d,resource_card,A,2026-06-08 09:44:04
i_01932fa31038,c_fc14955cbd50,resource_card,A,2026-06-08 10:12:05
i_22e569d58152,c_61f8ca22ce0b,resource_card,A,2026-06-08 10:33:13
i_bbe3cd8228d5,c_ba4f0de11584,resource_card,A,2026-06-08 10:44:06
i_58c6a86f4fdb,c_b4984ee7ec7d,both,A,2026-06-08 10:56:48
i_a9aa96f4b4f4,c_a74f72ecfeb9,resource_card,A,2026-06-08 11:10:36
i_754c7fcbcbff,c_5a60e6a1767d,resource_card,A,2026-06-08 11:12:41
i_d20d8217e87c,c_7009bcc3ba31,resource_card,A,2026-06-08 11:16:05
i_37dbdb635536,c_38e1b4a7582c,resource_card,A,2026-06-08 11:17:43
i_85b10ef376e8,c_f5fc9d11c5aa,resource_card,A,2026-06-08 11:18:59
i_bcb7ca280100,c_b08e339593a2,both,A,2026-06-08 11:38:47
i_e4bce3620907,c_25503b0093e2,both,A,2026-06-08 11:50:01
i_c0a338acd733,c_c6c37f2c00d6,resource_card,A,2026-06-08 11:50:12
i_c38e6c0a21be,c_478dd0ae2eda,both,A,2026-06-08 11:53:19
i_996fa39bc33d,c_147d43e20118,resource_card,A,2026-06-08 12:46:56
i_88d65a6e381c,c_0f78f0aa4d19,resource_card,A,2026-06-08 13:17:14
i_65c04beb075a,c_a0b3854ecc00,resource_card,A,2026-06-08 13:21:00
i_b50f996e81e8,c_7e52dfbccbc2,resource_card,A,2026-06-08 14:08:06
i_1a9275a7a285,c_bb7f54d3a9a1,resource_card,A,2026-06-08 14:38:55
i_f69c48424201,c_8b90b1740b66,both,A,2026-06-08 14:48:57
i_e4ebb8531db0,c_83d60d7cc82a,both,A,2026-06-08 15:01:33
i_76bc5bcf3e0f,c_c7c4abc27216,resource_card,A,2026-06-08 15:01:46
i_37a277140e80,c_e49d9b5a8c0f,resource_card,A,2026-06-08 15:18:08
i_9e2761c79cdf,c_2a1f2fb36d18,both,A,2026-06-08 15:56:51
i_3c4def7755a6,c_75acea890bb9,resource_card,A,2026-06-08 16:14:02
i_c91219dbf2c8,c_607a55686ad3,resource_card,A,2026-06-08 16:34:08
i_354e8c415866,c_665a1000ad0f,resource_card,A,2026-06-08 16:48:12
i_91b3f055e522,c_a4d297f451b4,both,A,2026-06-08 16:54:21
i_4a82a4f39021,c_9edbe7887e3d,resource_card,A,2026-06-08 16:58:50
i_cb6e8b1bea63,c_6f4ea389a9b8,both,A,2026-06-08 17:02:30
i_fc0a77324ecf,c_31df6e5722d4,both,A,2026-06-08 17:05:44
i_127b55deca31,c_99048e0ada1f,resource_card,A,2026-06-08 17:30:53
i_bac4e78d0415,c_2dac8ae2f3c8,resource_card,A,2026-06-08 17:34:36
i_bca149839ce2,c_e9b78106debf,resource_card,A,2026-06-08 17:37:24
i_f489e8e8865a,c_81c13662ff39,both,A,2026-06-08 17:55:01
i_0a3c6aaec07e,c_acdf78e34dc7,resource_card,A,2026-06-08 17:55:23
i_9b2014460e9b,c_8e5d7d5e67a2,resource_card,A,2026-06-08 18:01:09
i_d6651d984013,c_908e3582d72d,resource_card,A,2026-06-08 18:04:08
i_e547dcdb1f2f,c_d0c8a217aaf8,resource_card,A,2026-06-08 18:04:23
i_bd7254849139,c_b5747d782393,both,A,2026-06-08 18:10:39
i_c52c003070b0,c_55f0dc050cdc,resource_card,A,2026-06-08 18:18:24
i_544207325a11,c_7b4034f705b5,resource_card,A,2026-06-08 18:21:13
i_ce614a9d9aff,c_d26bc3160746,resource_card,A,2026-06-08 18:39:03
i_3948390a858a,c_b01d05731b44,resource_card,A,2026-06-08 18:47:04
i_0712c33d5992,c_c45479fbb5f3,resource_card,A,2026-06-08 19:04:36
i_03083ba4b355,c_2a5e5123722c,resource_card,A,2026-06-08 19:33:34
i_5a52250a4c99,c_2a82da4bf293,both,A,2026-06-08 19:34:26
i_326e68f57b9e,c_a4d9bb96f881,resource_card,A,2026-06-08 19:45:31
i_0fd23265d661,c_d43a9501af7d,resource_card,A,2026-06-08 19:57:00
i_376372b5f45c,c_41b5c315200e,both,A,2026-06-08 20:09:54
i_174a3f9fa509,c_5c154ce081a8,resource_card,A,2026-06-08 20:12:10
i_c244f78a125a,c_fd51f7d80968,resource_card,A,2026-06-08 20:12:19
i_345c7cc32028,c_c93a1b4d943e,resource_card,A,2026-06-08 20:20:34
i_5fc153133921,c_110d22542d1a,resource_card,A,2026-06-08 20:24:14
i_2d88980aba3b,c_aa169db9caa5,both,A,2026-06-08 20:50:10
i_c46880958bbe,c_1305b9cc3207,resource_card,A,2026-06-08 21:04:08
i_732ecaafc320,c_e82849d5286e,both,A,2026-06-08 21:25:47
i_d578f3224f18,c_1629b015e194,both,A,2026-06-08 21:39:43
i_1391ba2b9021,c_5d2840ae9518,both,A,2026-06-08 21:54:15
i_e0643e40d6fd,c_8016b23ffd14,resource_card,A,2026-06-08 21:54:24
i_c863bae65088,c_a40976dddb40,resource_card,A,2026-06-08 21:58:02
i_c1745dd0151d,c_0ebc7e2cfe52,resource_card,A,2026-06-08 22:04:25
i_a12eae109afe,c_6e8ef7d999af,resource_card,A,2026-06-08 22:05:38
i_6ba8a46148ed,c_fb519caf63ae,both,A,2026-06-08 22:17:51
i_c7e4ba489207,c_76f9325bed41,both,A,2026-06-08 22:21:31
i_b6af169187db,c_039433659e36,both,A,2026-06-08 22:32:50
i_c989cdbd501b,c_045dd3021f6c,both,A,2026-06-08 22:36:59
i_a7c8f2010f25,c_19a8055e9219,resource_card,A,2026-06-08 23:09:16
i_76de509ee2f3,c_f46397a45722,both,A,2026-06-08 23:38:15
i_84a0e8124148,c_adc7f176f27e,both,A,2026-06-08 23:53:05
i_ed67ce85325f,c_417d0494e846,resource_card,A,2026-06-08 23:53:48
i_4937add6d1bf,c_45f117c9ff08,resource_card,A,2026-06-09 00:02:37
i_8ec7e7b23450,c_484ff3f29712,resource_card,A,2026-06-09 00:11:47
i_8b08265c8dd7,c_e33398c37ae4,resource_card,A,2026-06-09 01:13:26
i_b9f69c17a3a8,c_02a517cb79bf,both,A,2026-06-09 01:34:45
i_33a785608438,c_2d7140dcae87,both,A,2026-06-09 02:25:40
i_aa2c643a180c,c_65e46ba3dacf,both,A,2026-06-09 03:20:36
i_49a50153d227,c_6358348dbd10,resource_card,A,2026-06-09 03:35:32
i_8346cfb76749,c_4a7cc9ca2a23,resource_card,A,2026-06-09 04:07:50
i_3cdb0a3eee61,c_cd962d39b3f3,both,A,2026-06-09 04:08:11
i_22a8567a0ee5,c_c2f5451f7955,resource_card,A,2026-06-09 05:19:35
i_185c7591df09,c_8e92fa89b921,resource_card,A,2026-06-09 07:00:48
i_017a8b1467a8,c_a68a5298047f,both,A,2026-06-09 08:04:48
i_b99fdf3e67d3,c_76bbc897616c,both,A,2026-06-09 08:09:09
i_8411e9dbd165,c_8e9185f3f35f,both,A,2026-06-09 08:31:42
i_1928d2365a0b,c_2c4275024b48,both,A,2026-06-09 08:51:14
i_61b36ff3c404,c_b0520c53c982,resource_card,A,2026-06-09 08:56:19
i_13f2959cc6e3,c_cfbcd15d8782,resource_card,A,2026-06-09 09:26:27
i_01b7eaea3d34,c_334049dbc7b8,resource_card,A,2026-06-09 09:26:46
i_442c0657bcdb,c_18515b114a30,both,A,2026-06-09 09:32:25
i_b09bf91608a7,c_020c98ef48be,resource_card,A,2026-06-09 09:39:03
i_45b5cff2db19,c_608c560edca8,both,A,2026-06-09 09:43:14
i_3ba1e1893676,c_a0969e8a219d,resource_card,A,2026-06-09 09:46:03
i_411230cec5e4,c_4275209fd9a9,resource_card,A,2026-06-09 09:46:00
i_91e8cbe05745,c_3aa4ab8c77d0,resource_card,A,2026-06-09 10:01:25
i_97ac65edb401,c_23f8d4ce362f,resource_card,A,2026-06-09 10:14:50
i_1600ab212f13,c_39d7232a01aa,both,A,2026-06-09 10:37:22
i_82ef0f4ba275,c_93766e38f53e,both,A,2026-06-09 10:52:10
i_443315b7edcb,c_70d9597d09ac,resource_card,A,2026-06-09 10:52:37
i_9c13ef107c96,c_efd8a282ffc5,resource_card,A,2026-06-09 10:55:27
i_166ad787a08a,c_29044914d2fb,resource_card,A,2026-06-09 11:05:30
i_770b960696e0,c_158ba2316ad1,resource_card,A,2026-06-09 11:15:20
i_4af5a659474b,c_22a13208189b,resource_card,A,2026-06-09 11:34:21
i_7b7f91189bc7,c_73cd0fee2ce8,resource_card,A,2026-06-09 11:49:37
i_9207faa246e1,c_d0c828d57d07,resource_card,A,2026-06-09 12:08:20
i_e0254ffebc58,c_613a6001b0f7,both,A,2026-06-09 12:18:15
i_4e5fa6d0613f,c_01cd98e5abfc,resource_card,A,2026-06-09 12:36:28
i_2e35764f22d7,c_ec7e65778985,resource_card,A,2026-06-09 12:50:21
i_24cc48bb6653,c_fea1cd973090,both,A,2026-06-09 12:51:56
i_4a5b0ec4949f,c_9ae27964a3cb,both,A,2026-06-09 12:53:24
i_28319fa71da3,c_eb1689bc9b14,both,A,2026-06-09 13:15:13
i_5018a17eadce,c_9c74cc28ffdd,resource_card,A,2026-06-09 13:28:10
i_1f45ac49a509,c_247827bf392f,resource_card,A,2026-06-09 13:35:16
i_84bdbf73baed,c_9a378bb08541,resource_card,A,2026-06-09 13:48:18
i_59660337dc0d,c_1afde021326b,resource_card,A,2026-06-09 14:11:15
i_f94a4c317b71,c_44b6d263faf0,resource_card,A,2026-06-09 14:25:59
i_fb79f921796e,c_4509afe19435,both,A,2026-06-09 14:31:35
i_7a4eaa9149fb,c_8b46ab3199df,both,A,2026-06-09 14:31:39
i_27cf510a5896,c_2c26b816114f,resource_card,A,2026-06-09 14:40:46
i_84d64881708a,c_56c29dce052a,both,A,2026-06-09 14:51:36
i_2e2caf456509,c_74ca31a38142,resource_card,A,2026-06-09 14:53:40
i_86ae99d2a54f,c_b97c0ff6e3b2,resource_card,A,2026-06-09 15:03:22
i_f85cc2a78c7b,c_8935378b43bd,resource_card,A,2026-06-09 15:16:37
i_978fd2fc8276,c_51c80317ee10,resource_card,A,2026-06-09 15:42:36
i_029ab92d974e,c_90f898c6eb49,resource_card,A,2026-06-09 16:06:29
i_fe282fb04d67,c_d0fe11700ae8,both,A,2026-06-09 16:19:08
i_a70496576c65,c_5f232fe63d67,both,A,2026-06-09 16:23:44
i_409e8a3386b0,c_3e306afbc320,both,A,2026-06-09 16:31:51
i_db7dfc5cacc3,c_be94277c4bb2,resource_card,A,2026-06-09 16:35:07
i_39d0126272b0,c_5c7476e25c54,resource_card,A,2026-06-09 16:39:46
i_7c007fadb1d0,c_f9ad5a2d5794,resource_card,A,2026-06-09 16:41:57
i_6dbaaf52202f,c_139780b2f6cb,resource_card,A,2026-06-09 17:09:39
i_1621741a8a62,c_a4391b8d0f2f,resource_card,A,2026-06-09 17:16:56
i_ad62dd22529b,c_3e923683ad72,both,A,2026-06-09 17:33:03
i_ee453fd8c5b2,c_511068138cb0,resource_card,A,2026-06-09 17:40:20
i_75bb6ddcf940,c_8dd32bab2c19,resource_card,A,2026-06-09 17:59:28
i_cbc538baa02a,c_810947695235,resource_card,A,2026-06-09 18:12:42
i_744d7b509708,c_8c39167a0699,resource_card,A,2026-06-09 18:16:03
i_81f9e49ea58e,c_59c4538c0e72,resource_card,A,2026-06-09 18:31:37
i_9f204f31f1b6,c_4824f0d139fb,both,A,2026-06-09 18:33:59
i_89f3afc52c4c,c_6c051fe04e6b,resource_card,A,2026-06-09 18:35:11
i_77b3efcf3ac6,c_28d74e944e6c,both,A,2026-06-09 18:41:09
i_d1115a7c7bd0,c_0199450fc442,resource_card,A,2026-06-09 18:59:56
i_5adfa92a1b07,c_c3c2914460ef,resource_card,A,2026-06-09 19:02:36
i_4504698f0a47,c_fcc5aac4246c,resource_card,A,2026-06-09 19:08:12
i_559a789dcf89,c_ce1f58127b27,resource_card,A,2026-06-09 19:12:29
i_3badee8e53b7,c_723be5260800,resource_card,A,2026-06-09 19:25:11
i_beda3374d982,c_d5c988075421,both,A,2026-06-09 19:26:46
i_d055cb1eb998,c_a1dade09e456,both,A,2026-06-09 19:29:21
i_699cf72a8fce,c_3c10c87eb3cc,both,A,2026-06-09 19:34:41
i_7b8ec58e39c9,c_581d264fd7cd,resource_card,A,2026-06-09 19:36:51
i_313cc4cfca4e,c_0faaefdc8849,resource_card,A,2026-06-09 19:38:22
i_1127f03a8ab5,c_49395ecbd50f,both,A,2026-06-09 19:39:14
i_0738a0ac9c6c,c_79ada2b20835,both,A,2026-06-09 19:45:49
i_a95cc6f7cf32,c_35444809153d,resource_card,A,2026-06-09 19:51:27
i_099b0a9c973c,c_e182cfa968f0,both,A,2026-06-09 20:01:54
i_e49df374cf07,c_7b83f73b075d,both,A,2026-06-09 20:04:23
i_948d3844459d,c_e102c21b38b2,resource_card,A,2026-06-09 20:04:27
i_907801e0ed46,c_14aa83ec3ad7,both,A,2026-06-09 20:05:24
i_0ad2afb9132b,c_4ad848bfcd2f,both,A,2026-06-09 20:16:53
i_1799c187a40d,c_f31c297372d3,resource_card,A,2026-06-09 20:29:29
i_74b6e316c1ed,c_a907f0adb6f8,resource_card,A,2026-06-09 20:33:01
i_040979c0f9bb,c_8b20b8a82e89,resource_card,A,2026-06-09 20:35:45
i_28258dab7700,c_1e6760d87a8e,both,A,2026-06-09 20:36:55
i_0e75447ff128,c_99ab3217ea9c,resource_card,A,2026-06-09 20:45:27
i_379aa1746c03,c_6fc9d682714f,both,A,2026-06-09 20:49:15
i_42594b736383,c_dc38d43483c0,resource_card,A,2026-06-09 21:05:14
i_09822de4f0eb,c_269428819861,resource_card,A,2026-06-09 21:08:37
i_15838662bd04,c_5f8ee18ed9cd,resource_card,A,2026-06-09 21:17:01
i_a32a682dd47f,c_d5efde276348,resource_card,A,2026-06-09 21:17:18
i_7cce596f3086,c_0d4469d0d372,resource_card,A,2026-06-09 21:27:52
i_4dd0edb78ede,c_736ed2b8ed51,both,A,2026-06-09 21:37:09
i_cd5a89b7e272,c_47ed4498020e,resource_card,A,2026-06-09 21:55:11
i_ab8b899c6acd,c_a3344953530a,resource_card,A,2026-06-09 22:03:46
i_aae42c6347ec,c_78f9839ba71b,resource_card,A,2026-06-09 22:10:29
i_685426456100,c_341b66ee3595,both,A,2026-06-09 22:13:44
i_695889a95729,c_7a34449307ea,resource_card,A,2026-06-09 22:17:25
i_f67a19c9b5d3,c_ca07fe363d1d,both,A,2026-06-09 22:24:23
i_be8f39a855ce,c_8af636880417,resource_card,A,2026-06-09 22:25:35
i_8531b8abe977,c_04e566d67b95,resource_card,A,2026-06-09 22:59:11
i_c01da943690b,c_6a84fe3d8208,both,A,2026-06-09 23:03:58
i_19e0634a4c0c,c_0de0fedc8230,both,A,2026-06-09 23:34:50
i_1b5e9994f9cd,c_cfed72bb088f,resource_card,A,2026-06-10 00:02:10
i_c78b8afcadb2,c_5c58cd76acb4,both,A,2026-06-10 00:25:39
i_003178b07ab7,c_8692ac6f744f,both,A,2026-06-10 01:13:26
i_3a379fa3e6d9,c_dfc6fa6e311a,resource_card,A,2026-06-10 02:09:14
i_54b963cb3866,c_a7a7e27aab8d,resource_card,A,2026-06-10 02:11:22
i_0459012fc3a9,c_fa0e629931c9,both,A,2026-06-10 02:41:55
i_4ee8958cc3a9,c_60962cb272c7,resource_card,A,2026-06-10 03:22:18
i_ec18e2871a3d,c_d75641186cd7,resource_card,A,2026-06-10 04:00:47
i_516f4f8734c9,c_5ef623c1225a,both,A,2026-06-10 06:27:28
i_d40a37bf8db2,c_bb1df142892a,resource_card,A,2026-06-10 07:19:50
i_39a16e8d4c52,c_b1d6d89909d0,resource_card,A,2026-06-10 07:24:27
i_1e1b17e4e16e,c_9b43cd59103c,both,A,2026-06-10 08:25:45
i_1d79c7a498d7,c_f23720a26f2b,resource_card,A,2026-06-10 08:46:33
i_7520dc63b304,c_90df7ecb7ac4,both,A,2026-06-10 09:00:03
i_9b0b0317a62e,c_0eaa10edd368,resource_card,A,2026-06-10 09:20:02
i_1b28072eb4f4,c_7dd7cb05b1f5,both,A,2026-06-10 09:39:33
i_7c009b555e92,c_71fb8f9123d5,both,A,2026-06-10 09:52:21
i_ccff9b78f778,c_1379d3bde1f3,both,A,2026-06-10 10:06:02
i_eeff613f8bb3,c_ad102155bf48,resource_card,A,2026-06-10 10:18:19
i_8769e9893544,c_2c7add7eae86,resource_card,A,2026-06-10 10:23:17
i_0c3d24bcb709,c_c14344e1b8ce,resource_card,A,2026-06-10 10:27:18
i_1726d11b0405,c_74579a9f39aa,resource_card,A,2026-06-10 10:30:32
i_e5093620e90d,c_f810c1048536,both,A,2026-06-10 10:35:23
i_405ac8d1f38d,c_0149636c0f2e,resource_card,A,2026-06-10 10:37:22
i_2afc7d8d47af,c_2f6382d12475,resource_card,A,2026-06-10 11:01:45
i_db76ef4b3a06,c_f156300c1f3e,resource_card,A,2026-06-10 11:13:27
i_49fea348ec2a,c_bc35ec98955f,resource_card,A,2026-06-10 11:40:09
i_405ef68b41aa,c_32bb3129658c,resource_card,A,2026-06-10 12:04:12
i_04545cae4353,c_915864ebd1ff,resource_card,A,2026-06-10 12:10:32
i_156ac790a845,c_48825f4da785,both,A,2026-06-10 12:18:13
i_8960e74ab138,c_574b967d8a99,resource_card,A,2026-06-10 12:21:03
i_8f5d191c6026,c_93193e29f24d,resource_card,A,2026-06-10 12:37:53
i_19ecaaf3b286,c_88fb6e9d2756,resource_card,A,2026-06-10 12:38:55
i_791e7c3b0369,c_6c20c2f86392,both,A,2026-06-10 12:49:04
i_55e9249fd1f9,c_2858c20353fa,resource_card,A,2026-06-10 13:13:36
i_91f578ba42e7,c_7fbf4227abf0,resource_card,A,2026-06-10 13:25:22
i_b22190973c33,c_89b43fe970c1,resource_card,A,2026-06-10 13:25:39
i_6dca885a4c84,c_1c591d67d96e,both,A,2026-06-10 13:29:36
i_5e367ec5dd28,c_3480d2158ba8,both,A,2026-06-10 13:31:56
i_827d7cf2a9f2,c_b35b297b9448,both,A,2026-06-10 13:34:12
i_b7d8bbaa7f13,c_efcf2c6d64d5,resource_card,A,2026-06-10 13:35:48
i_5d381afab513,c_9e7614665cf2,resource_card,A,2026-06-10 13:50:59
i_aa4baa122a95,c_9e4279a4df6c,resource_card,A,2026-06-10 13:56:35
i_1c2525fea33d,c_16db76d8f4ad,resource_card,A,2026-06-10 14:04:42
i_6c22dd073b8e,c_762f0663f686,both,A,2026-06-10 14:07:07
i_fafc12f86082,c_c743e9cd590f,resource_card,A,2026-06-10 14:18:35
i_de06cc1acd89,c_7230ed7b04f3,resource_card,A,2026-06-10 14:20:27
i_bd79c888d455,c_44cd16a91d7e,both,A,2026-06-10 14:24:57
i_88bac3740b4e,c_80da27c20e73,resource_card,A,2026-06-10 14:27:40
i_6ad20acde0f2,c_83ab798661fa,both,A,2026-06-10 14:48:21
i_40623535f182,c_badcf8994936,both,A,2026-06-10 15:01:11
i_5fac45d2db83,c_855ef49dcc67,both,A,2026-06-10 15:09:45
i_fdd4ab57e76b,c_2f31a920bcbd,resource_card,A,2026-06-10 15:12:32
i_6d38195e1bdc,c_c50f799f95cb,both,A,2026-06-10 15:17:01
i_5141869e233e,c_ffdcc1834380,resource_card,A,2026-06-10 15:42:58
i_fa6d77358a6a,c_b878b700ac3f,resource_card,A,2026-06-10 16:02:16
i_d5fcd5a73593,c_ab12d7a46c7e,resource_card,A,2026-06-10 16:17:40
i_32cb7265a288,c_5e4af6a716df,both,A,2026-06-10 16:28:23
i_c9bd14938b97,c_e82d6557bd17,resource_card,A,2026-06-10 16:35:02
i_ac3d9feeb585,c_3b5944623b30,resource_card,A,2026-06-10 16:48:31
i_7c6fb24018c4,c_a30b5de71d8b,resource_card,A,2026-06-10 17:03:28
i_8bb4a1b85448,c_978f8952c1d1,resource_card,A,2026-06-10 17:04:02
i_253940272fbd,c_11ebe46ef674,both,A,2026-06-10 17:09:24
i_c23a6a4dc5b3,c_6c9993335bcd,resource_card,A,2026-06-10 17:10:22
i_9c060cf39a55,c_4b0bdd257128,both,A,2026-06-10 17:13:10
i_9f73c9e1ccee,c_d3215f537393,resource_card,A,2026-06-10 17:21:54
i_08b4ba6c9d19,c_3db10bff672a,both,A,2026-06-10 17:53:25
i_50ec8b994b4c,c_781505c8c71c,resource_card,A,2026-06-10 17:55:38
i_c07a4e4310c6,c_f606f2692080,both,A,2026-06-10 18:05:48
i_4d8ec11c9f24,c_0978465b8d61,both,A,2026-06-10 18:20:36
i_816c3ea38a6e,c_e63298583920,resource_card,A,2026-06-10 18:24:58
i_8a932435d0b0,c_0e339c8c6d43,resource_card,A,2026-06-10 18:50:58
i_f1485783d93a,c_7441ba8bd624,resource_card,A,2026-06-10 19:00:20
i_32990d88bd84,c_7c39c7554586,resource_card,A,2026-06-10 19:00:53
i_0ee9df83c887,c_9c82d284d6f7,resource_card,A,2026-06-10 19:07:23
i_5c7f58a7b6ad,c_ff36e8385b93,resource_card,A,2026-06-10 19:09:51
i_b5dd5852c3e1,c_8e9871b9bf56,resource_card,A,2026-06-10 19:14:20
i_a5214372e9dd,c_f199d0f5a393,both,A,2026-06-10 19:14:31
i_b7561c6d914e,c_715745a6e92b,resource_card,A,2026-06-10 19:16:00
i_886cb88fed60,c_beddeaf34915,resource_card,A,2026-06-10 19:21:02
i_d9fa46b06353,c_0abe9de74499,resource_card,A,2026-06-10 19:32:22
i_a4de82ef391d,c_f0e828050af8,resource_card,A,2026-06-10 19:36:31
i_bfeae4a72df7,c_51fbd0531976,resource_card,A,2026-06-10 19:40:04
i_e4a663f6a478,c_2011573dbb37,resource_card,A,2026-06-10 19:44:12
i_62054c9f89bd,c_2dd28b51faf3,both,A,2026-06-10 19:47:58
i_6e5fc4bd5988,c_dee6dc745e2c,resource_card,A,2026-06-10 19:53:13
i_eb51cb5cc571,c_fca8b9f1cbc3,resource_card,A,2026-06-10 19:57:11
i_906bca893894,c_af9ffee56549,resource_card,A,2026-06-10 20:01:35
i_dc060c9a5961,c_8197ea0d8f50,both,A,2026-06-10 20:07:31
i_465dedddc12f,c_c7bc86d705b5,both,A,2026-06-10 20:09:05
i_c0f1e04d18e4,c_3fcf3aa26c45,resource_card,A,2026-06-10 20:17:07
i_2aea2439d43f,c_b0ec29a7dea1,resource_card,A,2026-06-10 20:18:02
i_575e99848c3b,c_d531181715b0,resource_card,A,2026-06-10 20:21:11
i_cc7a3fdfd0fd,c_9c9214180437,resource_card,A,2026-06-10 20:26:21
i_efb793407727,c_aca2ea587978,both,A,2026-06-10 20:30:25
i_b8a561eac495,c_2a83bd822dfb,resource_card,A,2026-06-10 20:33:28
i_39374700aaf4,c_6e3c8dc8415b,resource_card,A,2026-06-10 20:36:48
i_489c799413c2,c_c0e90d48c59e,both,A,2026-06-10 20:42:08
i_4b5439b5cf76,c_eb478e1df302,resource_card,A,2026-06-10 20:51:40
i_c8d15e22086a,c_7a0963e1341d,both,A,2026-06-10 21:05:50
i_a033449f70dd,c_3c71c35c4682,both,A,2026-06-10 21:34:01
i_92796109ca17,c_471a5d3cb5b9,resource_card,A,2026-06-10 21:41:46
i_f59d1dad0adc,c_ca21aecdb2ab,resource_card,A,2026-06-10 21:41:46
i_526c4e088e01,c_df0025bd9a5f,resource_card,A,2026-06-10 21:52:22
i_42e998486307,c_4efd4371c3e8,resource_card,A,2026-06-10 21:57:19
i_d26efbe94c9a,c_23346a117287,resource_card,A,2026-06-10 22:12:23
i_937aac297299,c_9e9df159d2f7,both,A,2026-06-10 22:20:32
i_5c4329e99686,c_95a8cffe5cb6,both,A,2026-06-10 22:30:48
i_c962bf2f6cde,c_0a65b89025ed,resource_card,A,2026-06-10 22:37:16
i_7bcd163349c9,c_9aa720353251,resource_card,A,2026-06-10 22:48:14
i_9df928774f54,c_5edf2ba2e804,resource_card,A,2026-06-10 23:04:39
i_631ea0735cac,c_2bb2ab7bbf17,both,A,2026-06-10 23:47:37
i_8f496f7e96b0,c_85d4d148d35b,both,A,2026-06-11 00:17:40
i_c2d97aa34f4f,c_97f9171ba7b5,resource_card,A,2026-06-11 00:20:49
i_0e69e21eb420,c_9cdc3de5389e,resource_card,A,2026-06-11 00:31:54
i_3e732209acaf,c_8d308a2653d9,resource_card,A,2026-06-11 01:20:56
i_541f057b63a6,c_be36eb330e23,resource_card,A,2026-06-11 01:27:42
i_e96c23d9a9c3,c_7fc900fa41d6,resource_card,A,2026-06-11 01:41:15
i_d012c18f7d0a,c_fb595687293e,resource_card,A,2026-06-11 01:53:10
i_63897d9b3a63,c_9852679f91b3,resource_card,A,2026-06-11 03:07:38
i_6ad893a7b835,c_34d862a0aab7,both,A,2026-06-11 03:10:39
i_e7435b612132,c_1b9b89a3ff7f,both,A,2026-06-11 04:44:06
i_c62a3be33ac7,c_5db8a4b7fadb,both,A,2026-06-11 04:48:32
i_65b4108ecb7d,c_61db880ce5b9,resource_card,A,2026-06-11 05:36:58
i_029dfe824576,c_079bb882e976,both,A,2026-06-11 08:04:45
i_7b620feecc0e,c_0cf0a7821d4d,resource_card,A,2026-06-11 08:08:34
i_527397b1dea6,c_a6790a45b316,resource_card,A,2026-06-11 08:30:59
i_430fb68db94d,c_8c743b12eea9,resource_card,A,2026-06-11 08:49:09
i_9acf97bc90c9,c_040ce0fbba67,both,A,2026-06-11 09:22:38
i_9d159388752c,c_ed341059b995,resource_card,A,2026-06-11 09:50:00
i_75251170b2c9,c_5e66415d73aa,resource_card,A,2026-06-11 10:11:03
i_53a33835cf69,c_c8ba7a9c7b7b,both,A,2026-06-11 10:35:08
i_d13d9d5a0355,c_9d6acf38c1fe,resource_card,A,2026-06-11 10:38:45
i_dbc40451c83c,c_fa3a475aa165,both,A,2026-06-11 10:40:17
i_1f0ba0b1e204,c_13bf2423e23c,resource_card,A,2026-06-11 11:03:27
i_7c5a82b2e252,c_027e7dcc3ded,resource_card,A,2026-06-11 11:27:10
i_c2cc303d1faa,c_531b840061ee,both,A,2026-06-11 11:30:59
i_39cc639ed2ed,c_7d27605c0820,both,A,2026-06-11 11:34:36
i_17906cdae4ac,c_436079f06bbe,both,A,2026-06-11 11:36:22
i_f8c91bc0a410,c_09e1d8f508b8,resource_card,A,2026-06-11 11:38:55
i_3b603a337b32,c_10034cdb08c8,resource_card,A,2026-06-11 11:42:55
i_aa6b82461265,c_16f79c2e2252,resource_card,A,2026-06-11 11:52:50
i_d769bb49df65,c_633b8ec3d7be,resource_card,A,2026-06-11 12:09:18
i_d4aa4afc0020,c_b0b5442b3aba,both,A,2026-06-11 12:22:51
i_dd546a92b0d4,c_af3ef6bdbab7,both,A,2026-06-11 12:27:09
i_78f28c25d482,c_8080846c0b17,both,A,2026-06-11 12:28:05
i_54a6d3ff93a8,c_f43ae50022ab,resource_card,A,2026-06-11 12:49:35
i_0fa4928a30f1,c_b638b60ef205,resource_card,A,2026-06-11 12:52:25
i_20bfb18fa3aa,c_1c11732e5ab2,both,A,2026-06-11 13:00:22
i_7f5f3c3c3ab4,c_801987e0b5b5,resource_card,A,2026-06-11 13:07:08
i_12523c9513c8,c_0e2b756eef18,resource_card,A,2026-06-11 13:45:59
i_07d277a05d96,c_62a1c9757e34,both,A,2026-06-11 13:54:23
i_9a35f9a228c0,c_d5263c484042,resource_card,A,2026-06-11 14:20:12
i_35b8f7961084,c_7818a28eb682,resource_card,A,2026-06-11 14:36:36
i_3312ee18c4b6,c_741a4aa86763,both,A,2026-06-11 14:57:59
i_285200bf0fbc,c_1bda33b06f3c,resource_card,A,2026-06-11 15:03:55
i_53df0206351c,c_16559035876e,resource_card,A,2026-06-11 15:09:51
i_8b718fdfc20e,c_78a6d95a4d73,resource_card,A,2026-06-11 15:22:32
i_437dd9b514a9,c_be0a858034ce,both,A,2026-06-11 15:31:10
i_0796d9c738d0,c_8ebfd9938076,both,A,2026-06-11 16:00:30
i_d43d3c674611,c_9e18d013c1d6,resource_card,A,2026-06-11 16:22:07
i_7bb4696360f8,c_a76152b55d0a,both,A,2026-06-11 16:29:17
i_eb03ae4a00d7,c_a52e9952fdce,resource_card,A,2026-06-11 16:53:49
i_c3c32b98b214,c_1844f8ca9441,both,A,2026-06-11 16:55:33
i_8c9c6fe1331a,c_70eedc922241,both,A,2026-06-11 16:59:35
i_d0c70734b2fd,c_eba2cd34bb20,resource_card,A,2026-06-11 17:13:23
i_038459c811b5,c_e9dd925f29de,resource_card,A,2026-06-11 17:21:58
i_5c0fd5ee0dab,c_9e6dc2cbed5f,both,A,2026-06-11 17:24:29
i_7648cf79534c,c_9fdd42ab491e,both,A,2026-06-11 17:29:27
i_5dc13b78d9b2,c_23194090e141,resource_card,A,2026-06-11 17:43:25
i_c8c89d90d73e,c_20c51602ba87,resource_card,A,2026-06-11 17:53:27
i_586114f0d658,c_492c7c6f51a3,resource_card,A,2026-06-11 18:01:45
i_0d0c749abdfb,c_073cabe39b0d,resource_card,A,2026-06-11 18:31:15
i_53ccae2d82c0,c_0700d4eebec9,both,A,2026-06-11 18:46:05
i_95e725f5751f,c_fe6ac076246a,resource_card,A,2026-06-11 18:46:01
i_3948beb889c9,c_fe682d78c409,both,A,2026-06-11 19:06:37
i_92809e95a388,c_9026825757a1,resource_card,A,2026-06-11 19:09:03
i_7bb724ee41ac,c_24ce0a5fce27,resource_card,A,2026-06-11 19:20:04
i_bee787aaf88e,c_816c9affe18d,resource_card,A,2026-06-11 19:21:59
i_04e4ec198f3e,c_79a2529012d5,resource_card,A,2026-06-11 19:23:42
i_605e3753f7c3,c_2638c5149be9,resource_card,A,2026-06-11 19:28:53
i_f63d2a8500ab,c_a33fbb4a1146,both,A,2026-06-11 19:42:07
i_12801e3707fb,c_e2b3aadb196e,resource_card,A,2026-06-11 19:42:59
i_4ebf0ce06c6c,c_22cd90dcf13c,resource_card,A,2026-06-11 19:45:13
i_1a4f3c94a474,c_88c63fec824b,both,A,2026-06-11 19:51:49
i_ed1202c8f709,c_9391fe0c4ab0,resource_card,A,2026-06-11 19:55:08
i_c740d7f8a433,c_f5492f81485f,both,A,2026-06-11 19:56:17
i_9e9710061ffd,c_69e784a9003d,resource_card,A,2026-06-11 19:57:05
i_747e325d385a,c_eb240a3c4b5c,resource_card,A,2026-06-11 20:07:26
i_3b50671513ff,c_bb0622b1f8a3,resource_card,A,2026-06-11 20:11:55
i_0da1a8f89a3a,c_1e58b7858c2b,both,A,2026-06-11 20:17:32
i_26f80a0cbbaf,c_5a984ab179e6,resource_card,A,2026-06-11 20:18:20
i_b96d85e0c0f7,c_a31d2b0af150,both,A,2026-06-11 20:25:37
i_c57c57c4caef,c_986bd0abfed6,resource_card,A,2026-06-11 20:31:48
i_371062c10e48,c_94be09a799fe,resource_card,A,2026-06-11 20:32:54
i_53b4b4ef90cf,c_ebdf346f08e1,both,A,2026-06-11 20:52:09
i_77ea3cfc5ddb,c_18e7b34ad129,both,A,2026-06-11 20:54:36
i_779032c8d662,c_d96a54992278,resource_card,A,2026-06-11 20:58:00
i_f0fa12407548,c_6ab9c37f1cdc,resource_card,A,2026-06-11 21:08:05
i_3d25c66ddd5b,c_9d9b3f8bd04d,resource_card,A,2026-06-11 21:10:27
i_0ef6860775fe,c_cd7b0f48e3de,both,A,2026-06-11 21:11:51
i_97a282e66de0,c_b501054fcf93,resource_card,A,2026-06-11 21:17:52
i_d8e979d347b3,c_7bff4b5ae12e,resource_card,A,2026-06-11 21:26:38
i_bc583fed50e0,c_cfd6c818f935,both,A,2026-06-11 21:30:16
i_3521f8d06cb2,c_9f90a659253e,resource_card,A,2026-06-11 21:36:57
i_df34f1022cc8,c_056ab85a5239,resource_card,A,2026-06-11 21:42:28
i_1988f92101e8,c_23d381d47b0b,resource_card,A,2026-06-11 22:25:04
i_b1db9c3b4dfd,c_bce08c47c981,both,A,2026-06-11 22:32:53
i_8c156a39504c,c_ca7785849c05,resource_card,A,2026-06-11 22:42:12
i_a31681c3181a,c_3ff3194ce8c8,resource_card,A,2026-06-11 22:47:19
i_7b24d72b1d83,c_b4b5723b7db2,resource_card,A,2026-06-11 22:51:23
i_2500a80966e2,c_0e76299592c4,resource_card,A,2026-06-11 22:55:47
i_d5e985cb6914,c_cb2c95dcdd63,both,A,2026-06-11 22:59:16
i_fbd5455da54b,c_a37bcd95f329,both,A,2026-06-11 23:04:05
i_cb320c9e2bdc,c_b79b32449d26,both,A,2026-06-11 23:09:57
i_b619748a5a5f,c_724ce58b62e3,resource_card,A,2026-06-11 23:13:38
i_6aa2afc64c58,c_c13ac6c4785f,both,A,2026-06-11 23:14:04
i_ee3e6c7cb08e,c_8d381205ef56,both,A,2026-06-11 23:24:25
i_a00bb85274ba,c_e1752a420e12,both,A,2026-06-11 23:31:05
i_8bca35219c4c,c_f30e9d0e60bc,both,A,2026-06-11 23:59:35
i_4b8789bfaa0e,c_c25433f8e6fb,both,A,2026-06-12 00:21:24
i_754a6f0c111d,c_8a2f515da174,both,A,2026-06-12 00:45:08
i_3f447c0cc6c0,c_b21b64cf266d,resource_card,A,2026-06-12 00:47:48
i_5ad0ec8acd16,c_f2141e53df60,both,A,2026-06-12 01:36:04
i_cf15694bffbf,c_4f05ffb026ee,both,A,2026-06-12 01:39:52
i_7b178440c4f5,c_4c20a529b71b,both,A,2026-06-12 02:35:29
i_4d5d52f9726c,c_26be5cb5caa0,resource_card,A,2026-06-12 02:49:12
i_d3b4381b9f7e,c_7d11ee0ec600,resource_card,A,2026-06-12 03:02:19
i_c15630296639,c_c186f659d638,both,A,2026-06-12 05:19:16
i_5b2b20bdb6d4,c_3463d2c0603f,both,A,2026-06-12 05:22:43
i_7d15bb13bff7,c_313b549e40bd,resource_card,A,2026-06-12 05:49:11
i_4ac78f7ae69d,c_2af1ea2b88a2,resource_card,A,2026-06-12 08:08:14
i_5e9e0c9caf22,c_8661923552d8,resource_card,A,2026-06-12 08:11:50
i_438a6e9475f7,c_f8c1aa9a7531,resource_card,A,2026-06-12 08:21:34
i_aa0d73e88fa8,c_4bd1fd6e1d55,both,A,2026-06-12 08:34:57
i_bf232d1769ad,c_8abb5bdab258,both,A,2026-06-12 09:06:04
i_6ebd2fe04a17,c_4ae0e77b4938,resource_card,A,2026-06-12 09:37:58
i_9a438363e1e3,c_4260a79d3171,both,A,2026-06-12 09:39:33
i_151bb983602c,c_4ca2472fa3bf,resource_card,A,2026-06-12 09:59:44
i_5157b022efc8,c_4bb19547f2e3,both,A,2026-06-12 10:02:37
i_3b12bbc68a7d,c_51c48ea17850,both,A,2026-06-12 10:06:01
i_bfde863c144c,c_bdc2ecc9ab61,resource_card,A,2026-06-12 10:09:01
i_a52edb6e0d88,c_c1e54fb019c0,resource_card,A,2026-06-12 10:26:11
i_fe616b5fc356,c_4c7561b73c50,both,A,2026-06-12 10:38:06
i_89dc08d8f747,c_8d75b0e1d023,resource_card,A,2026-06-12 10:48:42
i_1ee909063410,c_bfa08420dc09,resource_card,A,2026-06-12 10:54:41
i_87b4f604082b,c_43935c7d4a27,resource_card,A,2026-06-12 10:56:48
i_e7e7741c4abc,c_8b267f538026,resource_card,A,2026-06-12 11:09:03
i_743b626fabb6,c_ce6286348b42,resource_card,A,2026-06-12 11:30:02
i_728adc98cf8d,c_2f39f7ad0739,resource_card,A,2026-06-12 11:36:39
i_f1e49253b216,c_68deca6dcc24,resource_card,A,2026-06-12 11:38:07
i_9164dfbf6152,c_6d89f860b3ca,resource_card,A,2026-06-12 11:40:22
i_2ef8d96624eb,c_84318a82ec73,both,A,2026-06-12 11:41:25
i_8e801f1cc600,c_41649c575c3b,both,A,2026-06-12 11:51:16
i_b52d2200b583,c_a5e69c865a01,resource_card,A,2026-06-12 11:53:48
i_c6e562f00350,c_f327f6498ca6,resource_card,A,2026-06-12 11:59:09
i_3963a49928e1,c_f5006875bbac,resource_card,A,2026-06-12 12:07:00
i_cf7c970761aa,c_88249269ae5a,resource_card,A,2026-06-12 12:09:57
i_3e0825b2541a,c_8f6d56c856c0,both,A,2026-06-12 12:49:38
i_da7e467eae44,c_e623cf968c5f,resource_card,A,2026-06-12 12:51:19
i_37d9e1a98714,c_bb26b81a1935,resource_card,A,2026-06-12 13:09:17
i_4e313952f212,c_5a7e3be6f7cb,both,A,2026-06-12 13:18:28
i_a2c1594f6ffe,c_28e91ef0a73f,resource_card,A,2026-06-12 13:21:52
i_b5b289385e39,c_d0d6f7913673,resource_card,A,2026-06-12 13:29:42
i_68d63ea71550,c_e91e3aceee1e,resource_card,A,2026-06-12 13:31:23
i_e3fd4c496c7b,c_e7263a9d814e,resource_card,A,2026-06-12 13:36:44
i_e9586b027a1f,c_4cf7c425b953,resource_card,A,2026-06-12 13:58:55
i_8fd8a1643164,c_a38f77749bf9,both,A,2026-06-12 14:19:05
i_a4c2a37910cd,c_69f7ffac8217,resource_card,A,2026-06-12 14:29:07
i_644f5c9846e5,c_f7a128864d8e,resource_card,A,2026-06-12 14:33:40
i_05f846ab082e,c_bdd382454910,both,A,2026-06-12 14:38:33
i_5d743a769156,c_727f913a6294,both,A,2026-06-12 15:04:11
i_07e75a2bc64c,c_33cacbeaef59,resource_card,A,2026-06-12 15:10:49
i_6de5838a1723,c_2e3cc2943cc0,both,A,2026-06-12 15:17:23
i_bbac80de6ee4,c_096ef27711d2,resource_card,A,2026-06-12 15:27:48
i_7f8ea502bcc0,c_b469281ad9d0,resource_card,A,2026-06-12 15:39:14
i_3808262f00bb,c_0cc04a4f9b35,resource_card,A,2026-06-12 15:55:34
i_96065bc6ad21,c_4bfe93cf4e31,resource_card,A,2026-06-12 15:57:28
i_11b7061af3b5,c_d92f524793e0,resource_card,A,2026-06-12 16:02:23
i_94acb7fa4840,c_ba71fdce7abe,resource_card,A,2026-06-12 16:17:55
i_16427f188987,c_34eaf30ace04,resource_card,A,2026-06-12 16:19:11
i_8571cef4fefe,c_b7c347097a74,resource_card,A,2026-06-12 16:25:40
i_88ccec0a4b0a,c_4b023dc92057,resource_card,A,2026-06-12 16:34:40
i_d7a548370e87,c_606b3c696d46,both,A,2026-06-12 16:38:21
i_17e968a51057,c_4906b06a2bfc,both,A,2026-06-12 16:39:41
i_1232aac001e0,c_d8851659a558,both,A,2026-06-12 16:42:17
i_683741a1d895,c_ccf6f90344fd,resource_card,A,2026-06-12 16:46:09
i_40b8b6859a08,c_50814f7ad3f5,resource_card,A,2026-06-12 16:49:37
i_07431843d898,c_bf5aa55f156a,resource_card,A,2026-06-12 16:56:26
i_3e588a4570a9,c_a731e69be72a,resource_card,A,2026-06-12 17:04:25
i_f0973bdd529e,c_a10aa11e0bbb,both,A,2026-06-12 17:16:42
i_cf650ad22b73,c_e8bea1888454,resource_card,A,2026-06-12 17:33:56
i_2ddea75c8ce8,c_63fcfd9a777d,resource_card,A,2026-06-12 17:34:26
i_78c53ad56c56,c_b09010b75d25,resource_card,A,2026-06-12 17:37:59
i_9b0289f644d4,c_7e45d4f38789,both,A,2026-06-12 17:48:28
i_29d3c3ca25fc,c_1ca2e7fee867,resource_card,A,2026-06-12 17:53:47
i_357f615451af,c_b52e8256fb9e,resource_card,A,2026-06-12 18:03:07
i_36bfa65b15ff,c_dbc7496ed4e5,resource_card,A,2026-06-12 18:06:35
i_554158980f11,c_f123534b1c92,both,A,2026-06-12 18:15:35
i_28540a1a9196,c_e720a51ff1ec,resource_card,A,2026-06-12 18:21:35
i_606b24d1311d,c_6fc0f1de769f,resource_card,A,2026-06-12 18:32:56
i_63182afb5166,c_9263d28d811b,resource_card,A,2026-06-12 18:43:50
i_17dc0babf7a3,c_ac0ec3823d81,both,A,2026-06-12 18:48:12
i_f24184643352,c_10e275cfaf1c,resource_card,A,2026-06-12 18:55:29
i_e94453736b35,c_5f2a79394bde,resource_card,A,2026-06-12 19:00:15
i_23966c6ad652,c_59faf53ef559,both,A,2026-06-12 19:20:55
i_bd8162ae7ae5,c_b83f15d926f4,both,A,2026-06-12 19:45:02
i_5ec12d285ec1,c_b33191184b8a,resource_card,A,2026-06-12 19:46:07
i_2562c862e2de,c_150b2acaf0d4,resource_card,A,2026-06-12 19:47:20
i_86ef3480ab7f,c_889196874a68,resource_card,A,2026-06-12 19:53:06
i_7bb1d547ef32,c_3528da002389,resource_card,A,2026-06-12 19:54:49
i_641d0c35d8f6,c_d839c91fbd41,resource_card,A,2026-06-12 20:04:22
i_101c8c9327ff,c_f6c0ff991444,resource_card,A,2026-06-12 20:08:55
i_3401db923a3a,c_c3c5d3be7ecf,resource_card,A,2026-06-12 20:11:23
i_fb221396e93f,c_d4632fbf9122,both,A,2026-06-12 20:57:10
i_2d1ec7dd1e24,c_244287772d5c,both,A,2026-06-12 21:36:32
i_8bb5cf3e3dea,c_892288f7ecbe,resource_card,A,2026-06-12 21:45:48
i_dd05b8bd0182,c_27001f77956e,both,A,2026-06-12 21:45:52
i_428eed1ed67b,c_f0a0efaeb58d,both,A,2026-06-12 21:48:22
i_9f34db07a783,c_dfa16eaaffb4,resource_card,A,2026-06-12 21:58:56
i_9303d4939f69,c_559b1f0f5015,both,A,2026-06-12 22:02:31
i_221e5e2cb608,c_e5aaf2118ee1,resource_card,A,2026-06-12 22:15:27
i_5d3b9850e016,c_7820f1fa232f,resource_card,A,2026-06-12 22:34:12
i_5de58867c804,c_ed23fb4ff28c,both,A,2026-06-12 22:36:10
i_e2ab6ecc0d28,c_03d59c9efc1d,resource_card,A,2026-06-12 22:37:17
i_0e8c2888367d,c_c9b2e1961f6e,both,A,2026-06-12 22:47:38
i_ca1544d42af9,c_225b710bba0b,resource_card,A,2026-06-12 22:52:12
i_bc7c37f51b68,c_20a012b9aa34,resource_card,A,2026-06-12 22:59:23
i_7031408e6b76,c_be2585abb864,both,A,2026-06-12 23:10:21
i_f6facd5e2b78,c_342063e26552,resource_card,A,2026-06-12 23:29:36
i_5ade27da0396,c_862d17ed2654,resource_card,A,2026-06-12 23:30:36
i_565e324dc9a3,c_f2c9e3a5c926,both,A,2026-06-12 23:38:32
i_3b2af1e9871e,c_00ba87d78fbf,both,A,2026-06-12 23:53:27
i_9f9634fecbaa,c_fa5463e6555d,resource_card,A,2026-06-13 00:30:35
i_f5bef3064523,c_286a93511c45,both,A,2026-06-13 01:21:39
i_a14434e048b3,c_0afbf4449d98,resource_card,A,2026-06-13 01:48:41
i_0e618698a09e,c_b95c4fc65036,both,A,2026-06-13 01:51:09
i_fc9652bc527f,c_1c95975ca27b,both,A,2026-06-13 02:00:29
i_712d0d606c1a,c_b5fc0a911d6d,resource_card,A,2026-06-13 02:19:08
i_1778acebc407,c_b500724a904c,both,A,2026-06-13 02:41:53
i_475e98359ca9,c_7f942b5dac5a,resource_card,A,2026-06-13 03:04:13
i_911e70f3aedc,c_e35f1e832c27,both,A,2026-06-13 03:49:41
i_1387606fa507,c_05e706a278c2,resource_card,A,2026-06-13 06:15:50
i_49a166c1cb7c,c_7302ef8c548d,both,A,2026-06-13 07:53:03
i_cf27ebd5e185,c_7d91c1b22d8d,resource_card,A,2026-06-13 08:16:39
i_64f955ec7752,c_6ab0d7d3d3f5,both,A,2026-06-13 08:20:20
i_afe6c94fe601,c_2c359bc98b6a,resource_card,A,2026-06-13 08:26:56
i_66d6520e195e,c_fa82235319e9,resource_card,A,2026-06-13 08:38:55
i_8b1dd03c5eac,c_51d204228ab6,resource_card,A,2026-06-13 08:43:51
i_643b3c0684a7,c_db10c1a4cc20,resource_card,A,2026-06-13 08:50:07
i_ef58fa5eec3e,c_0438f173e305,resource_card,A,2026-06-13 09:10:35
i_a78245fca68b,c_a8e8134636c5,resource_card,A,2026-06-13 09:13:39
i_5d7f1e849650,c_e88fbccdf0ad,resource_card,A,2026-06-13 09:44:04
i_33c380a42d79,c_242553a784de,both,A,2026-06-13 10:00:34
i_ad78a34e3cf2,c_ea9fcf963382,both,A,2026-06-13 10:42:06
i_40cd5975e2d4,c_bc5fe5344a7f,both,A,2026-06-13 10:57:09
i_3ca59f5b18b1,c_3b00bb386c7f,resource_card,A,2026-06-13 11:02:45
i_7f7ac21926a7,c_747c8db87463,both,A,2026-06-13 11:11:47
i_024cbfe498ac,c_69d9f2585eff,both,A,2026-06-13 11:20:35
i_8e43602e106b,c_0da1da4330f1,resource_card,A,2026-06-13 11:24:41
i_9b6d2824ad4d,c_bfc64936fdf2,resource_card,A,2026-06-13 11:30:43
i_36651a3ccac6,c_1aeab5d291a0,resource_card,A,2026-06-13 11:44:46
i_3072b8fdcd0b,c_d70ac1beabee,both,A,2026-06-13 11:57:47
i_017ea0688420,c_f7d542d901bf,resource_card,A,2026-06-13 12:04:27
i_f8c88952bcd4,c_9e6872c2ee69,resource_card,A,2026-06-13 12:09:10
i_26976b7fe316,c_9bff714959d1,resource_card,A,2026-06-13 12:11:19
i_660706a0a61b,c_cc11feb58a42,both,A,2026-06-13 12:52:39
i_bff60600c647,c_9a1e91cdfb13,both,A,2026-06-13 13:06:11
i_63cb7e9ac942,c_5988530a3bc6,both,A,2026-06-13 13:08:58
i_2d412e97e206,c_268cbb33828b,resource_card,A,2026-06-13 13:11:56
i_67b692c1bcb6,c_b85281eb734d,both,A,2026-06-13 13:15:33
i_3375c30a0909,c_bae68bd9ed93,resource_card,A,2026-06-13 13:31:12
i_4bfbdafd3ba3,c_94f3a5739b77,resource_card,A,2026-06-13 13:41:21
i_e86b250a63a7,c_184d7f33d914,resource_card,A,2026-06-13 13:41:48
i_c7a6ba0172dd,c_602b34e45b2f,both,A,2026-06-13 13:59:10
i_946ff62c0275,c_3088b8f2073c,both,A,2026-06-13 14:04:14
i_06b5cd5f730c,c_b3ef9f49ce36,both,A,2026-06-13 14:17:07
i_094f0c4ca0ff,c_eb7f4f3ef31d,both,A,2026-06-13 14:34:52
i_cc68b5e6d792,c_fb64e07b3def,both,A,2026-06-13 15:01:46
i_2e958f70c831,c_2eb46b1713c4,resource_card,A,2026-06-13 15:15:45
i_232944307978,c_cf45d85de119,resource_card,A,2026-06-13 15:24:07
i_a3975847442a,c_4f2bb79b3ae5,resource_card,A,2026-06-13 15:26:03
i_068483225ec3,c_acdfbd1e1268,resource_card,A,2026-06-13 16:27:13
i_711ed839b91b,c_2a2480de75cb,resource_card,A,2026-06-13 16:49:39
i_8ba9bc35631a,c_a7c4988730cf,resource_card,A,2026-06-13 16:57:20
i_38d93079fa3a,c_354ee2310617,both,A,2026-06-13 17:10:47
i_e0e8842a4de8,c_714bf60cdb59,resource_card,A,2026-06-13 17:18:48
i_fa33152e0597,c_3cac13f6613e,resource_card,A,2026-06-13 17:20:09
i_4049f33678a9,c_d7a18a637f27,both,A,2026-06-13 17:48:57
i_2c97b6daf577,c_611bd5289cf9,both,A,2026-06-13 17:49:34
i_5e68ed71d33f,c_6b1fc40404e5,both,A,2026-06-13 18:01:07
i_3148a08df5c6,c_f5cba3e2babd,resource_card,A,2026-06-13 18:04:29
i_f0427b3a2f67,c_d5fbd03eb6ae,resource_card,A,2026-06-13 18:08:22
i_5b4ee5d7fdcb,c_d6e760ef0d4e,resource_card,A,2026-06-13 18:49:39
i_abb42c0939b2,c_928bc775e77c,both,A,2026-06-13 18:50:34
i_f6c839af7040,c_8a116d587bd8,resource_card,A,2026-06-13 19:21:57
i_119e2177df12,c_6c89f16d05f5,resource_card,A,2026-06-13 19:29:26
i_0d1c2942a371,c_dd6ffd905cef,both,A,2026-06-13 19:41:57
i_9eb5bf87b87d,c_2e188ecc3a3c,resource_card,A,2026-06-13 19:48:31
i_72765982590b,c_b6d88f641574,resource_card,A,2026-06-13 19:59:49
i_9705ce94b5b3,c_ec30c80826d0,both,A,2026-06-13 20:27:57
i_74d0fa68569e,c_d44bda0865bf,resource_card,A,2026-06-13 20:34:46
i_2b9d6b409daa,c_d93447cd91ec,resource_card,A,2026-06-13 20:48:21
i_9c3116ef173c,c_5ebbb33db859,both,A,2026-06-13 20:49:10
i_8b4a4752dae1,c_8995da368d82,both,A,2026-06-13 21:08:15
i_f079244eaaee,c_15f0c642486d,resource_card,A,2026-06-13 21:12:22
i_c3125b25888b,c_1e423e26f3ad,both,A,2026-06-13 21:23:16
i_476ce77e8ea5,c_c0876cfd2fac,resource_card,A,2026-06-13 21:37:08
i_058dee349900,c_7d58089da60c,resource_card,A,2026-06-13 21:48:20
i_82931bca14cf,c_0c7e92f5eb47,resource_card,A,2026-06-13 22:23:41
i_23333051f8ed,c_e6eedf1a42d8,both,A,2026-06-13 22:33:15
i_47e4daca4e9f,c_7a6513f35b8c,both,A,2026-06-13 22:34:23
i_ee6fe0353113,c_cb67e4700e4b,resource_card,A,2026-06-13 22:38:52
i_e3b350e0d2f1,c_eeb4a33d15e9,resource_card,A,2026-06-13 22:50:18
i_105399c928f2,c_13338b087354,both,A,2026-06-13 23:05:30
i_7601059d48ee,c_b39d55384750,resource_card,A,2026-06-13 23:11:23
i_428f3e4d4468,c_21b8d352b99b,resource_card,A,2026-06-13 23:16:42
i_39c4821765e0,c_cf92228380e5,resource_card,A,2026-06-13 23:23:19
i_a66c7990caa2,c_f64957f5fc5e,resource_card,A,2026-06-13 23:27:18
i_0514fb07fbb5,c_8b9dc1b228ac,both,A,2026-06-13 23:32:52
i_950e3ac9ad64,c_a2db73034257,resource_card,A,2026-06-13 23:59:54
i_9b6903477b32,c_946ad01938af,resource_card,A,2026-06-14 00:06:28
i_4c0638cd0647,c_d3f08a34a1ed,resource_card,A,2026-06-14 00:14:37
i_16513df6e0a6,c_55951d5b3bed,resource_card,A,2026-06-14 00:30:46
i_f4fe119b6b65,c_8d1d5f8e4224,resource_card,A,2026-06-14 01:45:55
i_c67caf5b2ac0,c_adc95bdb1629,resource_card,A,2026-06-14 02:57:25
i_6f364c049296,c_25d3a97151ea,both,A,2026-06-14 03:20:56
i_31269742d0dd,c_d9490892ee77,both,A,2026-06-14 04:46:52
i_a5a0fb823c76,c_362f61dd4c07,resource_card,A,2026-06-14 05:20:45
i_f7b776ce9480,c_66aa5f39db9d,resource_card,A,2026-06-14 05:28:32
i_98964d87ec91,c_f22ff4dced01,resource_card,A,2026-06-14 05:35:48
i_fd7c7af5b4de,c_5aa1def6afd4,both,A,2026-06-14 05:38:32
i_2d192dbd5d19,c_f7b8ea62bd1b,resource_card,A,2026-06-14 06:38:51
i_b0327d483167,c_26ef4c9cca9a,both,A,2026-06-14 07:01:29
i_d57e6b2c30db,c_8145b110a57e,resource_card,A,2026-06-14 07:13:39
i_e1ae80c9fc8b,c_7a94e9082da7,resource_card,A,2026-06-14 07:55:25
i_a299d4cc83c6,c_7de5f5edc1dc,resource_card,A,2026-06-14 08:03:29
i_1b6b6af9f102,c_5d2e3f719cf5,resource_card,A,2026-06-14 08:04:48
i_eb070fede172,c_2bc0d7490443,resource_card,A,2026-06-14 08:28:32
i_0a912873e761,c_338943b07886,resource_card,A,2026-06-14 08:44:09
i_74319f0d992d,c_7b2347a3686d,both,A,2026-06-14 08:47:50
i_d3c3ad3bcfbc,c_4cc6fd4d7d02,resource_card,A,2026-06-14 09:13:29
i_e165630077e6,c_2d300307660d,both,A,2026-06-14 09:31:19
i_69fb839243ce,c_1bce4dafa9e9,both,A,2026-06-14 09:43:13
i_77e86077fbb1,c_a2f2a355aab4,resource_card,A,2026-06-14 09:51:18
i_b3649904e2e9,c_d381e1088617,both,A,2026-06-14 09:51:59
i_f79b150c1b2d,c_ac1716153ba3,resource_card,A,2026-06-14 10:10:02
i_f7b78c0db1e4,c_1de67ad92809,both,A,2026-06-14 10:10:13
i_767dba5470e2,c_40d481dd9c1f,resource_card,A,2026-06-14 10:10:49
i_b0df63d4b064,c_09964b217d7a,resource_card,A,2026-06-14 10:33:04
i_8a7855f0a9b8,c_1b48a7f26e17,resource_card,A,2026-06-14 10:35:01
i_10a648c91e28,c_5b31b8756216,both,A,2026-06-14 10:41:02
i_5c14af57c0af,c_5a1c393a375a,resource_card,A,2026-06-14 10:44:27
i_3f2db506f8ad,c_a7d977c97b61,both,A,2026-06-14 10:46:37
i_9c4a5de4d449,c_79cde1047626,resource_card,A,2026-06-14 10:50:19
i_6c5887818ea3,c_85ba3968364a,resource_card,A,2026-06-14 10:59:27
i_96efb8075d9b,c_af19939e8896,resource_card,A,2026-06-14 11:10:43
i_c7dbf5d4370b,c_2ef4db677bd9,both,A,2026-06-14 11:26:56
i_ecac5616e165,c_b38e74d4d1f7,both,A,2026-06-14 11:40:45
i_7b48093a7986,c_92aca18a6910,both,A,2026-06-14 12:09:01
i_96d0551174b7,c_1d9375759338,resource_card,A,2026-06-14 12:11:02
i_feb1b31acf85,c_e1893d94a3a4,resource_card,A,2026-06-14 12:35:01
i_42faaa5e1067,c_b21a3b94ee1e,resource_card,A,2026-06-14 12:39:45
i_a595c7694f0b,c_1fa042c89539,resource_card,A,2026-06-14 13:10:12
i_5df600f6031a,c_18b826d6439c,both,A,2026-06-14 13:26:35
i_50ef39800436,c_11d4709172e4,resource_card,A,2026-06-14 13:30:26
i_33922bd1bc84,c_28d73984847c,resource_card,A,2026-06-14 13:37:02
i_de4d1bdfa397,c_50d0c326e789,resource_card,A,2026-06-14 13:46:11
i_f796e55eeda8,c_98c3d0cf5772,resource_card,A,2026-06-14 14:13:55
i_6d32f432a8e1,c_f83b1cd1cdda,both,A,2026-06-14 14:17:55
i_df5da9f7c578,c_7e0b131c03f0,resource_card,A,2026-06-14 14:20:33
i_618fc3789540,c_c268cdbba23d,both,A,2026-06-14 15:49:41
i_fc374acc33ac,c_c2f185660de4,resource_card,A,2026-06-14 15:54:48
i_15f781bf7eec,c_c85228b02ee6,resource_card,A,2026-06-14 16:01:09
i_cf3d1b020ecd,c_42c44ac232ef,both,A,2026-06-14 16:16:42
i_745a74d23bde,c_8f30844226db,resource_card,A,2026-06-14 16:20:03
i_ad696768263f,c_cd0c1b688b95,both,A,2026-06-14 16:22:56
i_74821d7c1554,c_0308448d6a25,both,A,2026-06-14 16:26:46
i_1688c363aea4,c_43a75d23d00c,resource_card,A,2026-06-14 17:10:19
i_e0628470693f,c_ea48dcba0350,resource_card,A,2026-06-14 17:45:27
i_3f0845e8afde,c_9d3e63e7b550,resource_card,A,2026-06-14 18:03:29
i_83d5834fb825,c_2ac1759086ba,resource_card,A,2026-06-14 18:14:57
i_6d5396a4570b,c_14e936b4234c,resource_card,A,2026-06-14 18:18:28
i_6d61ab4acd9d,c_0fd2c00e2976,resource_card,A,2026-06-14 18:33:59
i_9212cfbee90d,c_a99994c3a072,resource_card,A,2026-06-14 18:41:37
i_6c45a163ba50,c_205afeccfb18,resource_card,A,2026-06-14 18:55:41
i_1f0120eb494b,c_724b73dd6f0f,resource_card,A,2026-06-14 19:04:00
i_1901e6a0b96c,c_d9708b663c6f,both,A,2026-06-14 19:37:42
i_65c2e111c688,c_014cbbab4286,resource_card,A,2026-06-14 20:33:48
i_b841bf0650a3,c_27d0fc81069a,both,A,2026-06-14 20:47:30
i_376a22f6cc8a,c_265eb6df6253,resource_card,A,2026-06-14 20:51:40
i_d779068ac45b,c_b175e246d95c,both,A,2026-06-14 20:51:50
i_784b7ed22d01,c_12eeb2f18eb0,both,A,2026-06-14 20:55:59
i_b1ed147cf437,c_abc8f04d0724,resource_card,A,2026-06-14 21:23:01
i_038f2aead5d7,c_669828aa8461,both,A,2026-06-14 21:47:04
i_a68d34507c44,c_c79a98d0cdf5,resource_card,A,2026-06-14 21:55:34
i_584f0c321c42,c_6ee28d85c603,both,A,2026-06-14 21:56:56
i_d5de384c62e6,c_5a850953b44a,both,A,2026-06-14 22:00:32
i_d4bc3c7c2eb8,c_be6c365d6690,resource_card,A,2026-06-14 22:04:01
i_2dd761038229,c_385b546c6a57,both,A,2026-06-14 22:19:31
i_4dd41d323eeb,c_c31687c54787,both,A,2026-06-14 22:20:56
i_873e90a2a1bf,c_0b2abca7aacb,resource_card,A,2026-06-14 22:26:48
i_044a0556c89f,c_72fe4841944d,resource_card,A,2026-06-14 22:30:58
i_5e2bcb1e6dc0,c_3a4092b7b614,both,A,2026-06-14 22:40:55
i_b61a352b6def,c_7508038a9c8d,resource_card,A,2026-06-14 22:46:01
i_8144e694ed9d,c_06b90b62855f,both,A,2026-06-14 23:20:04
i_5604f5154247,c_a183b40f1ce9,resource_card,A,2026-06-14 23:47:40
i_032cd1a5c084,c_3c0236c9e178,resource_card,A,2026-06-15 00:09:47
i_4d493d7dc101,c_c012ff042d72,resource_card,A,2026-06-15 00:44:25
i_853b32e65ed8,c_29173a7cdea7,resource_card,A,2026-06-15 01:01:28
i_4217113e5d96,c_c541a86c7c3f,both,A,2026-06-15 01:31:42
i_1f38d0735e0f,c_3efa6473f5a0,both,A,2026-06-15 01:42:35
i_21f8080e86df,c_3c87d9fca8fc,both,A,2026-06-15 03:54:08
i_8360d5ff1422,c_2e322a98b2ef,both,A,2026-06-15 05:37:55
i_5e6668ae7634,c_c0d8323981f8,resource_card,A,2026-06-15 07:02:19
i_a86e883ccfac,c_07ce2a787629,resource_card,A,2026-06-15 08:21:29
i_ab28a87c492f,c_0041764d40eb,resource_card,A,2026-06-15 09:03:05
i_e011bace72fc,c_989627e915b5,resource_card,A,2026-06-15 09:36:31
i_e4ed3aab29f9,c_cf5011416df6,both,A,2026-06-15 09:42:59
i_f715b2437d9d,c_8228161086c3,resource_card,A,2026-06-15 10:26:37
i_cf668361a124,c_f4abf02bd3b5,both,A,2026-06-15 10:31:49
i_24dea4d0b02d,c_ae083081c928,resource_card,A,2026-06-15 11:09:15
i_4709e9f82d79,c_6b0403599ab3,resource_card,A,2026-06-15 11:13:35
i_56417f0b876f,c_95907cd2d381,both,A,2026-06-15 11:16:52
i_65d8b811bb5b,c_8f7c99aa89a6,resource_card,A,2026-06-15 11:36:17
i_3d7dbd7802d6,c_489f1e5c413c,resource_card,A,2026-06-15 11:49:16
i_3b3b42c5c507,c_0559e36f14b5,both,A,2026-06-15 11:52:26
i_53f7af624d48,c_c75e3d4db41b,resource_card,A,2026-06-15 12:03:38
i_2b932f62194f,c_8dcb4c2bfa21,both,A,2026-06-15 12:08:19
i_1c52e5f43a5b,c_16afcc55db94,both,A,2026-06-15 12:08:35
i_46c65f3117bf,c_2d30124cb7cc,resource_card,A,2026-06-15 12:43:13
i_3bc8a25b7a3b,c_e69d66a4c896,resource_card,A,2026-06-15 12:59:11
i_5244ed92a954,c_7d9f4d29e77f,resource_card,A,2026-06-15 13:02:52
i_038b8f46c73f,c_f5ccab7f3b94,resource_card,A,2026-06-15 13:04:35
i_e5ee1d55e72d,c_9dec7e6ea83a,resource_card,A,2026-06-15 13:16:38
i_f4abd84bb3af,c_81f7b1c17466,both,A,2026-06-15 13:59:05
i_891530a99d17,c_4ebef24f4795,both,A,2026-06-15 14:43:07
i_23a0e158711c,c_06cd533b797a,both,A,2026-06-15 15:26:03
i_90863ce9314e,c_ecb901d13759,resource_card,A,2026-06-15 15:26:06
i_ec04a0b8c629,c_c6545c767b98,both,A,2026-06-15 15:42:52
i_25731c38719e,c_fd79eff7e534,resource_card,A,2026-06-15 15:45:17
i_79afd4c4468b,c_f757e57b3c2f,resource_card,A,2026-06-15 16:10:28
i_339cb378eca3,c_119a498c00f0,resource_card,A,2026-06-15 16:13:51
i_735935069948,c_45bfd54a2440,resource_card,A,2026-06-15 16:23:58
i_075c1968c622,c_cb17d30cb9ee,resource_card,A,2026-06-15 16:36:07
i_6a8551e94b2f,c_ad13632da780,resource_card,A,2026-06-15 16:39:52
i_498e5df9a3f0,c_2abbc54eedfd,resource_card,A,2026-06-15 16:43:12
i_5641d9e941e2,c_1d7c9f7541fc,resource_card,A,2026-06-15 17:01:04
i_6cfcfb87bdb4,c_b1fa7be63300,both,A,2026-06-15 17:02:34
i_b498d2ff7373,c_4a9f8b73889e,resource_card,A,2026-06-15 17:10:05
i_4dcefeedaed9,c_3764b61877b5,both,A,2026-06-15 17:32:12
i_c39ae18e4190,c_0d8ebf94a6c4,resource_card,A,2026-06-15 17:36:55
i_44ed619e5d3d,c_e1a0ebc0a9f3,resource_card,A,2026-06-15 17:43:57
i_6d17a5ed3374,c_4e0b928a5214,both,A,2026-06-15 17:56:26
i_bbbff5413608,c_9a000fc9d140,resource_card,A,2026-06-15 18:26:27
i_7f07c84c29b3,c_c8a81cc9b0c3,both,A,2026-06-15 18:27:03
i_028de2cfd208,c_33a37a791821,both,A,2026-06-15 18:29:49
i_e026964ac068,c_e501934e5fa5,resource_card,A,2026-06-15 18:34:33
i_ef72393773fd,c_b6b0c7644b8a,resource_card,A,2026-06-15 19:00:01
i_496ad4b9e9a8,c_796d30cc39b1,resource_card,A,2026-06-15 19:16:50
i_7637a422dc75,c_fcb585a9f091,resource_card,A,2026-06-15 19:18:05
i_166fd6aa229a,c_901db3743f0c,resource_card,A,2026-06-15 19:26:53
i_93767886efa5,c_fdb7b7b706c7,both,A,2026-06-15 19:59:46
i_9c1210c87d4b,c_5ab23de6b113,both,A,2026-06-15 20:23:23
i_c7c0c1f3f5c6,c_d634c18c1515,resource_card,A,2026-06-15 20:34:13
i_0ba44459b6b4,c_63716acf95ea,resource_card,A,2026-06-15 20:44:32
i_334e50344e84,c_b63af6d59937,resource_card,A,2026-06-15 20:46:05
i_733eda617bfe,c_499acb32a388,both,A,2026-06-15 20:48:04
i_a5c9d7ab8265,c_7be069e448e1,resource_card,A,2026-06-15 20:56:37
i_5ef567ef8042,c_706f409872d6,resource_card,A,2026-06-15 21:03:39
i_684eb95fde84,c_5e1c6dd44a18,both,A,2026-06-15 21:04:54
i_a97ae8d580aa,c_8477f32493fd,resource_card,A,2026-06-15 21:07:38
i_a325058f0113,c_65d9366f9ced,resource_card,A,2026-06-15 21:10:20
i_cbb726d9aef0,c_7ff4535e4bf9,resource_card,A,2026-06-15 21:12:21
i_feb30d23eb68,c_f71c3ad39275,resource_card,A,2026-06-15 21:58:06
i_2ca6a43cf45b,c_295a41f39d05,both,A,2026-06-15 21:59:31
i_41ab1750628f,c_fcd03ed70849,both,A,2026-06-15 22:03:40
i_fcc7e1e7f400,c_84f22a5b54bf,resource_card,A,2026-06-15 22:06:06
i_d91cc720efee,c_403b6b72b275,both,A,2026-06-15 22:23:25
i_a6380109f0c2,c_4f4db601ef5f,resource_card,A,2026-06-15 22:32:28
i_eaf85cdfb6be,c_f05e65595815,resource_card,A,2026-06-15 22:47:04
i_4eeec25673dd,c_5a796800f6ca,resource_card,A,2026-06-15 22:56:42
i_e80020441664,c_c2b0a8e2bc1f,both,A,2026-06-15 23:03:46
i_83b84666bfe1,c_629fb19eab64,resource_card,A,2026-06-15 23:42:39
i_1094f7dda1ce,c_d26538827f2c,resource_card,A,2026-06-15 23:44:47
i_9c9f6ea22d93,c_dafa4b1535f9,resource_card,A,2026-06-16 00:35:54
i_e50c9e8ff3d8,c_5f2f96126323,resource_card,A,2026-06-16 01:22:04
i_46d58c676533,c_b72bf83dd346,resource_card,A,2026-06-16 01:29:06
i_7865bc0aa3bb,c_9d0576788241,both,A,2026-06-16 02:00:49
i_afd14dc5187a,c_c8131274f1b8,both,A,2026-06-16 02:09:24
i_582985eff27c,c_827f78431dcc,both,A,2026-06-16 02:40:17
i_9a1aa460b440,c_b4d7870668e3,resource_card,A,2026-06-16 03:21:23
i_b2b613faa685,c_346482c74188,both,A,2026-06-16 04:00:21
i_eeeaa56ed174,c_a6ba6624651c,resource_card,A,2026-06-16 04:30:07
i_fffae813b40d,c_cba340225560,resource_card,A,2026-06-16 05:09:56
i_a9d5e778f216,c_15d65672d647,both,A,2026-06-16 05:24:45
i_705539827dab,c_b936d0ac0555,resource_card,A,2026-06-16 06:25:53
i_dd5a08f7f863,c_44784e64621a,both,A,2026-06-16 06:42:04
i_e65d1dba2d5d,c_860f6258275b,both,A,2026-06-16 06:42:38
i_feeadf2075cf,c_dc0436cb0654,resource_card,A,2026-06-16 07:43:22
i_c9a0a894375c,c_78bc812362c6,resource_card,A,2026-06-16 08:11:47
i_4c4387f30f9d,c_c941ed451d6b,both,A,2026-06-16 08:14:53
i_3cacb06e34a8,c_f8980fc1c82d,resource_card,A,2026-06-16 08:23:20
i_e7a0d97a67d4,c_71137178ec22,both,A,2026-06-16 08:23:49
i_212af38d58ec,c_220b32cbcbd8,both,A,2026-06-16 08:33:45
i_187cb319946b,c_ff3e63fdcc33,both,A,2026-06-16 08:42:00
i_b4b5cc5e4b7c,c_4c6326f12767,resource_card,A,2026-06-16 09:14:47
i_fc2add21a49d,c_8fa0597f6416,both,A,2026-06-16 09:20:08
i_cbe75db800af,c_0b75a631ff9d,resource_card,A,2026-06-16 09:25:04
i_5bfa80481fbe,c_c56f1d22c7b9,resource_card,A,2026-06-16 09:41:55
i_335e5f0fd9a6,c_4268fe6b7ac0,resource_card,A,2026-06-16 09:44:41
i_82776c9d74e1,c_5dc7b7875c26,resource_card,A,2026-06-16 09:45:42
i_7d9a3fb764f4,c_907f1e37b460,resource_card,A,2026-06-16 09:47:57
i_75a181178fbd,c_3dd9ea6b98da,resource_card,A,2026-06-16 10:01:37
i_8bc55a1fde30,c_2a986a121c09,resource_card,A,2026-06-16 10:19:50
i_d8ebc2f83ef6,c_1af391235657,resource_card,A,2026-06-16 10:20:08
i_19ef334df08c,c_9dc7192d3404,resource_card,A,2026-06-16 10:30:20
i_02a4f21a592c,c_6bb490888c4c,both,A,2026-06-16 10:49:35
i_588694b3f58b,c_c2572675a477,both,A,2026-06-16 10:49:58
i_a80982a22310,c_e13faaa26155,both,A,2026-06-16 10:51:32
i_f2ea5f93bacd,c_25dbc3321072,resource_card,A,2026-06-16 10:52:26
i_646544f0e12b,c_d22de202057b,resource_card,A,2026-06-16 11:02:09
i_98d937008fb6,c_0c7056956310,both,A,2026-06-16 11:12:15
i_08c77bd10f1d,c_dc46fa3d5f45,resource_card,A,2026-06-16 11:21:15
i_d60159fcf389,c_79a0956b77a8,both,A,2026-06-16 11:39:49
i_76597682b740,c_46ce0c7d8d26,both,A,2026-06-16 11:40:28
i_c206d264bcf5,c_b9eafa321b78,resource_card,A,2026-06-16 11:40:43
i_96fd051cc3a3,c_eb923f6e5be4,both,A,2026-06-16 11:48:55
i_ff5da6cea70c,c_cf99be49ca4a,both,A,2026-06-16 12:02:14
i_aa6a5e41488f,c_258d60e66d4c,both,A,2026-06-16 12:05:24
i_e2f2fb75d0d9,c_785dd5bdf092,resource_card,A,2026-06-16 12:25:12
i_3b733092857d,c_fa5a2b09d162,both,A,2026-06-16 12:34:57
i_098ff9578494,c_8979e3a3f66a,resource_card,A,2026-06-16 13:05:54
i_285123f15280,c_c363962ed7ca,both,A,2026-06-16 13:15:22
i_23858b0f51ab,c_d6b3df51ffdc,resource_card,A,2026-06-16 13:29:53
i_08420265c7d9,c_a53600f7cf69,resource_card,A,2026-06-16 13:43:43
i_5e700a43edaa,c_aaeb30b3538b,resource_card,A,2026-06-16 13:55:09
i_bfa482dd2c69,c_daf2f36f45e7,resource_card,A,2026-06-16 14:01:03
i_23a0bcb2ccb0,c_132fcee55cf7,resource_card,A,2026-06-16 14:25:48
i_daaaf2d1c4e9,c_eeee37726b16,resource_card,A,2026-06-16 14:25:53
i_2ca4e2f11867,c_c06a62aa2142,both,A,2026-06-16 14:27:26
i_26bf38a52331,c_cd1aa16ae47d,both,A,2026-06-16 14:29:00
i_88892a7fad2c,c_f4bb1453a6f3,resource_card,A,2026-06-16 15:00:00
i_1039fbb24782,c_0f1b29393882,both,A,2026-06-16 15:06:07
i_9646126cb78b,c_1104694aa269,resource_card,A,2026-06-16 15:31:27
i_182ab6c07450,c_e5fcf306c366,both,A,2026-06-16 15:33:42
i_d72f2b0540dd,c_5505276e520d,both,A,2026-06-16 16:06:24
i_8cd4cab24cbf,c_beebe31b1031,resource_card,A,2026-06-16 16:09:30
i_43c02e22120b,c_1bc760c049ca,resource_card,A,2026-06-16 16:10:36
i_7f80456caa1c,c_674e1b966789,both,A,2026-06-16 16:17:10
i_ea5344b3fa14,c_2ef4755f9ea9,resource_card,A,2026-06-16 16:18:22
i_81f3c92d4b0a,c_cb227c26b8b6,both,A,2026-06-16 16:41:20
i_ae52d49029d8,c_5a71776a2174,both,A,2026-06-16 16:50:38
i_765b0b8071a2,c_0de7d718a4d1,resource_card,A,2026-06-16 16:50:38
i_797f4169c465,c_7fb02239f0dd,both,A,2026-06-16 17:03:09
i_68ab6f142549,c_4afe057d9f32,both,A,2026-06-16 17:04:00
i_c7bc5894afe2,c_452152551042,resource_card,A,2026-06-16 17:25:11
i_8fae247db259,c_2c07c30aa7a3,both,A,2026-06-16 17:43:22
i_f4b91bdff564,c_54fca2f68a18,both,A,2026-06-16 18:03:32
i_299e083afd9b,c_11d7cde16c19,resource_card,A,2026-06-16 18:08:08
i_e2fc89933190,c_fab67668717f,resource_card,A,2026-06-16 18:10:04
i_e8b955060e9a,c_f9ec0741cdbc,resource_card,A,2026-06-16 18:13:00
i_18cc36ffb25d,c_72299bb0a38e,both,A,2026-06-16 18:14:11
i_11f6ada61ae2,c_7a2207b789b1,resource_card,A,2026-06-16 18:26:50
i_b6ebcbee85ed,c_496e92d224a0,resource_card,A,2026-06-16 18:32:56
i_1f69cb360bd1,c_1cd2c0ab7ba0,both,A,2026-06-16 18:37:33
i_de9ec40785b1,c_155c182760b6,resource_card,A,2026-06-16 18:48:43
i_e12158b362dd,c_9b623214b17c,resource_card,A,2026-06-16 18:54:52
i_606a4720334b,c_c911e81b2394,both,A,2026-06-16 19:16:41
i_f407528cb46c,c_87f82df54ef0,both,A,2026-06-16 19:18:34
i_47221d5b3a34,c_88778757eb60,both,A,2026-06-16 19:25:27
i_0cc3ddf35679,c_d20c0d6cfac7,resource_card,A,2026-06-16 19:34:31
i_b9d7b6817ae5,c_320ffddf534f,both,A,2026-06-16 19:35:55
i_2ae6dd1042be,c_323fd2c05727,both,A,2026-06-16 19:42:39
i_0401981eab0b,c_493ac39859f5,resource_card,A,2026-06-16 19:53:17
i_a3213a8ff9ca,c_1ed5289b37cd,resource_card,A,2026-06-16 19:57:31
i_c0d2902ec1b5,c_9be3ccdbd0a3,resource_card,A,2026-06-16 20:12:35
i_1fe537f2f79d,c_0bb4a643004a,resource_card,A,2026-06-16 20:14:24
i_2a14c6737108,c_5481944a8491,both,A,2026-06-16 20:28:14
i_b3349054a6ae,c_3abf82c723cf,resource_card,A,2026-06-16 20:28:25
i_53d1081713a5,c_a324a73f6700,resource_card,A,2026-06-16 20:40:47
i_fd6157a808fa,c_74d3175d8df3,both,A,2026-06-16 20:43:35
i_0071d8b17ac7,c_8bc1a32470a5,both,A,2026-06-16 20:46:20
i_4ee28a3d25b6,c_af030d8c7c16,resource_card,A,2026-06-16 20:51:38
i_350945886fc5,c_d5e829570625,resource_card,A,2026-06-16 20:52:44
i_af17d55ca92b,c_0b319047d135,both,A,2026-06-16 20:53:10
i_09dfbd3251f3,c_fe3a4181bd04,both,A,2026-06-16 20:55:28
i_62de0a22654c,c_658b5f675416,resource_card,A,2026-06-16 20:58:19
i_44714da69a0d,c_4149a66b1dab,resource_card,A,2026-06-16 21:03:11
i_3228ac4a0439,c_230736465415,resource_card,A,2026-06-16 21:08:18
i_f616e5b1622f,c_cafa4b6d4a6d,resource_card,A,2026-06-16 21:12:11
i_dc90115a12ec,c_99e2dbdd1de6,resource_card,A,2026-06-16 21:29:10
i_6241d61daa5f,c_10fbda485504,resource_card,A,2026-06-16 21:34:48
i_c39c8a43b4f3,c_1ac5f8153b59,both,A,2026-06-16 21:38:24
i_6b7f585659ac,c_001f6608b66f,resource_card,A,2026-06-16 21:39:24
i_e8afe771222c,c_0fa6429e5d34,resource_card,A,2026-06-16 21:56:14
i_b81265cd830d,c_48ff2b21111d,resource_card,A,2026-06-16 22:00:30
i_b7e362de37dc,c_64f14926a3d3,resource_card,A,2026-06-16 22:03:37
i_8e1e8e8411db,c_92d9284f8cce,both,A,2026-06-16 22:17:54
i_a21dcf22b727,c_2602b8a894ad,resource_card,A,2026-06-16 22:24:53
i_269c6718a24c,c_dbf115f9676b,resource_card,A,2026-06-16 22:28:52
i_e4318b74736f,c_8dda3919d380,resource_card,A,2026-06-16 22:41:06
i_9e6c25105c0f,c_7bfd09b65e06,resource_card,A,2026-06-16 22:47:03
i_d4031ae594ac,c_55d2fef453d1,resource_card,A,2026-06-16 22:48:06
i_d6be14c0a787,c_52721220f2d3,resource_card,A,2026-06-16 22:51:40
i_94e03854c0ab,c_72766e419253,both,A,2026-06-16 23:03:17
i_dd087999af6a,c_1bfb7b4ef005,resource_card,A,2026-06-16 23:03:53
i_673b5e83133c,c_3f7a1bdbfe24,both,A,2026-06-16 23:16:45
i_02c927a49e0b,c_d14fdedddb10,both,A,2026-06-16 23:18:31
i_19cb37ac4d85,c_efd93a1d1231,resource_card,A,2026-06-16 23:29:59
i_f3d2dba51e27,c_38091235f347,both,A,2026-06-16 23:42:28
i_74ed364e63dd,c_f9beee543b0f,resource_card,A,2026-06-16 23:48:36
i_4c09a17601a7,c_531cbca77d90,resource_card,A,2026-06-16 23:56:28
i_e99400e96210,c_58c812f375fd,both,A,2026-06-17 00:08:55
i_76ff23e3be4b,c_9e323627277f,resource_card,A,2026-06-17 00:29:04
i_1d31c38da2fb,c_b79cadff3587,both,A,2026-06-17 01:20:41
i_b078b334d092,c_ac233c9b68a5,resource_card,A,2026-06-17 02:15:34
i_a36d947a2703,c_263765886abd,both,A,2026-06-17 02:48:06
i_1ec70fb0a1f2,c_ae09b5c677ea,both,A,2026-06-17 02:51:20
i_a5e1e776b064,c_eb534ef7701e,resource_card,A,2026-06-17 03:36:24
i_586f6b786c9f,c_d3d90ee4f8fa,resource_card,A,2026-06-17 07:32:23
i_c9388ea1169e,c_6b6421c6d8de,resource_card,A,2026-06-17 07:39:36
i_7ffe1cf108e9,c_6bcd529a1197,both,A,2026-06-17 07:53:31
i_1644c779dd1d,c_9470c541e7cb,resource_card,A,2026-06-17 08:16:21
i_839a7e1f716b,c_98f15dc2f0ba,resource_card,A,2026-06-17 08:17:05
i_e9378705b27b,c_dfe94efb7c44,resource_card,A,2026-06-17 08:34:08
i_e8effe5a708a,c_2ba930a753a6,resource_card,A,2026-06-17 09:07:57
i_f7041e771d2c,c_947f2ffa1053,resource_card,A,2026-06-17 09:14:35
i_e42f11786ed1,c_6a1b42428960,resource_card,A,2026-06-17 09:22:17
i_3c9897e05b8e,c_e6b6806e2d2e,resource_card,A,2026-06-17 09:35:47
i_0b49982a62c0,c_403fae0de275,resource_card,A,2026-06-17 09:37:58
i_4ea423770457,c_2ae2deaf4bef,resource_card,A,2026-06-17 09:55:08
i_11d0028da716,c_98d10edbeb01,resource_card,A,2026-06-17 09:59:33
i_21efbcbfbd02,c_c708bcde049b,both,A,2026-06-17 10:13:55
i_0daadc918bf8,c_548c3bfc83f7,resource_card,A,2026-06-17 10:16:51
i_6de9c5cfb2ef,c_a2266ffdc7f9,resource_card,A,2026-06-17 10:33:30
i_07e3e0fa61c4,c_5382d5177163,both,A,2026-06-17 10:48:05
i_c6c213eb587f,c_47079158b738,both,A,2026-06-17 11:07:25
i_b155851364c9,c_4f5fb0716092,both,A,2026-06-17 11:36:58
i_5ea019f97b06,c_b1105a7afae4,resource_card,A,2026-06-17 12:01:56
i_a22d6e5e9077,c_da156e5e87a0,both,A,2026-06-17 12:04:19
i_bc356452b0be,c_24f6b103b6d0,resource_card,A,2026-06-17 12:09:16
i_00d890664711,c_f2f373c6384e,resource_card,A,2026-06-17 12:11:07
i_854a980b7a20,c_e1201363fc54,resource_card,A,2026-06-17 12:20:45
i_1c6bf55106ff,c_5c5a21dfd038,resource_card,A,2026-06-17 12:22:51
i_d0630349f306,c_1939ef96037e,resource_card,A,2026-06-17 12:25:25
i_f213ca453fdb,c_423d997d0076,resource_card,A,2026-06-17 12:46:16
i_213346ad7969,c_9e24d19b2964,resource_card,A,2026-06-17 12:55:09
i_76d92305ba94,c_a147014495b4,resource_card,A,2026-06-17 13:05:02
i_801460be4222,c_ec4c34ec20a3,both,A,2026-06-17 13:08:51
i_e2d073dc387a,c_03e6ca4c49b3,resource_card,A,2026-06-17 13:20:54
i_9eeb5e80a69a,c_520949a7f169,resource_card,A,2026-06-17 13:34:58
i_1f796c14ef64,c_c1db6c218f0b,both,A,2026-06-17 13:41:54
i_7f0dbe49c1e3,c_c3f9b8b6e856,both,A,2026-06-17 13:48:58
i_4347dfcfaee3,c_3849707357be,both,A,2026-06-17 14:03:24
i_ace096f80eb3,c_109e7bb7a308,both,A,2026-06-17 14:12:32
i_07e50f050fe1,c_963f8ac7bd38,resource_card,A,2026-06-17 14:17:11
i_a1ce084d5834,c_4521872737fb,both,A,2026-06-17 14:18:45
i_5742aaa5d175,c_f96d4a8c7d64,both,A,2026-06-17 14:33:55
i_0a08a211a21c,c_585dfcf4cbe8,both,A,2026-06-17 14:34:43
i_dde74ce2b6a9,c_3bc6b80719a6,both,A,2026-06-17 15:15:55
i_4e4cd48ffc55,c_03b4da93c707,resource_card,A,2026-06-17 15:21:28
i_e4973a2aa00f,c_403184a90bd2,resource_card,A,2026-06-17 15:40:09
i_089e3d5ce028,c_88aa6f1211ed,resource_card,A,2026-06-17 15:40:24
i_a4fdd588fb17,c_de935357190f,resource_card,A,2026-06-17 15:47:59
i_ad7d6093ed47,c_a10950f3b62b,both,A,2026-06-17 15:53:47
i_b86fe11d933a,c_4ea674b47c1b,resource_card,A,2026-06-17 16:03:30
i_d7f660b10ee6,c_d6efdf49797c,both,A,2026-06-17 16:11:22
i_f454840b1ac6,c_6bda495c3afb,both,A,2026-06-17 16:16:36
i_fdfeadf3780c,c_2338c1891da4,resource_card,A,2026-06-17 16:17:56
i_445e01010669,c_d17eb3fab833,resource_card,A,2026-06-17 16:20:50
i_89d8c3f75fff,c_d3c2d8f4e280,resource_card,A,2026-06-17 16:23:05
i_9c0edb4276c7,c_9bfc4f53d89a,resource_card,A,2026-06-17 16:32:15
i_74d47ec5eadb,c_28692e24bc58,both,A,2026-06-17 16:39:48
i_52837aaaf4ff,c_8843c50392ed,resource_card,A,2026-06-17 16:41:05
i_a6c9b633b03e,c_c536e5430803,resource_card,A,2026-06-17 16:43:20
i_02ae4f84d5cc,c_b6eecdeb092c,resource_card,A,2026-06-17 16:43:58
i_2b53bbabe3d6,c_d0bb38dff541,both,A,2026-06-17 16:49:34
i_0828c425932f,c_1aabfb103849,resource_card,A,2026-06-17 16:52:13
i_7ede167efe4a,c_ac0acca1e4fa,resource_card,A,2026-06-17 17:03:28
i_0511b4d40ad7,c_da52d2d6c925,both,A,2026-06-17 17:07:14
i_5f0997d81b65,c_2227654763c6,both,A,2026-06-17 17:10:45
i_ab5f9aef904b,c_195f30180ad5,resource_card,A,2026-06-17 17:25:33
i_eea56e293574,c_dbfa437830cf,both,A,2026-06-17 17:58:14
i_d15d7c733090,c_03717539a7cc,resource_card,A,2026-06-17 18:06:15
i_5126a4e9bd26,c_5b2875d29878,resource_card,A,2026-06-17 18:10:32
i_c78ffb35acc8,c_70b29820c8f4,resource_card,A,2026-06-17 18:26:53
i_3dd624af6e22,c_27c63dc03059,both,A,2026-06-17 18:30:00
i_39dab3f9532f,c_1844e7507154,resource_card,A,2026-06-17 18:32:23
i_9a96284fce3c,c_67a734bf5e73,resource_card,A,2026-06-17 18:35:51
i_e460d30d3b94,c_36d9dfc5c496,resource_card,A,2026-06-17 18:37:20
i_ca502d24bc1b,c_702eb693e546,resource_card,A,2026-06-17 18:49:27
i_ea893fdace87,c_32726a7a5edf,resource_card,A,2026-06-17 18:50:55
i_c8a65a9fdd78,c_2de1ae2a8c4c,resource_card,A,2026-06-17 18:55:19
i_f3d0178fc8f4,c_f382728983cc,resource_card,A,2026-06-17 19:04:27
i_62dbc72ad454,c_4fbf95bbeb27,both,A,2026-06-17 19:14:15
i_57172e6d49ad,c_7fb20c13c98c,resource_card,A,2026-06-17 19:45:28
i_c953068af964,c_4611705a6824,resource_card,A,2026-06-17 19:46:53
i_96e5f1e701c4,c_4ed5ff08c476,both,A,2026-06-17 19:50:08
i_c7404f06d006,c_7f067eae3c06,resource_card,A,2026-06-17 20:03:26
i_bfee86f14636,c_d830da79acfe,resource_card,A,2026-06-17 20:35:59
i_f805546047f9,c_711f78c4d859,resource_card,A,2026-06-17 20:40:54
i_acb37ca688d4,c_74f9e90b3080,resource_card,A,2026-06-17 20:51:40
i_fc8ff503d5f0,c_7ec12753eda1,resource_card,A,2026-06-17 21:10:13
i_b31550cc6f41,c_f0ac0cdeeea6,resource_card,A,2026-06-17 21:14:43
i_26d6a0003665,c_1ad52fd35773,resource_card,A,2026-06-17 21:28:14
i_2f791712a6a5,c_6a1220c84b2b,both,A,2026-06-17 21:34:54
i_30505dc9ba57,c_df64469c110e,resource_card,A,2026-06-17 21:36:26
i_197ec463dead,c_19f76bb7ac4f,resource_card,A,2026-06-17 21:46:09
i_8dd27493d323,c_1e07a4779f86,both,A,2026-06-17 22:09:33
i_2ed4ce880b65,c_084a268d52aa,resource_card,A,2026-06-17 22:26:01
i_9066546b17ac,c_cf106567b30d,both,A,2026-06-17 22:36:54
i_cfc663e5a9ad,c_55a40b0b2d71,resource_card,A,2026-06-17 22:39:19
i_a2edf8ee7b92,c_57ab4ab8780a,resource_card,A,2026-06-17 22:59:02
i_87d408bd5200,c_612e6e06ba40,resource_card,A,2026-06-17 23:04:12
i_d73c2a8e88d7,c_3b42d0f5b5be,resource_card,A,2026-06-17 23:14:31
i_0a5bfc83aa91,c_3d47b369967a,resource_card,A,2026-06-17 23:26:35
i_d6c76dd5e38e,c_db252db6477f,resource_card,A,2026-06-17 23:26:32
i_2123245530d3,c_6feff3b82797,both,A,2026-06-17 23:39:44
i_3187bd9ecfc0,c_0bb9675587c1,resource_card,A,2026-06-17 23:47:20
i_47cecf421aca,c_eb5c36cec5dd,resource_card,A,2026-06-18 00:26:18
i_2d3b4f64fb15,c_a16dac1e6059,resource_card,A,2026-06-18 00:37:33
i_62f039a2034d,c_9c4945f9930e,resource_card,A,2026-06-18 00:37:54
i_dce0b1aa1236,c_b4648442101a,both,A,2026-06-18 00:48:32
i_7d1a001b0e8b,c_b9b5f0a0c66b,resource_card,A,2026-06-18 00:53:19
i_674740d61be9,c_f80d36e8cf67,both,A,2026-06-18 00:54:24
i_bf12bcca2987,c_6dc658cb3c80,both,A,2026-06-18 01:45:10
i_4171f560e036,c_7201382c25e9,both,A,2026-06-18 02:02:32
i_9885872f2805,c_6c4d945b35b2,resource_card,A,2026-06-18 02:10:14
i_77331e6dc601,c_3e9006ceb503,both,A,2026-06-18 02:11:07
i_03d6e33055c0,c_677f17917d53,resource_card,A,2026-06-18 02:13:30
i_f107d088050c,c_0be40e6b2662,both,A,2026-06-18 04:55:14
i_06aeadcb22d4,c_cc586c9145b0,both,A,2026-06-18 05:10:28
i_aea823676267,c_1b10ad399546,resource_card,A,2026-06-18 05:49:09
i_c96dc40f06b9,c_b897e51c280e,resource_card,A,2026-06-18 06:00:10
i_35c8a6ae7322,c_ae3074833d7d,both,A,2026-06-18 06:35:25
i_bcdacb1f202f,c_c79bbb117afe,both,A,2026-06-18 07:00:53
i_b295546a3a84,c_1261a8a5a01d,resource_card,A,2026-06-18 07:42:12
i_e280111a38b1,c_86a65f66923c,resource_card,A,2026-06-18 07:45:17
i_906c74d0933f,c_7e3ef81c7748,resource_card,A,2026-06-18 08:09:04
i_03406fff9e76,c_e2c8dae1691c,resource_card,A,2026-06-18 08:14:33
i_6d146be426bb,c_47d3443a1248,both,A,2026-06-18 08:15:26
i_bc391e4bd53f,c_90cb5a31664d,resource_card,A,2026-06-18 08:36:41
i_d959139ad932,c_7ce4e538a532,both,A,2026-06-18 08:43:55
i_136dfdcee0ed,c_7c1404b8edd3,resource_card,A,2026-06-18 08:56:02
i_36436a6f9297,c_b35b35ea8bfa,both,A,2026-06-18 09:11:45
i_be9c232263df,c_e818d721fd42,resource_card,A,2026-06-18 09:24:21
i_d3f0b3628a51,c_7cbed8125221,resource_card,A,2026-06-18 09:33:23
i_fb89789280ef,c_666c614a410d,both,A,2026-06-18 09:37:23
i_3b02fbd21af5,c_e0839b91b4c1,resource_card,A,2026-06-18 10:54:46
i_baf2e3661702,c_d65d517b0921,resource_card,A,2026-06-18 11:38:39
i_1a5884c7ca08,c_cc0b455dbd2d,both,A,2026-06-18 11:38:48
i_e3241998eedd,c_13725571f45b,resource_card,A,2026-06-18 11:40:11
i_b2494b1e5cb8,c_5f0ed270a65a,both,A,2026-06-18 11:40:27
i_bb137e1918aa,c_e6906a9d3992,resource_card,A,2026-06-18 11:53:57
i_97a63873061f,c_119259b8b285,both,A,2026-06-18 12:02:46
i_b948c35a1709,c_12a709fcab8f,both,A,2026-06-18 12:16:27
i_861fdaf40e2a,c_3dc35659d72e,resource_card,A,2026-06-18 12:22:54
i_21ae42cea336,c_c387f8d2768e,resource_card,A,2026-06-18 12:24:35
i_c83a9be047df,c_52d8ee92ef6f,resource_card,A,2026-06-18 12:32:02
i_8a256a97090a,c_4e670638cec0,resource_card,A,2026-06-18 12:34:32
i_10cc81b7002d,c_1534bac8e606,resource_card,A,2026-06-18 12:39:58
i_4b0d3ad1d383,c_78b0a559207b,both,A,2026-06-18 12:47:06
i_ee4236760c04,c_6e7fb654454b,resource_card,A,2026-06-18 12:48:51
i_874628c68077,c_13c74e8ab137,resource_card,A,2026-06-18 13:13:05
i_ccbdecbb5fcf,c_64d8021c83c6,resource_card,A,2026-06-18 14:00:07
i_71f1434390e5,c_65c1486f4a54,resource_card,A,2026-06-18 14:00:18
i_6f0c7d29bcb1,c_9d77b6836536,resource_card,A,2026-06-18 14:36:00
i_e4aef3ee8d57,c_cde63f4b335c,resource_card,A,2026-06-18 14:54:36
i_1e1240de69ec,c_eaa7f302baa8,resource_card,A,2026-06-18 14:55:19
i_7a79ff9bea50,c_166528c9213b,resource_card,A,2026-06-18 15:08:46
i_fd44a150da8d,c_2da3a6c88503,resource_card,A,2026-06-18 15:20:32
i_87d366bdab16,c_2fe62792f522,resource_card,A,2026-06-18 15:21:15
i_95333f9b1bb2,c_2bd259b834aa,resource_card,A,2026-06-18 15:31:08
i_cc3a7ca8bb17,c_75bdec15618e,resource_card,A,2026-06-18 16:26:56
i_c9f546245819,c_bf18da97d0fc,both,A,2026-06-18 16:28:11
i_0764dbb35055,c_455a509fab71,resource_card,A,2026-06-18 16:33:56
i_b65d25847c87,c_91daa40ccc3c,both,A,2026-06-18 16:42:14
i_091af147418b,c_4a4c39fa8cb5,resource_card,A,2026-06-18 17:16:00
i_e1768b221a70,c_2af2b1ca912b,resource_card,A,2026-06-18 17:20:36
i_fcf68bdfd445,c_fec3e9ef10ff,resource_card,A,2026-06-18 17:40:08
i_7c77da293189,c_760cdcc14c51,resource_card,A,2026-06-18 18:13:11
i_346344b3875a,c_5faae0839472,resource_card,A,2026-06-18 18:16:05
i_9119257bcd50,c_a73cf62a93d4,resource_card,A,2026-06-18 18:17:29
i_7bec892ad4f7,c_c8dfa9bc4b42,resource_card,A,2026-06-18 18:44:45
i_d7d7ead202ca,c_d53cbabf8893,resource_card,A,2026-06-18 18:47:26
i_29653693ae2a,c_d0389879280e,resource_card,A,2026-06-18 18:54:15
i_c00f33300d89,c_679d00ade34d,resource_card,A,2026-06-18 18:56:43
i_6c140f46cd2e,c_9a5373ea9a67,resource_card,A,2026-06-18 19:02:30
i_da56db61c515,c_9445663d5021,resource_card,A,2026-06-18 19:04:24
i_ce17e52ab5ba,c_8c84b3c15b2a,both,A,2026-06-18 19:08:45
i_55b0647a0891,c_be10d4291079,resource_card,A,2026-06-18 19:09:54
i_b5a4c6c74682,c_b5e68a1a28fb,resource_card,A,2026-06-18 19:10:15
i_43fa19358d78,c_9a965ad50488,resource_card,A,2026-06-18 19:13:09
i_a16a2d1ad45a,c_67dd165fd9f1,resource_card,A,2026-06-18 19:29:41
i_385904624541,c_aaa98c11c132,resource_card,A,2026-06-18 19:31:09
i_5f35ebc03b84,c_08436ec0baf0,resource_card,A,2026-06-18 19:33:47
i_e249dfb2b602,c_44f2e4042269,resource_card,A,2026-06-18 19:39:53
i_c084cfc765ea,c_96d446ec8152,resource_card,A,2026-06-18 19:40:05
i_0cf45ceba134,c_9813dedac977,resource_card,A,2026-06-18 19:41:20
i_33597bee29fb,c_ed6175cad358,both,A,2026-06-18 19:41:46
i_9f48a62f270f,c_6b9a7e99396b,resource_card,A,2026-06-18 19:46:14
i_38b547d50484,c_8ee1f1bc036d,both,A,2026-06-18 19:51:13
i_9a64c7197735,c_6c3fce51e3b6,both,A,2026-06-18 20:02:15
i_007ce83a5fa0,c_9bf12884cebd,resource_card,A,2026-06-18 20:03:47
i_32ec7734fb55,c_6d10c0729e08,both,A,2026-06-18 20:22:55
i_03de4816e02e,c_288d3d1b0f00,resource_card,A,2026-06-18 20:27:04
i_2aeb1d687eee,c_c4b7edbf1f8c,both,A,2026-06-18 20:34:37
i_775e79fc2c54,c_7f363e74b8ae,resource_card,A,2026-06-18 20:53:52
i_3fa174d00868,c_8f300333cf2e,resource_card,A,2026-06-18 21:03:58
i_56f292a0c112,c_2e18a2cd7cee,resource_card,A,2026-06-18 21:08:34
i_d4bc3b3fe084,c_9b74bcd5ed26,resource_card,A,2026-06-18 21:14:21
i_ed6ea9673509,c_b0ba83f96a4e,both,A,2026-06-18 21:17:25
i_4b885a7f8e94,c_2d3135b18424,resource_card,A,2026-06-18 21:18:56
i_3192dd426e36,c_4b3042a013b9,resource_card,A,2026-06-18 21:26:19
i_29518fde9a9b,c_ac8d700502d9,resource_card,A,2026-06-18 21:27:53
i_215de9be422f,c_3ec7427b4baa,resource_card,A,2026-06-18 21:33:31
i_6a42ca8379bd,c_c8360696e591,both,A,2026-06-18 21:34:49
i_ea52602c76ba,c_fa13081261aa,resource_card,A,2026-06-18 21:36:54
i_12cb505abbd2,c_7bf718fdce69,resource_card,A,2026-06-18 21:57:17
i_8a3c451a8343,c_5620e4529d6f,resource_card,A,2026-06-18 22:05:03
i_5440b532a133,c_2fdca4bc3749,both,A,2026-06-18 22:10:04
i_4cb2f05b349e,c_e1f497cccdb9,both,A,2026-06-18 22:12:03
i_0ec1eade3da8,c_1c77a3c69599,resource_card,A,2026-06-18 22:34:47
i_d310411f07c3,c_d805594a3c89,both,A,2026-06-18 22:41:26
i_cbd2fd2d93e9,c_8d5d905f18d0,both,A,2026-06-18 22:49:52
i_00e62f407f35,c_c115198f75c4,resource_card,A,2026-06-18 22:50:03
i_2ce9f857acb5,c_2a7abd23e345,resource_card,A,2026-06-18 22:53:58
i_e828abca96c6,c_f38b6a05afe8,resource_card,A,2026-06-18 23:19:09
i_71e4b0b11bcc,c_505ed2cd3260,both,A,2026-06-18 23:23:11
i_cea0a7a6b7a0,c_b1f517cd94d2,both,A,2026-06-18 23:31:07
i_365bb8580b91,c_57d1eb25b550,resource_card,A,2026-06-18 23:45:26
i_36c105a3ae34,c_45859c72671b,resource_card,A,2026-06-18 23:54:15
i_0b1ea2e07258,c_48eb4e2e0547,resource_card,A,2026-06-18 23:58:02
i_aaa7c99397ca,c_41b6e9362d30,resource_card,A,2026-06-18 23:58:41
i_d4a5c335e245,c_868d1cf12970,resource_card,A,2026-06-19 00:03:39
i_832ad911f202,c_9691effd8c4b,resource_card,A,2026-06-19 00:34:56
i_1c3d41a8b359,c_d62d8f4924ca,resource_card,A,2026-06-19 00:36:50
i_e7200c727bc4,c_a75989b4675c,resource_card,A,2026-06-19 00:37:14
i_2a1c3fc1f6a9,c_03a8002b2d56,both,A,2026-06-19 00:47:26
i_e79b96c9ab2b,c_9a29918e50ec,resource_card,A,2026-06-19 01:54:24
i_3e81e41c97c0,c_c9e379debbe6,resource_card,A,2026-06-19 02:36:07
i_43e268ea8257,c_f8edae3ad28a,resource_card,A,2026-06-19 05:12:49
i_b8ceaa7479ed,c_218e4e151097,resource_card,A,2026-06-19 06:04:10
i_55f235bad03b,c_9df16b2144d5,both,A,2026-06-19 07:44:18
i_3a10b370d418,c_a37913df841a,resource_card,A,2026-06-19 07:54:35
i_1e8fe214f1b4,c_bc141db9644b,resource_card,A,2026-06-19 08:17:29
i_6e05ea669adc,c_e98c34d2fef3,both,A,2026-06-19 08:23:57
i_eec634551d16,c_5749e04e852d,both,A,2026-06-19 09:04:53
i_f0b576ece18e,c_d36b21dface5,resource_card,A,2026-06-19 09:32:18
i_50503b50f3ab,c_d1f1af5385a9,resource_card,A,2026-06-19 10:14:38
i_e475b10e5872,c_1cad3a5444f4,resource_card,A,2026-06-19 11:06:19
i_51ffdbf7a34c,c_71ca1585e4c7,resource_card,A,2026-06-19 11:09:08
i_8048bb110256,c_cba8b9cd0d0b,both,A,2026-06-19 11:12:51
i_d93016a6f87d,c_7283d00452f2,both,A,2026-06-19 11:16:50
i_6bd4876c50ad,c_172a1e92388e,resource_card,A,2026-06-19 11:22:44
i_d50293a43e6e,c_9def1d0692c3,resource_card,A,2026-06-19 11:40:15
i_1785abd36ecb,c_132e3162ffa9,resource_card,A,2026-06-19 11:47:15
i_887967896223,c_e36a52c51f2e,resource_card,A,2026-06-19 11:51:22
i_0254f1bb04a4,c_5dcfdc5c6b94,resource_card,A,2026-06-19 12:06:57
i_1f5ec37604a3,c_b2918029c161,resource_card,A,2026-06-19 12:14:51
i_505859f78b96,c_3dd35bac6c1d,resource_card,A,2026-06-19 12:21:05
i_5dd26760bca4,c_4324778b617b,resource_card,A,2026-06-19 12:30:20
i_4456aae0c1f4,c_aa336fa81547,resource_card,A,2026-06-19 12:38:53
i_f9bff1ad095b,c_f9c002659b35,both,A,2026-06-19 12:53:24
i_8827f395a1f4,c_c080b7ae564e,resource_card,A,2026-06-19 13:13:44
i_858e311ba458,c_9d83bb613299,resource_card,A,2026-06-19 13:50:15
i_1462f6504dad,c_e766f3da8e30,resource_card,A,2026-06-19 13:57:13
i_7c2d781bd090,c_a7347cd62000,both,A,2026-06-19 14:12:46
i_fbf22e4d9e6b,c_462463fa090b,resource_card,A,2026-06-19 14:18:02
i_8111a076fdd8,c_cb1503993044,resource_card,A,2026-06-19 14:18:24
i_83ad0e330de1,c_d04e7cc63bba,resource_card,A,2026-06-19 14:29:54
i_dfc385d0e07d,c_db720b866a89,resource_card,A,2026-06-19 14:35:39
i_b941103026ff,c_0d38968e0d4d,resource_card,A,2026-06-19 14:43:36
i_fb8759f14c03,c_3c6f483356b4,resource_card,A,2026-06-19 14:56:09
i_e979bb82eef3,c_dee89527ae59,both,A,2026-06-19 15:04:26
i_e8ac7001079d,c_f5f4d816145c,resource_card,A,2026-06-19 15:36:53
i_0262409e07d7,c_a21c52b2b0ea,resource_card,A,2026-06-19 15:57:48
i_91f27340f273,c_9421b02c26b7,resource_card,A,2026-06-19 16:14:05
i_9a784f11e0c9,c_51bf3a3af15b,resource_card,A,2026-06-19 16:19:01
i_2b8d72442b2f,c_f2b3e42c0c71,both,A,2026-06-19 16:22:08
i_7c45cdc9719d,c_fbbf07158c91,resource_card,A,2026-06-19 16:23:39
i_f25f22733bc4,c_92615d24d70f,resource_card,A,2026-06-19 16:44:30
i_b3b7fd77a34c,c_eab95119103c,resource_card,A,2026-06-19 16:52:38
i_4bbc6656aca0,c_797a2a50f760,both,A,2026-06-19 16:54:06
i_6282801d0f9d,c_0833d0fbba02,resource_card,A,2026-06-19 17:03:53
i_75390f298613,c_ee2f201be24f,resource_card,A,2026-06-19 17:13:44
i_ad452ff8c3fa,c_bfd609ad3464,both,A,2026-06-19 17:18:33
i_e1037dcaa0d3,c_cbeb806c8c5b,resource_card,A,2026-06-19 17:36:51
i_3a17d7766fe6,c_c1b071399e4d,resource_card,A,2026-06-19 17:58:09
i_d72fb4d7c9a8,c_e415fb73a4b4,resource_card,A,2026-06-19 18:08:50
i_99ff2e3a5f71,c_93b93dc73bbe,both,A,2026-06-19 18:09:34
i_62243e7e747a,c_a117e27a2655,both,A,2026-06-19 18:10:10
i_e4d80a2363ea,c_4c5fde7d3b96,resource_card,A,2026-06-19 18:10:39
i_f37c26bb08ac,c_3fa4e4dc0cb0,both,A,2026-06-19 18:18:20
i_5e042de9508a,c_dee8791af85a,both,A,2026-06-19 18:20:06
i_b3baf37aa157,c_8a924c96d06b,resource_card,A,2026-06-19 19:30:10
i_de41f5e2c99a,c_2fa1695e73c1,resource_card,A,2026-06-19 19:35:16
i_4a1e3047d966,c_01c4d781965b,resource_card,A,2026-06-19 19:36:44
i_4c2ce1ae2662,c_596b5666dc35,both,A,2026-06-19 19:54:40
i_b19bb0434e33,c_84c5d9b5d569,both,A,2026-06-19 20:00:23
i_3bf572ca4bd8,c_923cf48cf3df,resource_card,A,2026-06-19 20:03:49
i_c3090d2857e6,c_9e25c1c54812,resource_card,A,2026-06-19 20:11:27
i_09a14a66152a,c_53ac0cc21d2c,resource_card,A,2026-06-19 20:37:49
i_d183f5fb4217,c_1211e45c1f48,resource_card,A,2026-06-19 20:41:33
i_afb7d1816d20,c_e31a2bafb591,resource_card,A,2026-06-19 20:43:55
i_8c7e0b4187d3,c_7e68da58fb80,both,A,2026-06-19 20:58:43
i_52cd16382153,c_fe95bfa9fc96,resource_card,A,2026-06-19 21:02:23
i_dba3a106ef90,c_3ea6c77af3ec,resource_card,A,2026-06-19 21:15:59
i_fc8b08efb27b,c_b161a28a1e43,resource_card,A,2026-06-19 21:21:52
i_f614373b912d,c_85bf959837ac,resource_card,A,2026-06-19 21:25:08
i_3f3f4aff6941,c_91b6341b6678,both,A,2026-06-19 21:42:32
i_d6c3ad01f063,c_015309db9c54,resource_card,A,2026-06-19 21:51:28
i_5a1a6434677e,c_7b367bba1ee2,both,A,2026-06-19 21:53:20
i_4eff9b8d4f07,c_6ae545a8f487,resource_card,A,2026-06-19 21:57:25
i_b8bd0c65fda8,c_368fd8a88015,both,A,2026-06-19 22:10:55
i_23be73af7b8f,c_02913ffa0586,resource_card,A,2026-06-19 22:11:15
i_e03db43edcd4,c_4992edc2852a,resource_card,A,2026-06-19 22:17:34
i_83f5f5cbc6ca,c_fa5073ddc726,both,A,2026-06-19 22:23:02
i_107b7e77abf6,c_b1005ad1c98a,resource_card,A,2026-06-19 22:48:14
i_6b400d656cdf,c_efb5f6579745,resource_card,A,2026-06-19 22:52:28
i_c1b807af9d15,c_18a9af0a5654,resource_card,A,2026-06-19 22:57:48
i_37f038eb1e08,c_73a854f3d8e3,both,A,2026-06-20 00:51:01
i_5f0cebca6e06,c_f8f53fbaa405,both,A,2026-06-20 01:12:38
i_c6c04911e63d,c_4c9d9b412c81,resource_card,A,2026-06-20 01:19:35
i_5a471e90e27c,c_23397edc5aac,resource_card,A,2026-06-20 03:53:06
i_c3b53516b577,c_093cb86cd620,resource_card,A,2026-06-20 04:59:03
i_00c0f5f74a00,c_3b02d6abb3e3,both,A,2026-06-20 05:04:41
i_98969c435694,c_ffadc3d481eb,both,A,2026-06-20 07:59:53
i_ab73c0a6f665,c_4877d5047110,resource_card,A,2026-06-20 08:05:56
i_bf03fcd885f9,c_ead575c58a90,both,A,2026-06-20 08:14:47
i_c26c63267f67,c_2b1397430d91,resource_card,A,2026-06-20 08:36:39
i_026bcff70326,c_8866605679d5,resource_card,A,2026-06-20 08:51:29
i_ed879daa5802,c_be43bd115c3e,resource_card,A,2026-06-20 09:08:47
i_2a575f3edc56,c_b1a39bd00c26,both,A,2026-06-20 09:17:46
i_110ffa789883,c_8aae77d3bb3f,resource_card,A,2026-06-20 09:19:00
i_c9e177938747,c_0522748fddd8,both,A,2026-06-20 09:27:20
i_65c7671f16de,c_1f5ba588fd88,both,A,2026-06-20 09:47:12
i_aa716dce39d1,c_02b6bebf6adb,both,A,2026-06-20 09:52:34
i_1e8a848f0444,c_bddbed065af8,both,A,2026-06-20 10:23:23
i_2656ea224be8,c_4d14fd70a7b3,resource_card,A,2026-06-20 10:56:02
i_a9d7ebe7761e,c_bc3a0f0aa8e1,resource_card,A,2026-06-20 11:08:54
i_bcdf913cec15,c_657293e7873c,both,A,2026-06-20 11:09:31
i_2022ce17f4e8,c_862593befbf9,both,A,2026-06-20 11:29:18
i_a0535fe0e930,c_d9c28dc785ff,resource_card,A,2026-06-20 11:52:35
i_57c991f705fe,c_64c78b2b2d40,resource_card,A,2026-06-20 12:14:52
i_89069cca6afa,c_ff11d2593c5b,resource_card,A,2026-06-20 12:19:06
i_140bf3821109,c_d5e25f1bf401,resource_card,A,2026-06-20 12:22:48
i_e68a44f72d32,c_74e6d636cafe,both,A,2026-06-20 12:23:53
i_82787dd8a592,c_c9a0bccc8482,resource_card,A,2026-06-20 12:30:20
i_827a10d8e6d0,c_17868b984171,both,A,2026-06-20 12:37:23
i_d2f349927a70,c_63041d72fb42,resource_card,A,2026-06-20 12:55:38
i_4359a2f0b537,c_f666b9cbd513,both,A,2026-06-20 12:55:52
i_9b86eea2e28d,c_1ae8bb11c5e5,both,A,2026-06-20 13:12:26
i_3b7174cef0e9,c_9d9a0930c80b,both,A,2026-06-20 13:12:57
i_ccb483446e3f,c_263a1086498b,both,A,2026-06-20 13:20:23
i_6da1a56b0fea,c_dd30651b01bf,both,A,2026-06-20 13:23:47
i_e91d9333e136,c_36f1b44f7c15,resource_card,A,2026-06-20 13:51:56
i_26ddca11e34a,c_1f6728f528e4,resource_card,A,2026-06-20 14:07:45
i_c370b91fae09,c_c63f6e09db41,resource_card,A,2026-06-20 14:27:24
i_b3230c5080e1,c_58905cb0715c,both,A,2026-06-20 14:42:05
i_8a51dae0369c,c_71fbe952c9d8,both,A,2026-06-20 15:03:41
i_f59e068c3bf4,c_7d1e765b3a51,both,A,2026-06-20 15:37:50
i_c10632aa973e,c_9385bfc9c16a,both,A,2026-06-20 15:50:51
i_811116ac476f,c_edcbace22028,resource_card,A,2026-06-20 15:51:17
i_611baab0fec5,c_4a4fa99d8051,both,A,2026-06-20 15:54:14
i_a2d81599f1a5,c_e85e4379a0ef,resource_card,A,2026-06-20 15:59:03
i_d6fbae93a0af,c_14c84f077caa,resource_card,A,2026-06-20 16:16:32
i_46fda0899477,c_6692489e9805,both,A,2026-06-20 16:31:15
i_6720040e7a4c,c_f9440e4eb0d7,resource_card,A,2026-06-20 16:52:00
i_0ae0e44da2b7,c_202ba7e4b7f9,resource_card,A,2026-06-20 17:45:48
i_b304481d701b,c_f26b1eaa9bb1,resource_card,A,2026-06-20 17:54:27
i_cad887b2d526,c_d5fa8ad0c9ce,both,A,2026-06-20 18:11:50
i_39625ea7861e,c_3f3c7361d49a,resource_card,A,2026-06-20 18:21:15
i_f69d336661c6,c_6b5adcf94284,resource_card,A,2026-06-20 18:25:39
i_75f794244a00,c_57167d121305,resource_card,A,2026-06-20 18:31:11
i_f18a198d4378,c_3380c16ce020,resource_card,A,2026-06-20 18:41:19
i_7d91b98cb66a,c_8f2449891be5,resource_card,A,2026-06-20 18:52:26
i_6def29ef2266,c_e31e8b28ab93,resource_card,A,2026-06-20 18:57:48
i_4a2a0b04addb,c_3ff30eb16319,resource_card,A,2026-06-20 18:59:33
i_50f600333de6,c_bfd478fc4882,resource_card,A,2026-06-20 19:05:24
i_22aeb1635d86,c_8cd7541ce673,resource_card,A,2026-06-20 19:08:54
i_3085010cd9e5,c_8035fbf69c5b,resource_card,A,2026-06-20 19:14:54
i_d69af307e520,c_73009bb9beb8,both,A,2026-06-20 19:19:45
i_6b55ad598eed,c_841b5b632eac,both,A,2026-06-20 19:53:34
i_30a196182bdf,c_eef4da45f290,resource_card,A,2026-06-20 19:57:56
i_c57f1c0f1c91,c_9a46522e7525,resource_card,A,2026-06-20 20:10:50
i_8345322215da,c_e7f3d5f87356,both,A,2026-06-20 20:22:12
i_17baf68bebc2,c_e6e64a992147,resource_card,A,2026-06-20 20:24:55
i_f4390a21baef,c_985fdee74cf5,resource_card,A,2026-06-20 20:33:10
i_acf4a59a2076,c_5ec007db50c7,resource_card,A,2026-06-20 20:36:40
i_b5ec0e7e7acc,c_9311ca58e2eb,resource_card,A,2026-06-20 21:02:57
i_4b86a72a1242,c_d35392283666,resource_card,A,2026-06-20 21:37:27
i_e18e4a80a609,c_0e697ee73c78,both,A,2026-06-20 21:40:15
i_b815e51c3bd1,c_f9992067e866,resource_card,A,2026-06-20 22:00:25
i_226b3f385747,c_84f15ea43118,resource_card,A,2026-06-20 22:02:39
i_ad5fd5a4acf1,c_e0ad0a732439,resource_card,A,2026-06-20 22:02:35
i_0889a95a2075,c_49990d481493,resource_card,A,2026-06-20 22:25:18
i_18756b1da3d3,c_aeabb163765d,both,A,2026-06-20 22:36:03
i_139095130e1d,c_c9b1735bf2ef,resource_card,A,2026-06-20 22:49:27
i_4dde439bda0c,c_3184f2402cef,resource_card,A,2026-06-20 22:58:42
i_823d2231f8d5,c_099bd12a13de,resource_card,A,2026-06-20 23:01:01
i_7ab375f9368d,c_0b72ffe789f2,resource_card,A,2026-06-20 23:20:29
i_1d40f35d2c68,c_27ac17b8acc7,resource_card,A,2026-06-20 23:29:16
i_0d261e178661,c_a3ce6f32c2c2,resource_card,A,2026-06-20 23:35:53
i_d6e3ad87ca1f,c_869993c54578,resource_card,A,2026-06-20 23:39:06
i_07928a0844ea,c_1ba1ca93c81e,both,A,2026-06-20 23:53:12
i_f12e2f7da7c3,c_e845937c7d03,both,A,2026-06-20 23:53:55
i_0dd5196d1682,c_aa9c7d04c7ae,resource_card,A,2026-06-21 00:41:25
i_34ab757ae942,c_ed17544d9637,resource_card,A,2026-06-21 01:59:23
i_9bca87a40f26,c_fe6e06e951c8,both,A,2026-06-21 02:32:59
i_4c31cf135950,c_b7e69b606d4b,resource_card,A,2026-06-21 03:05:53
i_2fe9e6a58370,c_8a9dcf3fdc93,both,A,2026-06-21 03:30:00
i_2a805a80589c,c_3815467dd072,resource_card,A,2026-06-21 05:10:11
i_f6efae995475,c_0b508551d1ec,resource_card,A,2026-06-21 07:46:05
i_9e3e90ad28f1,c_0b5a7251f905,both,A,2026-06-21 08:08:43
i_6077fab0644e,c_4fba10aeb3f4,resource_card,A,2026-06-21 08:10:58
i_a7330aad7f76,c_c2eb0f6f1b1c,both,A,2026-06-21 08:15:51
i_a0d270540e0f,c_72a4f8992c34,resource_card,A,2026-06-21 08:22:24
i_f12d947eddb4,c_1a345e8679aa,resource_card,A,2026-06-21 08:34:53
i_8161f2030cea,c_bf59304ab74c,resource_card,A,2026-06-21 08:42:09
i_9fcc3934f24b,c_2f5dd4ca2054,both,A,2026-06-21 08:45:51
i_9a2cd4bce571,c_8f8ea3036c2c,both,A,2026-06-21 09:03:37
i_590ee237ca2e,c_de6a087b33a3,both,A,2026-06-21 09:22:12
i_bbb230bcd466,c_34739d9bbeee,resource_card,A,2026-06-21 09:39:17
i_df946d09c610,c_ccb23db939db,resource_card,A,2026-06-21 10:05:52
i_0065dc554154,c_f54cbfebc8be,resource_card,A,2026-06-21 10:08:10
i_68ec60a12ea8,c_032ffb79d0dd,both,A,2026-06-21 10:18:48
i_d32d462f5bd3,c_eca6a9abb98b,resource_card,A,2026-06-21 10:22:07
i_4385bc5cdadc,c_65b1230ae924,resource_card,A,2026-06-21 10:25:41
i_636a6f19fc4c,c_3775eb46ce22,resource_card,A,2026-06-21 10:29:17
i_782c10ecf17a,c_c4a6071b3d91,both,A,2026-06-21 10:32:44
i_46bd5b20eead,c_4a875e377bbb,resource_card,A,2026-06-21 10:41:35
i_20f4e2176f92,c_d5204040f8bd,resource_card,A,2026-06-21 10:49:25
i_042923beefd3,c_a331e8bc5296,both,A,2026-06-21 11:00:17
i_e5de1b3934db,c_4b11f4048b49,resource_card,A,2026-06-21 11:14:33
i_623cf70851ce,c_b030e7931196,both,A,2026-06-21 11:22:31
i_edb2d2a5bda2,c_7aa9330c9d9f,resource_card,A,2026-06-21 11:39:08
i_68bfbdaa25da,c_fab45007a689,resource_card,A,2026-06-21 11:39:14
i_f9bef4712f13,c_80712f6c2141,resource_card,A,2026-06-21 11:39:44
i_e5fd2d74c672,c_953b68989e04,both,A,2026-06-21 11:58:50
i_e1047afd8352,c_4a6ba6f5549e,resource_card,A,2026-06-21 12:04:01
i_ee1e177cc7f8,c_99e520feb13a,both,A,2026-06-21 12:05:54
i_0afa625c6474,c_209843b5f3e5,resource_card,A,2026-06-21 12:11:49
i_245bc9e60c1a,c_545ee9f4ce56,resource_card,A,2026-06-21 12:59:24
i_7fa0b673f576,c_1d4fd72c7e29,resource_card,A,2026-06-21 13:54:45
i_8a199793601c,c_bf748651942e,both,A,2026-06-21 13:57:07
i_83de61ab4f65,c_4fc9f843295e,resource_card,A,2026-06-21 14:11:29
i_83f6978c974c,c_783ee59e165b,both,A,2026-06-21 14:21:23
i_a2b149895611,c_1ff980149d75,both,A,2026-06-21 14:26:55
i_73bd5f932947,c_c9f3891f3c26,resource_card,A,2026-06-21 15:05:27
i_0d8feefd8a36,c_f26efcc7a1e2,resource_card,A,2026-06-21 15:14:45
i_86216d1c297e,c_79a2b6f8d071,resource_card,A,2026-06-21 15:15:09
i_c480d0ad2f1a,c_1b9b729b84d7,resource_card,A,2026-06-21 15:28:34
i_32027c2ef645,c_f9f5ddf3b1da,both,A,2026-06-21 15:31:04
i_4a2686e4ffa8,c_d7efad25af98,both,A,2026-06-21 15:34:31
i_57689506bf68,c_a692cfc21159,both,A,2026-06-21 15:35:47
i_2cadd23e87b5,c_334d078006ea,both,A,2026-06-21 15:44:37
i_cd4fac491dfe,c_fbc77211df88,resource_card,A,2026-06-21 15:57:17
i_2d223f46a39c,c_9af0483147e4,resource_card,A,2026-06-21 16:00:44
i_4e26da122183,c_7ef8f421c7ff,resource_card,A,2026-06-21 16:23:47
i_32338ca3db29,c_30299706d679,resource_card,A,2026-06-21 16:40:46
i_0aa9b0b5670f,c_5a7a4513a782,both,A,2026-06-21 17:29:09
i_8af4f71a29b4,c_f4fb680edabc,resource_card,A,2026-06-21 17:29:23
i_2275ffa32085,c_88c3fc446b7a,resource_card,A,2026-06-21 17:48:31
i_f6a4dd33e944,c_eb171b8cb256,resource_card,A,2026-06-21 17:50:00
i_9d0f7a732757,c_3a3602abaf9b,resource_card,A,2026-06-21 17:50:22
i_5d9486ece6a5,c_0ff990977d2e,resource_card,A,2026-06-21 18:10:23
i_43f857b25f02,c_25d9a7607314,resource_card,A,2026-06-21 18:18:40
i_524dcacf9616,c_19781b4b3b9b,resource_card,A,2026-06-21 18:31:51
i_80e3a6b00f20,c_d708268ed51e,resource_card,A,2026-06-21 18:34:41
i_c4439a7f3bfd,c_5bcf3bc891c6,resource_card,A,2026-06-21 18:42:53
i_6c0daf3e0805,c_13823071286d,both,A,2026-06-21 18:54:25
i_cafb66c98a27,c_f85d62591f5c,resource_card,A,2026-06-21 19:00:54
i_efb3c3bc8e44,c_0b7da6e3190f,resource_card,A,2026-06-21 19:15:22
i_578bd7519c92,c_fb035f811d71,both,A,2026-06-21 19:17:51
i_0b88b215e014,c_666b625861ae,both,A,2026-06-21 19:28:05
i_336919ff4bcf,c_eabab0486534,resource_card,A,2026-06-21 19:29:04
i_2b114de7e5bc,c_5fac82c685ad,resource_card,A,2026-06-21 19:40:22
i_e2a06841832f,c_0f702b619900,both,A,2026-06-21 19:55:35
i_06849925675b,c_b74a2cc435c8,resource_card,A,2026-06-21 19:58:48
i_c0a05021f91f,c_608a5a40191c,resource_card,A,2026-06-21 20:17:04
i_76a433e6ffd8,c_29c236c1d425,resource_card,A,2026-06-21 20:17:14
i_01e3dea93337,c_324e4b6e2603,both,A,2026-06-21 20:23:15
i_cddbfa88ce5a,c_e1e46f3b04d2,resource_card,A,2026-06-21 20:38:12
i_e7b50bb7a3c4,c_f1d5aef5c30d,resource_card,A,2026-06-21 20:40:35
i_5124974563c3,c_f67d029596d2,resource_card,A,2026-06-21 20:45:27
i_3b21d5013d14,c_7f9991b5aff2,both,A,2026-06-21 20:49:19
i_ffb8897150d7,c_5e4cc12ce672,both,A,2026-06-21 20:55:01
i_592396032448,c_b8d6c2d06d00,resource_card,A,2026-06-21 21:16:20
i_89326e47e399,c_07d794113e78,resource_card,A,2026-06-21 21:22:21
i_e549c9e7c80b,c_0093c06832ad,both,A,2026-06-21 21:24:14
i_bccba07c45a2,c_94e42de08dd4,both,A,2026-06-21 21:48:22
i_f3ca6ac7fb86,c_be596a311a14,both,A,2026-06-21 21:56:27
i_b1043b156521,c_e0aee18dd90e,resource_card,A,2026-06-21 22:10:24
i_e182a9f603cd,c_d9e12b454c75,resource_card,A,2026-06-21 23:12:07
i_b392432752da,c_311875935461,resource_card,A,2026-06-21 23:37:21
i_0709fb6cf24d,c_5750862927ff,resource_card,A,2026-06-21 23:46:15
i_782b6a9a487b,c_d9544767517a,resource_card,A,2026-06-21 23:52:35
i_ef597ace1c2a,c_18efe842a016,both,A,2026-06-21 23:54:31
i_7ae88e2aac8a,c_325165eb4eec,both,A,2026-06-22 00:09:05
i_8313574fb638,c_891c5743e09b,resource_card,A,2026-06-22 00:16:38
i_0c76076a9b48,c_792d544b0256,resource_card,A,2026-06-22 01:44:41
i_817c081fd684,c_ee21838d4cec,both,A,2026-06-22 05:35:07
i_877e8cbc76b9,c_307716e1426e,both,A,2026-06-22 07:06:51
i_128eb435338e,c_27eba88f8226,both,A,2026-06-22 07:29:30
i_d37be9bed4c6,c_12c32bf99722,both,A,2026-06-22 08:55:19
i_4a0843f6baf3,c_10b6bf1183e8,resource_card,A,2026-06-22 09:13:19
i_cd6889ea6508,c_b72ee3ebeb2b,resource_card,A,2026-06-22 09:14:26
i_a4f7cc0c261f,c_79dd158e5c26,both,A,2026-06-22 09:18:14
i_99be20add055,c_a43d22e92441,both,A,2026-06-22 09:33:02
i_5b840bc315c6,c_e3f74e9366d6,resource_card,A,2026-06-22 09:44:09
i_95e126d40627,c_148139e6dfab,resource_card,A,2026-06-22 09:57:23
i_944284207c65,c_a0eea1eeb936,resource_card,A,2026-06-22 10:07:27
i_108630b9dbf0,c_c68fdcbfaa65,resource_card,A,2026-06-22 10:14:18
i_23b2dc717402,c_8a0e544fb527,resource_card,A,2026-06-22 10:38:12
i_798733b73b47,c_84fc7afedaa3,resource_card,A,2026-06-22 10:46:36
i_114a8eac8db6,c_f7bb155fc40f,resource_card,A,2026-06-22 10:52:52
i_bb10d1948815,c_a3ceff7b0cf4,resource_card,A,2026-06-22 11:01:11
i_196a3901acdf,c_ce3b6516d257,both,A,2026-06-22 11:02:05
i_fe86bd867350,c_48f345ca54bb,resource_card,A,2026-06-22 11:08:53
i_ae034c1ad3ef,c_17d5cc797c09,resource_card,A,2026-06-22 11:20:18
i_ffba154e6947,c_a2208ec1a818,resource_card,A,2026-06-22 11:28:33
i_6af9e60f7d44,c_d4c4ef2f790a,resource_card,A,2026-06-22 11:32:50
i_cbf6c99e3fc8,c_b1b6cdac2122,both,A,2026-06-22 11:36:55
i_770fb9a98e77,c_e11cdbb5e483,resource_card,A,2026-06-22 11:42:54
i_64351948715c,c_5bd231ad22e2,both,A,2026-06-22 11:59:02
i_6d9bdf5b8325,c_a10e90443258,both,A,2026-06-22 12:07:05
i_5dd8163aa823,c_83c749ff7668,resource_card,A,2026-06-22 12:09:01
i_86581c38ad79,c_3ec71f4ebef7,both,A,2026-06-22 12:25:18
i_c35c760f04ab,c_08e7a810b524,resource_card,A,2026-06-22 12:42:08
i_0ff952e791cc,c_31c377533c44,both,A,2026-06-22 12:44:18
i_a2eb8beda35a,c_817a10edd4a4,both,A,2026-06-22 12:56:19
i_647a426d6ccd,c_eddc02930bd2,resource_card,A,2026-06-22 13:07:19
i_a636670be971,c_4129b8b6cd78,both,A,2026-06-22 13:08:00
i_3e9456e12456,c_0ce00bfbceec,both,A,2026-06-22 13:19:56
i_432463521acd,c_867bc5be28e4,resource_card,A,2026-06-22 13:30:45
i_a64b6ba96879,c_c57a58e93141,resource_card,A,2026-06-22 14:00:51
i_a3180fd2bb83,c_cab3babf91c6,both,A,2026-06-22 14:15:42
i_fd29e6d211af,c_b14180481500,resource_card,A,2026-06-22 14:34:17
i_ffc8e95fe0f0,c_396ea68d7479,both,A,2026-06-22 14:36:17
i_1d8ff365e060,c_de61a2d1e835,resource_card,A,2026-06-22 15:13:33
i_7a18237e475a,c_833e6d2841bd,resource_card,A,2026-06-22 15:18:00
i_8b2759d48443,c_236e9350401f,resource_card,A,2026-06-22 15:23:27
i_98067e346b66,c_0c988487ea42,resource_card,A,2026-06-22 15:41:56
i_60fc6b6224ff,c_8e1292cee2d4,resource_card,A,2026-06-22 15:44:56
i_6e523bced8e3,c_cf3649a1b48f,resource_card,A,2026-06-22 15:57:44
i_0ed02ebf70f9,c_1f271a59e087,resource_card,A,2026-06-22 16:00:30
i_76708e7680f5,c_cd4c0c4c0f54,resource_card,A,2026-06-22 16:09:33
i_22e9a3f828a2,c_f7c2e7054cdc,resource_card,A,2026-06-22 16:11:59
i_76285802688f,c_ebc7c4cb58dd,resource_card,A,2026-06-22 16:13:33
i_f11030be541d,c_380b73399483,resource_card,A,2026-06-22 16:16:42
i_68ff3e1c2af1,c_67d54ecd8e26,resource_card,A,2026-06-22 16:18:18
i_011556103e5f,c_3286ca8a3f67,resource_card,A,2026-06-22 16:19:49
i_970096e1efc0,c_4b4348fda485,both,A,2026-06-22 16:34:21
i_38cd07a07ebf,c_1ab2e32c7570,resource_card,A,2026-06-22 16:38:21
i_8d610baaf532,c_58640201fb0b,both,A,2026-06-22 16:56:47
i_d25a8025b50c,c_b30e3ac22394,resource_card,A,2026-06-22 17:04:24
i_70e0ed85955b,c_47cb4e05c47e,both,A,2026-06-22 17:59:51
i_2673b52360b7,c_27a955dd300d,both,A,2026-06-22 18:05:19
i_3f2c4f2cdc03,c_e4fe0adc432c,resource_card,A,2026-06-22 18:14:04
i_29e138cc62f6,c_fcd2aa4b6b0e,both,A,2026-06-22 18:15:53
i_fb9c0c89f674,c_8baf08495b2d,resource_card,A,2026-06-22 18:33:07
i_f9ebc4a62dbb,c_282189db1580,resource_card,A,2026-06-22 18:37:34
i_33dfccc43b9f,c_5f6a0ec3c9d8,resource_card,A,2026-06-22 18:38:06
i_e528353b58eb,c_fe627b30b9d4,resource_card,A,2026-06-22 19:07:16
i_dbb2a3bb9a4a,c_d1549c6a849b,resource_card,A,2026-06-22 19:45:50
i_f740fc7d8154,c_0d0349a73e4f,both,A,2026-06-22 19:53:15
i_658876369815,c_0fdd90301e28,resource_card,A,2026-06-22 19:57:06
i_7cda5b8d2d7f,c_32bf13a06470,both,A,2026-06-22 20:07:09
i_1b5491fc5bc6,c_682b97ccb132,resource_card,A,2026-06-22 20:19:30
i_f48bb93f646b,c_d1267861411c,resource_card,A,2026-06-22 20:21:04
i_000efbc4b270,c_43f8250d6839,resource_card,A,2026-06-22 20:35:22
i_a413cbe0b638,c_5065a2262ce0,both,A,2026-06-22 20:35:37
i_020aab045717,c_73adfe39b1db,resource_card,A,2026-06-22 20:38:22
i_92bb82e7df0a,c_7da2857a8b9b,resource_card,A,2026-06-22 20:45:59
i_5157e5fd923a,c_3792d5378ab3,resource_card,A,2026-06-22 20:52:05
i_5972d7f91807,c_a14eae0997ee,resource_card,A,2026-06-22 20:58:40
i_9c954a555acf,c_71f134eec1c0,resource_card,A,2026-06-22 20:58:55
i_fe9f0ebc8dcb,c_9392a18d848d,resource_card,A,2026-06-22 21:02:32
i_12cb463d411e,c_f8cf0126b058,resource_card,A,2026-06-22 21:05:02
i_f109937af319,c_90f846f01c7f,both,A,2026-06-22 21:08:41
i_1023ab0b6ae3,c_f150fbe92a86,resource_card,A,2026-06-22 21:11:22
i_b27862849fda,c_51bc18de4338,resource_card,A,2026-06-22 21:11:52
i_8378751d56aa,c_e32af2956db9,resource_card,A,2026-06-22 21:15:45
i_a13ebc0cf657,c_2a63e9ac23c7,resource_card,A,2026-06-22 21:33:47
i_a359de624208,c_010f18b7f90d,resource_card,A,2026-06-22 22:27:37
i_b0c5c1c0cd3d,c_9a56d57921c0,both,A,2026-06-22 22:45:39
i_cf09cca93ab0,c_e1f0de1c9b79,both,A,2026-06-22 22:55:26
i_c6ddd6435724,c_6b7862901cba,both,A,2026-06-22 23:30:08
i_d3955bd77b84,c_ef8119864abf,resource_card,A,2026-06-22 23:52:38
i_9fb14cd5574a,c_97f963461c5d,resource_card,A,2026-06-23 00:00:09
i_53182ed90919,c_ba9a8f46590a,resource_card,A,2026-06-23 00:00:37
i_c3c904ac720d,c_983804e8a1c7,both,A,2026-06-23 00:05:26
i_df6493b558fc,c_ddd6f2c9a102,resource_card,A,2026-06-23 00:05:48
i_aeb3c5b57303,c_28462a83da02,resource_card,A,2026-06-23 00:09:33
i_133bfaf27eca,c_625c72f52945,resource_card,A,2026-06-23 00:23:31
i_05d1d693a3b0,c_1a8c01dcbda1,both,A,2026-06-23 00:46:01
i_7b0d0a002af4,c_eca3efa9122a,both,A,2026-06-23 00:59:07
i_4bc843d54264,c_2b66cce30b5e,resource_card,A,2026-06-23 01:14:56
i_9621d413be3a,c_954e42c3162e,both,A,2026-06-23 01:19:07
i_508ee63f6462,c_8db55ca7b75e,resource_card,A,2026-06-23 01:56:01
i_3098e39cfa96,c_e3f23849f57d,both,A,2026-06-23 01:58:02
i_d6add3ba9972,c_6e26dff10960,resource_card,A,2026-06-23 03:52:17
i_512570c517d1,c_4795612cd18c,resource_card,A,2026-06-23 04:31:31
i_ba1cab25eff8,c_1f0d884362e5,both,A,2026-06-23 06:23:29
i_ecfc8feb3b78,c_2b40aef6b27d,both,A,2026-06-23 06:37:11
i_f6f2537c123e,c_1d678cf344b8,resource_card,A,2026-06-23 06:45:04
i_8df962b8a5e2,c_af078eeee264,resource_card,A,2026-06-23 07:27:03
i_8b9efc241a4e,c_98cf5dd6c9e1,both,A,2026-06-23 07:32:41
i_061038fa9b2d,c_35a914e161fe,resource_card,A,2026-06-23 07:36:29
i_270d27a329a7,c_784ed7fe19ba,resource_card,A,2026-06-23 08:01:24
i_971f20541647,c_0073c25c36b9,resource_card,A,2026-06-23 08:02:30
i_aa67cb11fe42,c_64ad0f9aeb10,resource_card,A,2026-06-23 08:20:19
i_2b403ea37a15,c_ef4acc485ac1,both,A,2026-06-23 08:36:29
i_353c7196abb5,c_67551a94a3a5,resource_card,A,2026-06-23 08:47:15
i_7b7b84db1297,c_b10758557f94,resource_card,A,2026-06-23 09:21:11
i_995ab037fb80,c_9c5428bf5e03,both,A,2026-06-23 09:28:26
i_e530b7ce6a3b,c_16e6c5ee1f1c,both,A,2026-06-23 09:29:36
i_db9c5adfff7a,c_13da0ec23a9e,both,A,2026-06-23 09:30:08
i_e375a8e85d07,c_1d858a563abd,resource_card,A,2026-06-23 09:31:59
i_c8715ca75ddb,c_5fa0804fa1aa,resource_card,A,2026-06-23 09:34:52
i_63f985b7bf33,c_9f5a0995b36f,resource_card,A,2026-06-23 10:06:46
i_f2aa10d09030,c_4d6fd5806a16,resource_card,A,2026-06-23 10:17:12
i_f04c9ecc23b4,c_adf80e5fb78b,resource_card,A,2026-06-23 10:34:39
i_e339775ec37e,c_6368e5f88fe3,resource_card,A,2026-06-23 10:36:06
i_fed8f4599c42,c_6c603015eff4,resource_card,A,2026-06-23 10:39:05
i_e2ad11fdc48d,c_57c879075641,both,A,2026-06-23 11:00:22
i_6326a263d230,c_d9d408116ce8,both,A,2026-06-23 11:20:23
i_97e07942f02d,c_5733f9a4cb8f,resource_card,A,2026-06-23 11:22:14
i_af6af1ef4c4a,c_0da08a7b9520,resource_card,A,2026-06-23 11:24:18
i_427956747c4d,c_4a85e336eb4a,resource_card,A,2026-06-23 11:25:23
i_bdc72376a446,c_b234a200c431,resource_card,A,2026-06-23 11:34:33
i_2b7059eef63c,c_36c52c66de01,resource_card,A,2026-06-23 11:40:25
i_c4817a62c913,c_4891a22bd3a7,resource_card,A,2026-06-23 11:41:02
i_a5714faa17ff,c_965d55658116,both,A,2026-06-23 11:43:25
i_9019189fed10,c_1b229a149d43,both,A,2026-06-23 11:52:25
i_c4ce44d8a709,c_c4332c9c7dbe,both,A,2026-06-23 11:57:09
i_8dd63c0f70ff,c_bb7215e2bb81,both,A,2026-06-23 12:11:04
i_49d4e4cea74b,c_7b561e0a1161,both,A,2026-06-23 12:17:42
i_395015f13151,c_7422c74754b3,resource_card,A,2026-06-23 12:38:12
i_a4be10c75d0e,c_b7403fa9e323,resource_card,A,2026-06-23 12:44:35
i_8e6c6e388971,c_c0e6c7e57ae2,resource_card,A,2026-06-23 12:48:51
i_8a9846472138,c_ac69dcdf6f29,resource_card,A,2026-06-23 13:09:11
i_152b8f92fa12,c_3646c4eeec1e,resource_card,A,2026-06-23 13:18:43
i_6bcab0354bb6,c_37bd740584fa,resource_card,A,2026-06-23 13:18:57
i_e1a7c5e53c08,c_3a330d08aa51,resource_card,A,2026-06-23 13:25:24
i_61e73044fbc3,c_784504682f2a,both,A,2026-06-23 13:41:07
i_2957979d40a4,c_0adcba4c5f7b,resource_card,A,2026-06-23 13:48:03
i_65d2bd4ef782,c_aafa3bdc19bc,resource_card,A,2026-06-23 13:48:23
i_c7ed4131a3fc,c_06fa75f06fc3,both,A,2026-06-23 13:52:37
i_fc4bdab42d99,c_aa813874333a,resource_card,A,2026-06-23 13:55:30
i_6c68b2cec36d,c_63d45b99f277,both,A,2026-06-23 14:24:33
i_e0259bd7569c,c_0e15cbe99711,resource_card,A,2026-06-23 14:24:44
i_bcb01410cf2c,c_dfa5e701277e,resource_card,A,2026-06-23 15:41:35
i_d442aee9773c,c_092009fc1e56,both,A,2026-06-23 16:00:37
i_4d65745233ea,c_78a7ba1d072f,both,A,2026-06-23 16:14:37
i_07011d95f854,c_f22ba87b8cbd,resource_card,A,2026-06-23 16:41:12
i_bc7d010b0eb5,c_c96bcb7414d2,resource_card,A,2026-06-23 16:42:30
i_870c7ef631be,c_ef433646a4b9,resource_card,A,2026-06-23 17:35:30
i_f39b33bc6705,c_81767b5c2c8a,both,A,2026-06-23 17:46:21
i_582ccffe583c,c_ee408df44d10,both,A,2026-06-23 18:17:14
i_9d1049f32fda,c_7eca16bde3e8,resource_card,A,2026-06-23 18:19:23
i_79ba9ade91f9,c_ff1f0c7c12de,both,A,2026-06-23 18:21:09
i_d43fd93df5f9,c_3d57dec75109,resource_card,A,2026-06-23 18:27:11
i_771e93b59cb0,c_3df2bb98b8a9,resource_card,A,2026-06-23 18:36:28
i_33c1711b9571,c_4ca3881d7878,resource_card,A,2026-06-23 18:37:38
i_a897278c32d1,c_ecadc6cbd958,resource_card,A,2026-06-23 18:51:27
i_b45345bdbcb4,c_171ec470167a,resource_card,A,2026-06-23 18:57:07
i_afd2dea33882,c_514d2f247dd6,both,A,2026-06-23 18:57:19
i_68e09c40538f,c_4623a929776c,resource_card,A,2026-06-23 18:57:58
i_a1f36c04c3eb,c_159b5be5dfae,both,A,2026-06-23 19:02:38
i_60f2d36bad0b,c_f4115947e915,both,A,2026-06-23 19:12:23
i_d9349cb9777b,c_873beca9cb1b,resource_card,A,2026-06-23 19:18:58
i_db189ac61400,c_f8a9afe40ab7,resource_card,A,2026-06-23 19:23:53
i_72550b5d20e2,c_3a45bfd61917,resource_card,A,2026-06-23 19:27:12
i_ae19eaec6ecb,c_5f327a7f7a4f,both,A,2026-06-23 19:44:13
i_7a4cbfe84e39,c_ee9a4cacc4fe,resource_card,A,2026-06-23 19:48:10
i_755a1665007d,c_cf51d5a2ed53,resource_card,A,2026-06-23 19:48:26
i_ef296e299a03,c_b1011ec611aa,both,A,2026-06-23 19:57:56
i_f4fbc2af875c,c_15b1ddf36281,both,A,2026-06-23 20:01:13
i_a7eaab90d297,c_60e79db40ecc,resource_card,A,2026-06-23 20:04:35
i_123244b704e0,c_a21d39b7219b,resource_card,A,2026-06-23 20:16:03
i_2286ae99c550,c_0c1b25f5bac6,resource_card,A,2026-06-23 20:18:25
i_b5f3f8c153eb,c_aac79bd28e66,both,A,2026-06-23 20:20:21
i_d852d1c0c30a,c_60098c335607,resource_card,A,2026-06-23 20:29:02
i_ca0bcd2d7b1c,c_2e851a64b48c,both,A,2026-06-23 20:35:02
i_ea4bf6b4ac94,c_c43992355a60,resource_card,A,2026-06-23 20:38:04
i_a058f6b3e478,c_be326638b108,resource_card,A,2026-06-23 20:39:08
i_a2792e281352,c_ae78df9340a7,resource_card,A,2026-06-23 20:40:32
i_b71cd3b01d8c,c_52c0ba1a7576,both,A,2026-06-23 20:47:36
i_73a2311735e8,c_a6c01cf52948,resource_card,A,2026-06-23 20:48:39
i_53d7b013e6ea,c_c6740e03af71,both,A,2026-06-23 20:48:47
i_8598dce968f6,c_20b83118c4fc,both,A,2026-06-23 20:49:59
i_b60bbf59675f,c_74065c59e070,resource_card,A,2026-06-23 20:59:10
i_831e22050be1,c_502e3aba8b8f,resource_card,A,2026-06-23 21:19:11
i_4339561ba216,c_f84be9410973,resource_card,A,2026-06-23 21:21:34
i_526797d6b1bb,c_cae3d780fc26,resource_card,A,2026-06-23 21:28:30
i_1beacc9909cc,c_924554bfd140,resource_card,A,2026-06-23 21:30:10
i_595ebdf63483,c_8af46a351b47,resource_card,A,2026-06-23 21:31:23
i_5076a1b2ff4d,c_e1b5d111ae8b,resource_card,A,2026-06-23 21:34:05
i_aa1f7b2e361b,c_463c74f96318,both,A,2026-06-23 21:39:47
i_077edc90cab9,c_e874e608bebe,resource_card,A,2026-06-23 21:43:28
i_e3de240d779f,c_99175dc23474,resource_card,A,2026-06-23 21:48:54
i_1d4f1c60bb19,c_7eb2fac7c0bb,resource_card,A,2026-06-23 21:51:56
i_e45c314e574b,c_1449d1993677,resource_card,A,2026-06-23 21:56:03
i_5c5192bc6d87,c_656320d3d032,resource_card,A,2026-06-23 22:12:17
i_ef086f80d2ae,c_87885d7e8d06,resource_card,A,2026-06-23 22:18:32
i_7b3e3997dfd7,c_d194be326de1,resource_card,A,2026-06-23 22:18:36
i_9decf63ce622,c_7b6ed5b02549,both,A,2026-06-23 22:48:39
i_31323df403a1,c_a2179184b264,both,A,2026-06-23 22:54:09
i_a98faf462a0a,c_0e440371bdeb,resource_card,A,2026-06-23 22:54:55
i_fc110a371ddd,c_9181d136eb61,resource_card,A,2026-06-23 23:00:49
i_5f1aed26bec5,c_45464c966c98,both,A,2026-06-23 23:22:32
i_20a593ded508,c_86a14f1c168c,both,A,2026-06-23 23:30:02
i_981ed17e1cde,c_072af4189c27,resource_card,A,2026-06-23 23:31:04
i_149e6cae1959,c_23241d9ed3fc,both,A,2026-06-23 23:39:25
i_19f8760cb4d5,c_8edd1828151a,resource_card,A,2026-06-23 23:43:31
i_dd06a8062ee0,c_a3a7bc7509a9,resource_card,A,2026-06-23 23:54:42
i_c296ccdc965a,c_c60d9a1a209d,both,A,2026-06-24 00:20:30
i_f71d7e882051,c_9f1e3d37420d,resource_card,A,2026-06-24 00:36:36
i_c7b5f495fa75,c_1c8bbfd47942,both,A,2026-06-24 00:53:21
i_e76c2eaf4ed3,c_1f0d9167efcd,resource_card,A,2026-06-24 00:53:33
i_8ad13ce53ac7,c_2deecd7fb2eb,resource_card,A,2026-06-24 01:35:02
i_02079b9616c6,c_a44b43bf2b31,resource_card,A,2026-06-24 01:41:36
i_d37303ed1e6f,c_bbb04718a49e,resource_card,A,2026-06-24 01:44:07
i_491518feebe2,c_786233e4ed21,resource_card,A,2026-06-24 02:10:30
i_26cf34f3f15a,c_a399390387ee,both,A,2026-06-24 02:22:10
i_07a388d60150,c_65980775962a,resource_card,A,2026-06-24 02:28:18
i_f2e426f10c72,c_7f87ee3bc051,resource_card,A,2026-06-24 03:50:41
i_11aec7982b44,c_d4e6c099e971,both,A,2026-06-24 05:46:38
i_2e36aa551450,c_f00f6cff227d,resource_card,A,2026-06-24 06:31:38
i_8fda6ecad72d,c_8222c554267d,both,A,2026-06-24 06:58:01
i_b6499328269f,c_a73157d4ffef,both,A,2026-06-24 07:19:32
i_6a2cc92f0cbe,c_91ec94d3397a,both,A,2026-06-24 07:52:15
i_cf38dfe7adac,c_2e77fbe3977c,resource_card,A,2026-06-24 08:03:11
i_f47f7c74032b,c_a733b696330a,resource_card,A,2026-06-24 08:04:05
i_f2fc5878b8e6,c_851014258f60,resource_card,A,2026-06-24 08:06:40
i_54e9876e41e1,c_d273f4b712e7,both,A,2026-06-24 08:20:01
i_76d2b1523849,c_21eec2738aaa,both,A,2026-06-24 08:35:38
i_4bf7730e555d,c_5e3698f2dfaf,both,A,2026-06-24 08:42:56
i_53a3e4c968d3,c_88fcfdc75a5f,resource_card,A,2026-06-24 08:47:30
i_fa9cdc6bbf83,c_9b4708052d5a,resource_card,A,2026-06-24 09:03:47
i_2769d584d5f7,c_ce1c594b8d6e,resource_card,A,2026-06-24 09:09:22
i_618bcf0d2041,c_f24af17ad788,resource_card,A,2026-06-24 09:15:20
i_1d211b46c9dd,c_89b53c4105d4,resource_card,A,2026-06-24 09:49:59
i_3a54c93a6760,c_58df87558190,both,A,2026-06-24 09:54:52
i_8082e2bcc864,c_c8cfda948fac,resource_card,A,2026-06-24 10:30:40
i_10be690fbdd5,c_05ea6c464051,both,A,2026-06-24 10:33:49
i_131e50250839,c_1f80ad3938f4,resource_card,A,2026-06-24 10:43:21
i_04037952ec73,c_8e8a16077397,resource_card,A,2026-06-24 10:46:08
i_6e0c1a77064c,c_9e1ac079f022,both,A,2026-06-24 10:46:18
i_9854eb5ea8aa,c_b063890e9805,resource_card,A,2026-06-24 10:49:39
i_8af8eb049898,c_ad4368a25b65,both,A,2026-06-24 10:53:16
i_efe38af49714,c_314b1f4596a7,resource_card,A,2026-06-24 10:54:24
i_6f6a8e617fcf,c_ca59160fcb89,resource_card,A,2026-06-24 10:58:22
i_e14a24706bd5,c_38c927b3ffa2,resource_card,A,2026-06-24 11:09:00
i_2dcb2d2ac16f,c_071f77f828ff,resource_card,A,2026-06-24 11:36:24
i_d66af4110f9c,c_600ae85dcf5c,both,A,2026-06-24 11:37:20
i_baa6f3cb41fd,c_d0ed7c4598d6,resource_card,A,2026-06-24 11:55:15
i_58344a309831,c_1ccfcaf0d90d,resource_card,A,2026-06-24 11:58:41
i_ad56a60f9501,c_db897972330c,resource_card,A,2026-06-24 12:22:51
i_63ef3ca89e83,c_6ee2b27c9821,resource_card,A,2026-06-24 12:23:39
i_c7ea335d660b,c_82a5d01dde94,resource_card,A,2026-06-24 12:28:53
i_0d8a12ff0370,c_9ddc97a94589,resource_card,A,2026-06-24 12:38:32
i_80205ca8c7db,c_c14ab01b749f,resource_card,A,2026-06-24 12:46:42
i_e56802c3db1e,c_74efedddb852,both,A,2026-06-24 12:54:14
i_d4ae8d9ac8df,c_73021ddf9253,both,A,2026-06-24 13:05:50
i_e8c087f2c8a4,c_4f3fb01ef09e,both,A,2026-06-24 13:24:40
i_960da6ecd795,c_39f4222f080a,resource_card,A,2026-06-24 13:40:51
i_262eac06270b,c_d9671fe220cd,resource_card,A,2026-06-24 13:56:12
i_3148aa96431d,c_312f37b1a1dd,both,A,2026-06-24 14:17:59
i_506aa9317bc8,c_322e0d81fb0c,resource_card,A,2026-06-24 14:20:12
i_2b5f21fcf394,c_067170e74513,resource_card,A,2026-06-24 14:43:24
i_931661043f98,c_4892063eb4bb,resource_card,A,2026-06-24 14:45:38
i_b2fda6e62b33,c_d90cf6085f55,both,A,2026-06-24 14:46:41
i_2e7e49f21f77,c_c25f281bb75a,resource_card,A,2026-06-24 14:49:34
i_e4ea5a689053,c_2a5051ad947d,both,A,2026-06-24 14:59:04
i_478c94c5d734,c_9f039793d989,resource_card,A,2026-06-24 15:16:51
i_df118c226e5a,c_91b48cc99968,both,A,2026-06-24 15:18:47
i_8ae59e8cbefb,c_ce6230a1cac3,both,A,2026-06-24 15:27:34
i_8a2d8ac28f10,c_6a8bc4686182,resource_card,A,2026-06-24 15:31:09
i_c42349627bcd,c_4587fc54290e,resource_card,A,2026-06-24 15:38:33
i_d70d26a06471,c_2baf4832ed01,both,A,2026-06-24 15:40:37
i_5c31e3960e82,c_c875ea58ed33,resource_card,A,2026-06-24 15:53:43
i_2ee07277232a,c_bfcd9d170f56,resource_card,A,2026-06-24 16:09:06
i_6e4aee1ca6c7,c_9e8431a797b9,resource_card,A,2026-06-24 17:03:45
i_8e47046b5472,c_163acbd1a3dd,resource_card,A,2026-06-24 17:22:30
i_f94f0839e714,c_eee2850079f1,resource_card,A,2026-06-24 17:28:41
i_9c275ae468ce,c_e9c6d2aaea15,resource_card,A,2026-06-24 17:36:18
i_847b1ac4d6dc,c_d7c807587ed5,resource_card,A,2026-06-24 17:37:27
i_3ee73a99f2f2,c_85558b48a238,both,A,2026-06-24 17:42:16
i_104bda5da414,c_2376d6ab3dde,resource_card,A,2026-06-24 17:54:39
i_091ce52a8ddb,c_6835b7e62594,resource_card,A,2026-06-24 18:00:53
i_3855b893130c,c_d50dec399288,resource_card,A,2026-06-24 18:02:19
i_330971e92612,c_d59708b4c9b1,resource_card,A,2026-06-24 18:07:18
i_d67076d63b8f,c_969e0333e7f8,resource_card,A,2026-06-24 18:11:18
i_e7405e652ed3,c_264f0fdae6e3,resource_card,A,2026-06-24 18:18:10
i_7e6caf0826a5,c_80e70a5482a6,both,A,2026-06-24 18:26:02
i_84e0824feed1,c_40b3bc1b503a,resource_card,A,2026-06-24 18:37:26
i_66a9068be514,c_dbc7b5b362dc,both,A,2026-06-24 19:04:37
i_f9e095abead3,c_2553a7a59df9,both,A,2026-06-24 19:12:54
i_d54e0b02bdd2,c_5b12acdf732d,resource_card,A,2026-06-24 19:15:57
i_72ef3e0d62b2,c_55bc907e5406,both,A,2026-06-24 19:17:37
i_cf3151978417,c_6ae6961f6487,both,A,2026-06-24 19:20:06
i_db04b723b9b4,c_2495af3566b0,both,A,2026-06-24 19:21:51
i_29cf67e7c440,c_7d8748cd2ce9,resource_card,A,2026-06-24 19:23:06
i_f8e9a44a911d,c_99160b5d75d3,resource_card,A,2026-06-24 19:25:18
i_a04757051515,c_9edd384f51c4,resource_card,A,2026-06-24 19:29:33
i_808fe0cafa03,c_08a8c4fb01a1,both,A,2026-06-24 19:37:51
i_45ea4699d0bd,c_d8e05db88c25,both,A,2026-06-24 19:40:48
i_c86c5c684e5f,c_74694fab385c,resource_card,A,2026-06-24 19:54:48
i_b46f3be36453,c_a59284ec0d03,resource_card,A,2026-06-24 20:07:26
i_281083999c7d,c_43f2159b1f7a,resource_card,A,2026-06-24 20:11:43
i_b08278dc418c,c_20664bfb453e,both,A,2026-06-24 20:14:44
i_29086d499479,c_a0c59b92530b,resource_card,A,2026-06-24 20:20:27
i_8ee2873b071b,c_51f1d0ad3dc5,resource_card,A,2026-06-24 20:23:03
i_09d6da59e0a0,c_ddf2fe9d04ab,both,A,2026-06-24 20:32:08
i_0c90e32d82fb,c_9c52903d89a4,both,A,2026-06-24 20:32:45
i_f264f03dae7b,c_d45b9ec619c6,resource_card,A,2026-06-24 20:40:01
i_4a73b77d70aa,c_ca7939fbcc3c,resource_card,A,2026-06-24 20:44:25
i_40a2fe3785ac,c_33aa88f4b5e8,both,A,2026-06-24 20:45:54
i_a1292e524969,c_ce94760d48cc,both,A,2026-06-24 21:08:04
i_39635a0a89af,c_3226707a33a8,resource_card,A,2026-06-24 21:17:47
i_97b296b16f21,c_4f93e61bfc95,resource_card,A,2026-06-24 21:17:48
i_1cd82af00f60,c_07aca17c34e7,resource_card,A,2026-06-24 21:18:24
i_9b89cb21afa2,c_c44a76668381,resource_card,A,2026-06-24 21:24:23
i_53b1d2a0b755,c_43cc98d3e61a,both,A,2026-06-24 21:44:02
i_55dc8b1fba6c,c_4b917bee1dfc,resource_card,A,2026-06-24 21:46:13
i_fee01de1e631,c_015ad6da86f5,resource_card,A,2026-06-24 21:48:53
i_8cbdfc2c58bc,c_e6de477e1370,resource_card,A,2026-06-24 21:57:34
i_f184207c422e,c_67b817ce8585,resource_card,A,2026-06-24 21:58:32
i_94d66d2b6c0f,c_f5705a707355,resource_card,A,2026-06-24 21:59:17
i_dd3f2fb1369c,c_cef414ffebf5,both,A,2026-06-24 22:00:02
i_a74d9685e6ca,c_e1ba0fe94d0e,resource_card,A,2026-06-24 22:00:02
i_35fab159993d,c_b01916dc9f82,resource_card,A,2026-06-24 22:01:13
i_0a48ed6f6494,c_e529ba661996,resource_card,A,2026-06-24 22:01:48
i_2825c7733ab4,c_cc1dced273fc,both,A,2026-06-24 22:05:46
i_165b0c99503e,c_a3cb35b6da59,both,A,2026-06-24 22:14:22
i_30f1b59f909f,c_03e5ba4699f8,both,A,2026-06-24 22:35:19
i_d91db2b9b1de,c_14bca6559017,both,A,2026-06-24 22:35:27
i_f69df354f968,c_b2817f9390ae,both,A,2026-06-24 22:40:12
i_e45d3f7876ce,c_e0e7b4ad76b7,resource_card,A,2026-06-24 22:47:52
i_fea2c200d8d6,c_562ba85e2ba5,resource_card,A,2026-06-24 22:48:35
i_d5c95b322329,c_510e9164efcc,resource_card,A,2026-06-24 22:49:56
i_229292e58b4f,c_16d9e5ca88ac,both,A,2026-06-24 22:53:19
i_be8d1073ebab,c_d75805a5c866,both,A,2026-06-24 22:59:02
i_4aea51e10337,c_2c24e725103b,resource_card,A,2026-06-24 23:27:53
i_05a6aa5bfbfd,c_c1741f6ca0bc,both,A,2026-06-24 23:53:07
i_3fe0e4361712,c_71a356b5aa22,resource_card,A,2026-06-25 00:11:15
i_0d25fad4f656,c_f45ed6174236,both,A,2026-06-25 00:14:20
i_769d8554dc25,c_b68e4359e3d7,both,A,2026-06-25 00:36:19
i_45cf2998e38b,c_667039887384,both,A,2026-06-25 01:13:34
i_af4a72973792,c_646b04ffe91e,resource_card,A,2026-06-25 01:20:47
i_f5c835afd422,c_8ff53e1f7ba1,both,A,2026-06-25 01:51:52
i_16c64d3bb0a0,c_9fcb2b50af5c,both,A,2026-06-25 02:42:00
i_908877634419,c_5afa584ad52f,resource_card,A,2026-06-25 03:30:02
i_eeeb4b2f139d,c_d852067b3d4d,both,A,2026-06-25 03:57:48
i_80a30c013bc4,c_5dd3e31353ac,both,A,2026-06-25 04:22:08
i_ea8e6b683dff,c_7eebee26784e,both,A,2026-06-25 05:35:10
i_20c5a1257d2c,c_69b2eb7ba5b5,resource_card,A,2026-06-25 06:21:11
i_2b04319404be,c_3e4b0d68e144,resource_card,A,2026-06-25 06:24:14
i_a09bc56f8f33,c_eab5ed8b9a6a,resource_card,A,2026-06-25 08:29:36
i_23f481ba2bcb,c_88e888f7c53a,resource_card,A,2026-06-25 08:43:03
i_c9a46fe3a525,c_e129de734dbf,resource_card,A,2026-06-25 09:16:00
i_f203f35fde7d,c_22205e10c727,both,A,2026-06-25 09:18:11
i_7eb80b7e2a65,c_e30e97bdb2f7,both,A,2026-06-25 09:23:08
i_3e28f3fbfd80,c_7edaa0292b7d,both,A,2026-06-25 09:30:58
i_494fbbb0aed7,c_ba8c4dd865b0,resource_card,A,2026-06-25 09:33:31
i_933e5a2a89ad,c_e7d4869039a9,resource_card,A,2026-06-25 09:41:08
i_11467a1791e3,c_39952de6bc7a,both,A,2026-06-25 09:49:44
i_74ec4b9e0adb,c_fd0fae01ffc7,both,A,2026-06-25 09:57:37
i_d5abc0a00310,c_6d831bc22953,resource_card,A,2026-06-25 10:00:14
i_8f14ad273bd7,c_7184b07fdd48,resource_card,A,2026-06-25 10:17:57
i_a22cc29e1c48,c_d5338b7013a8,resource_card,A,2026-06-25 10:26:29
i_f46a3c1af6d4,c_2cb55f55b0f3,resource_card,A,2026-06-25 10:42:04
i_5e57d82c50e9,c_6cf5d8c3ac53,resource_card,A,2026-06-25 10:44:17
i_9fcad247bc06,c_58110ca90e9a,resource_card,A,2026-06-25 10:44:23
i_1016088f1c12,c_153113c7f1b4,resource_card,A,2026-06-25 10:47:27
i_2e93fa765149,c_c1c61a073106,resource_card,A,2026-06-25 11:22:51
i_f96ab40bd45d,c_53f17e305077,resource_card,A,2026-06-25 11:26:00
i_5b1a762f8867,c_3c4db116df1e,resource_card,A,2026-06-25 12:01:18
i_55dc418f6f27,c_58bedde4c0b0,both,A,2026-06-25 12:04:12
i_575dd2a387d5,c_2926372df9c7,resource_card,A,2026-06-25 12:25:22
i_df32a59738f3,c_f0002603de8f,both,A,2026-06-25 12:37:36
i_a64647435c22,c_19a0ed718ce0,both,A,2026-06-25 12:49:49
i_e7223fe97cb3,c_24d24fe3294c,resource_card,A,2026-06-25 12:58:16
i_bb6fc1d89953,c_914d6372fa38,resource_card,A,2026-06-25 13:02:34
i_df5040abb5b1,c_23c0d9f26699,resource_card,A,2026-06-25 13:02:58
i_23265798a0e3,c_3dbe29f52a64,resource_card,A,2026-06-25 13:15:41
i_50896ef92e4e,c_b29a5b6a6992,both,A,2026-06-25 13:19:13
i_721430185eb1,c_6c7b65f14fde,resource_card,A,2026-06-25 13:33:48
i_e4710a204202,c_91d64688d7fd,both,A,2026-06-25 13:34:35
i_b5dc13e083e1,c_4854c6ecd8f9,both,A,2026-06-25 13:42:24
i_b1099323e16a,c_c9f35beaff26,both,A,2026-06-25 13:43:07
i_b395bf5f095a,c_8ad77851b8b8,both,A,2026-06-25 13:44:56
i_db2e047dd080,c_894cfaeb16a8,resource_card,A,2026-06-25 14:05:02
i_258598594fd1,c_58c36ca844ea,resource_card,A,2026-06-25 14:11:52
i_810c1977435b,c_ebe7544536e2,resource_card,A,2026-06-25 14:15:11
i_9738eec89411,c_97be12ee35f4,both,A,2026-06-25 14:27:33
i_f4c7ed6df33c,c_028f2566ae89,both,A,2026-06-25 14:30:16
i_fb6a8e2bf937,c_b3e088ecdc13,both,A,2026-06-25 14:30:33
i_949e27218994,c_967be8cc311a,resource_card,A,2026-06-25 14:47:24
i_562b3f604cca,c_3ccbbaa33bc6,resource_card,A,2026-06-25 15:14:50
i_027a0fdc7a6b,c_1b1b146fa603,both,A,2026-06-25 15:18:20
i_15baf78ad42d,c_adb8a8295c42,both,A,2026-06-25 15:32:12
i_62e6e7610105,c_45e2e7106bf1,resource_card,A,2026-06-25 16:01:05
i_2868cde98add,c_34920f217c35,resource_card,A,2026-06-25 16:05:13
i_821bc039d6c5,c_5b91d4786168,both,A,2026-06-25 16:23:44
i_5def553191c8,c_1a0c7075271f,resource_card,A,2026-06-25 16:52:12
i_4920e9074bd8,c_647a79d5749a,resource_card,A,2026-06-25 16:59:17
i_5f3cca010c14,c_5811c30b3933,resource_card,A,2026-06-25 16:59:58
i_d48e24f2a24b,c_3a822b762738,resource_card,A,2026-06-25 17:00:56
i_e2ea3f898b9b,c_5cf1a8e99e3b,resource_card,A,2026-06-25 17:02:30
i_c2e1d80b0ab0,c_384e29605e25,resource_card,A,2026-06-25 17:08:01
i_9bca3534a474,c_8b9aa0a8b5f3,resource_card,A,2026-06-25 17:10:40
i_f485c4070313,c_ba5d9afe029b,resource_card,A,2026-06-25 17:14:59
i_866a9385d68a,c_e242860f07b3,both,A,2026-06-25 17:31:53
i_292b1391de46,c_42106e83ef8b,resource_card,A,2026-06-25 18:10:04
i_ff38b8ad9193,c_5197313b38c0,resource_card,A,2026-06-25 18:22:38
i_750a22e9eddb,c_a28ad897dd47,resource_card,A,2026-06-25 18:23:29
i_851d7aa5dc1c,c_536154fcc418,resource_card,A,2026-06-25 18:37:07
i_45e791c66d44,c_89b943021d46,both,A,2026-06-25 18:49:25
i_4a4f1eac736a,c_d21e8ef07612,both,A,2026-06-25 18:51:23
i_907616e1c5b6,c_7622b26361ee,resource_card,A,2026-06-25 19:02:57
i_fa39491e2d82,c_eeb2dcff654c,resource_card,A,2026-06-25 19:10:49
i_b4f31ad33503,c_be451d53cc93,resource_card,A,2026-06-25 19:18:03
i_a9c4bc5b0015,c_b2443db2324f,resource_card,A,2026-06-25 19:21:25
i_9eb24f7b10e7,c_58cdb03bd490,both,A,2026-06-25 19:21:45
i_d8ce149141a6,c_2f18252f7929,both,A,2026-06-25 19:24:20
i_2e49d2b760b8,c_e5c87d3a353c,resource_card,A,2026-06-25 19:28:42
i_5aaa9a08078e,c_ac1aa3f5ded1,resource_card,A,2026-06-25 19:30:48
i_d5deebcb62f2,c_48dc67c058d4,both,A,2026-06-25 19:35:51
i_99d5356fce9d,c_045cd7850b7b,both,A,2026-06-25 19:36:23
i_ce577ebe0266,c_6ee160d97f36,resource_card,A,2026-06-25 19:43:13
i_a5ba12e9930e,c_bd6b4c107eca,both,A,2026-06-25 19:46:45
i_19e827cb3893,c_6c416f09c3e1,resource_card,A,2026-06-25 19:47:58
i_ebf6866ec71d,c_c52e73a59d7f,resource_card,A,2026-06-25 19:53:47
i_c4720c89cac7,c_35795b35b6f1,both,A,2026-06-25 20:04:53
i_92b13ceeeead,c_3d0ec9255333,resource_card,A,2026-06-25 20:09:39
i_817c7c2e0181,c_6dc090f1ef02,resource_card,A,2026-06-25 20:19:30
i_ee1fb5380e43,c_480475952b1a,resource_card,A,2026-06-25 20:23:46
i_f7cd27df61f8,c_081e846c111a,resource_card,A,2026-06-25 20:26:20
i_2d80c436b940,c_5568df8a271f,resource_card,A,2026-06-25 20:55:53
i_485f19e84bd7,c_6e769316a540,resource_card,A,2026-06-25 21:05:17
i_1a7cd74813fb,c_3639a7a62420,resource_card,A,2026-06-25 21:21:37
i_e53e2a4d50c9,c_109a23a890d7,both,A,2026-06-25 21:56:43
i_850a04c061f4,c_65c5fb7b2a30,resource_card,A,2026-06-25 22:05:16
i_1fc727094cb0,c_c731067d2de6,both,A,2026-06-25 22:06:04
i_73618be7cb85,c_df32249511ab,resource_card,A,2026-06-25 22:06:05
i_82c368e68e42,c_b1c6a702644c,resource_card,A,2026-06-25 22:20:59
i_05222261bb99,c_bd70c3d11cca,resource_card,A,2026-06-25 22:25:25
i_ece758b25bf4,c_705a5f80dc04,resource_card,A,2026-06-25 22:49:18
i_d66c311236d5,c_be857532c175,both,A,2026-06-25 22:52:03
i_00c13a19a45b,c_7731cde08a3d,both,A,2026-06-25 22:54:56
i_a86a0550e055,c_fe59721e9494,resource_card,A,2026-06-25 22:59:57
i_f4820cfad9b0,c_b38a43db54da,resource_card,A,2026-06-25 23:07:24
i_dd7839a6f91b,c_57e68aed8d6f,resource_card,A,2026-06-25 23:19:17
i_46f47add8e4c,c_e22967f87879,resource_card,A,2026-06-25 23:28:35
i_a7f2414e0164,c_27ebb50b2fa1,both,A,2026-06-25 23:54:51
i_bdbef00f067a,c_b7949b4ddc61,resource_card,A,2026-06-26 00:12:02
i_3707b6ed24ec,c_c3b04a8acef2,resource_card,A,2026-06-26 00:23:29
i_73bc08f12c76,c_e5b1adebf96d,resource_card,A,2026-06-26 00:40:14
i_8dd7dc8aa286,c_faeac09ee0ce,resource_card,A,2026-06-26 00:51:51
i_c3eb93925ea4,c_0e93d3a01455,both,A,2026-06-26 01:00:10
i_561040eec3b7,c_efc521180bbd,both,A,2026-06-26 01:03:09
i_0e11d8e70dca,c_d4263dcddf5a,both,A,2026-06-26 02:00:00
i_f7ce553b682e,c_f662d849d906,both,A,2026-06-26 02:06:20
i_87c209d8a500,c_326890f36808,resource_card,A,2026-06-26 02:31:47
i_8f0322886453,c_91410103cf6e,resource_card,A,2026-06-26 03:00:35
i_4d511af7146a,c_5921835e5fca,both,A,2026-06-26 03:59:58
i_c547635adf47,c_61dcc4711ee9,resource_card,A,2026-06-26 04:42:24
i_d6d8e760425d,c_62290ab9c840,resource_card,A,2026-06-26 05:27:16
i_2284bf7b4ba3,c_b8601ac3ad99,resource_card,A,2026-06-26 05:41:25
i_acbfd355faaf,c_6497aaa5ba32,resource_card,A,2026-06-26 05:50:48
i_d3b7adbe1ac6,c_29a5b29351d9,both,A,2026-06-26 05:53:48
i_9e0d652caaad,c_b266c2228a28,resource_card,A,2026-06-26 06:11:16
i_bc9d16307359,c_26644ae071e5,both,A,2026-06-26 06:18:41
i_20e2135ef351,c_b2418f171d22,resource_card,A,2026-06-26 07:09:45
i_b99067a3f3da,c_0571c25f64bf,both,A,2026-06-26 07:15:35
i_1db20204ab4d,c_95af1866f3ae,resource_card,A,2026-06-26 07:18:07
i_e9b7847990b9,c_45ef054f4293,resource_card,A,2026-06-26 07:58:50
i_08b79583f6e8,c_6946d51adc2b,resource_card,A,2026-06-26 08:37:41
i_a65a65ca11a9,c_65445e427047,resource_card,A,2026-06-26 08:37:53
i_88494e08669a,c_b351447f6414,both,A,2026-06-26 08:55:19
i_74e51dbbf20a,c_d08a87e32a1a,resource_card,A,2026-06-26 09:12:26
i_189a85854a84,c_852dd1fd3ffc,resource_card,A,2026-06-26 09:29:51
i_b54501afc253,c_e0c02eec943f,resource_card,A,2026-06-26 09:38:54
i_aa5a65c4dfe0,c_6e8db8d1e5d8,resource_card,A,2026-06-26 09:44:16
i_93a66cff0dc3,c_6d969ae57816,both,A,2026-06-26 09:51:42
i_23b12168fabc,c_71b0bd2a84c1,both,A,2026-06-26 10:01:19
i_46cbe208075f,c_f73e097d594e,both,A,2026-06-26 10:12:11
i_9bb6ce521df9,c_f686c874d121,both,A,2026-06-26 10:30:05
i_8d3516052bd3,c_c85880e13466,both,A,2026-06-26 10:39:29
i_d697b88a37ec,c_4c3c95c62ae0,resource_card,A,2026-06-26 10:41:25
i_43f019990fb6,c_a97bdb4dbc9e,both,A,2026-06-26 10:52:55
i_f10fe7d1866f,c_653557bbd18e,resource_card,A,2026-06-26 11:03:17
i_dc314e9e98e6,c_3c85d1213d90,resource_card,A,2026-06-26 11:03:45
i_297adbb352af,c_2f4ebe7ff809,resource_card,A,2026-06-26 11:14:00
i_c80a5b6a69a1,c_73d8a2ef3038,resource_card,A,2026-06-26 11:25:16
i_7a20b42b0477,c_c5f9edb2bc00,both,A,2026-06-26 11:50:01
i_bd6d722917d8,c_9a36be584fac,resource_card,A,2026-06-26 11:56:01
i_ac692191b741,c_59c09cf85ec6,both,A,2026-06-26 12:01:46
i_5499ebb60389,c_bf8eb8ee4603,resource_card,A,2026-06-26 12:09:57
i_17e11cf6f08b,c_f3cc1d35050f,both,A,2026-06-26 12:23:43
i_403c9496a41b,c_8b57e7d6b78f,both,A,2026-06-26 12:29:11
i_76746b69633f,c_846b42f2f20a,resource_card,A,2026-06-26 12:33:58
i_fcb4511985d3,c_72ff8886e3c3,resource_card,A,2026-06-26 12:51:29
i_9f62850d7c32,c_93567645a50a,both,A,2026-06-26 12:55:03
i_c518e04bc50d,c_bf62c4d74ac8,resource_card,A,2026-06-26 12:57:34
i_e23700e98904,c_e2ecb2e711d7,resource_card,A,2026-06-26 13:17:56
i_b027ac5da876,c_b24cf1b3ac54,both,A,2026-06-26 13:25:44
i_c3e068cc2d0f,c_d1553d6f9c6b,both,A,2026-06-26 13:47:17
i_bf5a411ac66b,c_8795825cc2ce,resource_card,A,2026-06-26 13:47:15
i_52ad6eed8d9a,c_ecc711dbd487,resource_card,A,2026-06-26 13:48:17
i_070219898941,c_458df7d96c00,resource_card,A,2026-06-26 13:53:02
i_84634c97b440,c_5a1dcbe38508,resource_card,A,2026-06-26 13:58:07
i_e11a551c1d72,c_ad3e8e2d2174,resource_card,A,2026-06-26 14:02:27
i_9aa1fe148d97,c_2da58ac72416,resource_card,A,2026-06-26 14:09:41
i_6da07e12c91c,c_9b638d8ba3e5,resource_card,A,2026-06-26 14:13:08
i_18d9f7bb3bac,c_bedce8d4cfe9,resource_card,A,2026-06-26 14:17:29
i_a567f24cee66,c_a30c195c0565,resource_card,A,2026-06-26 14:31:14
i_172ce3bd9e78,c_2c1579f784de,resource_card,A,2026-06-26 14:43:35
i_44e8c9c3a7b9,c_8d4232dd2db2,both,A,2026-06-26 14:56:10
i_66bad0642543,c_8c9de6db66c3,resource_card,A,2026-06-26 15:22:42
i_8ace17e71b88,c_440778115f1a,resource_card,A,2026-06-26 15:28:11
i_c99530ab82d9,c_18007a72ff98,resource_card,A,2026-06-26 15:31:05
i_8d028e3e7edb,c_85274269b3e4,both,A,2026-06-26 15:39:05
i_81d8d1a132db,c_e5e558ff08cb,both,A,2026-06-26 15:46:25
i_0d3ba4df97c0,c_9de478bbb18c,resource_card,A,2026-06-26 15:49:36
i_daa91cd7939a,c_508f014c5a08,both,A,2026-06-26 17:11:10
i_eeb19bc5d60f,c_dccd7e469704,both,A,2026-06-26 17:52:38
i_6ad531931bf8,c_d18884d9c3be,resource_card,A,2026-06-26 18:04:04
i_fb0872690af0,c_dd038a8131b2,resource_card,A,2026-06-26 18:06:42
i_80e1f6dad43e,c_0ad8db735840,resource_card,A,2026-06-26 18:16:17
i_6cd902e67cd2,c_9fb8b6774eb9,resource_card,A,2026-06-26 18:29:41
i_f80494f84382,c_139f978e284c,resource_card,A,2026-06-26 18:30:35
i_0a54f57f45f6,c_4cca7f56993b,resource_card,A,2026-06-26 18:30:58
i_2ae2f67f5893,c_61cfffaf850a,resource_card,A,2026-06-26 19:04:57
i_3bb905caa186,c_63bc8fe86ad2,resource_card,A,2026-06-26 19:11:35
i_26c4673d2885,c_30b64aaec10c,both,A,2026-06-26 19:11:53
i_0926904b805a,c_57192c21ff2e,both,A,2026-06-26 19:31:02
i_0e522a7f4c91,c_fbe0bf60ec2a,resource_card,A,2026-06-26 19:51:33
i_716a4ee8d920,c_4c6893b23b22,resource_card,A,2026-06-26 20:04:00
i_272d62b1f189,c_b580dd253b83,resource_card,A,2026-06-26 20:27:06
i_d0e90dd256cf,c_5026f5c5be83,resource_card,A,2026-06-26 20:28:09
i_f5b7a646aebc,c_add2ddf70b35,resource_card,A,2026-06-26 20:46:59
i_59d66fce5d09,c_06a97ab5928f,resource_card,A,2026-06-26 20:49:16
i_2433d470da1c,c_61728fd0f09b,resource_card,A,2026-06-26 20:50:21
i_231a53e3f782,c_b127601a20ec,resource_card,A,2026-06-26 20:52:07
i_70398bd5bf4d,c_0f8e9cd11575,resource_card,A,2026-06-26 21:03:41
i_75f3a5a01fad,c_a7d21db83a7c,resource_card,A,2026-06-26 21:04:12
i_c0430a0f3323,c_d79ac2097e7f,both,A,2026-06-26 21:07:16
i_f55c053f074a,c_b8fe3f867a6f,both,A,2026-06-26 21:22:07
i_a376ce03779d,c_d5ae5f1ef989,resource_card,A,2026-06-26 21:28:24
i_8f859e58b0f7,c_8298865a318e,resource_card,A,2026-06-26 21:36:40
i_9c38d6b7741c,c_99e53a58bec5,both,A,2026-06-26 21:36:43
i_5abe89bdbb3c,c_cb2ef903a718,resource_card,A,2026-06-26 22:16:31
i_8bfd59e29573,c_8d6dcb4622c4,resource_card,A,2026-06-26 22:27:00
i_c0c6b909718a,c_3893347697f6,resource_card,A,2026-06-26 22:43:50
i_155d6bc9f1f8,c_5d6166535449,resource_card,A,2026-06-26 23:04:12
i_c5883fe23f58,c_405af6eb4c05,both,A,2026-06-26 23:12:15
i_39518fd42f6e,c_b73797db242f,resource_card,A,2026-06-26 23:18:30
i_b251bef1c712,c_1addc8af5c9f,resource_card,A,2026-06-26 23:24:42
i_23eb6f02ce4e,c_947e8e85257e,resource_card,A,2026-06-26 23:30:36
i_3248957769be,c_ed209407c260,resource_card,A,2026-06-26 23:48:23
i_2e1fe6042dfa,c_ed9cae8807a3,resource_card,A,2026-06-26 23:53:05
i_10298a87a4d9,c_cb1e1959d472,resource_card,A,2026-06-27 00:07:00
i_5697585ecc4f,c_e9bed43f6c0e,both,A,2026-06-27 00:30:29
i_6a7f286b7338,c_7c1a618bc0ac,resource_card,A,2026-06-27 01:50:56
i_12bd989fcf77,c_27005f0ac477,resource_card,A,2026-06-27 01:58:35
i_665a105695bf,c_4716058ee46e,resource_card,A,2026-06-27 02:34:30
i_32d9f2bc7114,c_ff9f89c37819,both,A,2026-06-27 04:39:28
i_43c98865cd56,c_0c481455f6ae,both,A,2026-06-27 06:17:41
i_c06ac195c39f,c_73a3cb9135ec,both,A,2026-06-27 06:28:36
i_5c9f6329ed88,c_7638e9410b4d,both,A,2026-06-27 06:33:54
i_486a0fd2a0ee,c_0de7cb2c8d0d,both,A,2026-06-27 07:32:56
i_59b4bc35a3b5,c_e64fd106f8fd,resource_card,A,2026-06-27 08:02:08
i_a0050728a076,c_978195e83e76,both,A,2026-06-27 08:33:34
i_48198f980d26,c_e2f94f5b4c28,both,A,2026-06-27 08:59:04
i_41d748c14dec,c_88823e2958e2,both,A,2026-06-27 09:43:01
i_18444df31243,c_7457a49618ca,both,A,2026-06-27 10:42:02
i_2db3fba7c51d,c_fd430f9e612c,resource_card,A,2026-06-27 10:45:05
i_8b08c5e69330,c_617db8d1b5bd,resource_card,A,2026-06-27 10:49:29
i_0061565f1e96,c_1c7be08c722d,resource_card,A,2026-06-27 10:50:46
i_b522db61f7ef,c_d7df873944e6,both,A,2026-06-27 11:07:19
i_158cb1517774,c_03eae4b3a05e,resource_card,A,2026-06-27 11:21:26
i_d7aee70ef32f,c_edc609687e98,both,A,2026-06-27 11:30:11
i_9307a60a2708,c_fdf659f6bd66,both,A,2026-06-27 11:36:42
i_765001332383,c_62781b03cf31,resource_card,A,2026-06-27 11:52:26
i_b9d775891fc8,c_a903941cd4d4,both,A,2026-06-27 12:01:37
i_b2a30b107a6c,c_fb9b1c8e7e24,resource_card,A,2026-06-27 12:15:26
i_d7f56f27c812,c_1ad8cbd5afc9,resource_card,A,2026-06-27 12:24:35
i_506d258fc216,c_8561bbde7c02,resource_card,A,2026-06-27 12:34:04
i_683e9bfe5e39,c_a022a1f2aede,resource_card,A,2026-06-27 12:36:30
i_0362fcc6dcd7,c_5d365c12977f,resource_card,A,2026-06-27 12:42:16
i_2da5ef64b1f5,c_b538104184e3,both,A,2026-06-27 13:21:26
i_5c2bf6ae889c,c_08be056d561d,both,A,2026-06-27 13:30:36
i_ecef705f2702,c_25a4769f027f,resource_card,A,2026-06-27 13:41:13
i_da3be72b7f99,c_4a0bc4fbfb7e,resource_card,A,2026-06-27 13:42:11
i_1cfe057e7a08,c_b24389a4bd18,both,A,2026-06-27 14:14:41
i_a9f406d82027,c_d7bd5c04d0dc,resource_card,A,2026-06-27 14:21:38
i_bc77ed99543f,c_1a75ce5198ee,both,A,2026-06-27 14:36:41
i_7b0bab0a0350,c_838006d5fd15,both,A,2026-06-27 14:55:45
i_bfd35c9963d4,c_3d56961761ec,resource_card,A,2026-06-27 14:57:23
i_811506cbf71e,c_20a264861e4b,resource_card,A,2026-06-27 15:16:32
i_abcea53aa510,c_c0530b1b9d3e,resource_card,A,2026-06-27 15:18:57
i_02489dac4292,c_97b883df3c17,resource_card,A,2026-06-27 15:24:07
i_56beb7bf56d5,c_e807baf1c197,resource_card,A,2026-06-27 15:59:14
i_15964342f91e,c_4c1d74ea1c81,resource_card,A,2026-06-27 16:09:02
i_d9c542cce245,c_d51dbb82f163,both,A,2026-06-27 16:15:29
i_3c521d72c7c5,c_6cf0040a2ec6,resource_card,A,2026-06-27 16:29:33
i_b7e47c9e1aeb,c_62cf4cbe4ff8,both,A,2026-06-27 16:39:48
i_ecf6bbe9df42,c_d51dcc95e0ab,both,A,2026-06-27 16:42:46
i_4f66ef4c420f,c_c59e2daecd86,resource_card,A,2026-06-27 16:44:40
i_12f215a6121b,c_6d0710aa7a26,resource_card,A,2026-06-27 17:01:39
i_3a7aeaf1c67f,c_52fe5be3ea00,both,A,2026-06-27 17:04:20
i_3ad7728ca5ef,c_4deefc543459,both,A,2026-06-27 17:21:50
i_6c2400fe44f4,c_07793edb1b79,resource_card,A,2026-06-27 17:24:40
i_acc3c6383723,c_3298f77b94d2,resource_card,A,2026-06-27 17:50:45
i_9ae79fca47b3,c_63518b9fa9b5,resource_card,A,2026-06-27 18:10:07
i_0fbc95de2b24,c_3c1cb51595b0,resource_card,A,2026-06-27 18:22:00
i_d55428c15971,c_7895f3ef2c0f,resource_card,A,2026-06-27 18:27:05
i_975e55b70c9b,c_05eaa4ce451c,resource_card,A,2026-06-27 18:41:42
i_4983a699bbce,c_c686031f90c9,resource_card,A,2026-06-27 18:43:56
i_ef9fa53a1c40,c_37f0b3d64cbc,both,A,2026-06-27 18:45:06
i_bf643473621d,c_d10cdd92f141,both,A,2026-06-27 18:45:36
i_cfe2ab2382b6,c_678e9f5d9751,resource_card,A,2026-06-27 18:54:46
i_f2e626575d11,c_e203a5d79ddf,resource_card,A,2026-06-27 19:06:02
i_e01e587dcfd8,c_cfb42af45b7c,both,A,2026-06-27 19:33:13
i_cd3e8d5f153f,c_a2d0ad2995f9,resource_card,A,2026-06-27 20:07:06
i_670b616ac4aa,c_a453c34e2998,both,A,2026-06-27 20:09:57
i_cc6ede9230b3,c_f4ee17c280ce,resource_card,A,2026-06-27 20:12:00
i_33ba16faad66,c_eb3f13941346,resource_card,A,2026-06-27 20:19:06
i_00e72c97077a,c_ed77422ecf6e,resource_card,A,2026-06-27 20:35:34
i_fcdd0e041d52,c_07bc533dafdc,both,A,2026-06-27 20:40:09
i_1d504860ac0f,c_18d420f6510a,both,A,2026-06-27 21:07:08
i_60aa0b911c51,c_75432105b5f4,both,A,2026-06-27 21:24:44
i_6eb9dd73b6e5,c_4d1003b25146,resource_card,A,2026-06-27 21:34:44
i_8f3d619dffd0,c_c258854dc01a,resource_card,A,2026-06-27 21:35:08
i_80c49445abbe,c_d0cec3471aa1,resource_card,A,2026-06-27 21:36:08
i_bcc33015f7d1,c_008404e7d8df,resource_card,A,2026-06-27 21:46:08
i_bf5c6a7bd0cc,c_682608dab715,resource_card,A,2026-06-27 21:47:31
i_56cf6529c75f,c_e222aa1f3d74,resource_card,A,2026-06-27 22:07:37
i_a1e259b1e5c8,c_015226762403,both,A,2026-06-27 22:42:25
i_ab42ccbd435a,c_49e87793a975,resource_card,A,2026-06-27 22:45:43
i_f6be3bd70d9a,c_a046a41a269a,resource_card,A,2026-06-27 22:56:57
i_15ff8c93e50f,c_e3e6395a50ee,resource_card,A,2026-06-27 23:01:02
i_1ddc7222ef09,c_c5e1a767c83c,resource_card,A,2026-06-27 23:16:08
i_9f7f3cde35cd,c_4c046a01bb8d,resource_card,A,2026-06-27 23:24:02
i_62a723b53f84,c_ba8f59af06a8,resource_card,A,2026-06-27 23:31:25
i_f877e1031f19,c_71e440c3d9df,resource_card,A,2026-06-27 23:51:36
i_b062c3f3543a,c_3055d3a50961,resource_card,A,2026-06-27 23:56:45
i_288424004a99,c_adc9a9fe48c9,resource_card,A,2026-06-28 00:40:50
i_c6a209c7941c,c_804db313e90a,both,A,2026-06-28 01:49:37
i_e9939f3f9ae4,c_cc3a92308a38,both,A,2026-06-28 01:53:02
i_b0f7917a9d05,c_d0b5eb1c19b4,resource_card,A,2026-06-28 02:10:41
i_cd7628b7cfa3,c_b4d647d72e9e,resource_card,A,2026-06-28 03:42:54
i_d9aefb53485a,c_06eb7e40799a,resource_card,A,2026-06-28 04:47:58
i_098f67c1d05a,c_fdd34b10995b,both,A,2026-06-28 05:10:03
i_fd5a8f08fa45,c_3dc82b24e335,both,A,2026-06-28 06:27:49
i_4b5209b26c5c,c_48ca0ec5a247,both,A,2026-06-28 07:05:45
i_b4324ed9870e,c_9752ce4b1e03,both,A,2026-06-28 07:45:45
i_f36f8d6362f3,c_d3ae4d86e4e3,both,A,2026-06-28 08:21:52
i_1b7fe3ba990c,c_228b83181dc1,resource_card,A,2026-06-28 08:33:56
i_46fe83efc727,c_63e47026e55a,resource_card,A,2026-06-28 09:16:19
i_27f200759eb3,c_c16e291d8a45,resource_card,A,2026-06-28 09:17:24
i_f1dc8d2b875c,c_89a6f8dceae6,both,A,2026-06-28 09:56:56
i_8cc3256aef6b,c_5e22887be446,resource_card,A,2026-06-28 10:39:56
i_abd5d3717002,c_dbad9cbdf899,both,A,2026-06-28 10:42:25
i_00e17647b537,c_9769fbf6d19e,both,A,2026-06-28 11:37:32
i_ca328aab19f3,c_1d01105a3bf7,both,A,2026-06-28 11:40:37
i_8841d78d000a,c_c7f9a7a85d6c,resource_card,A,2026-06-28 11:49:04
i_340ee4d6abbd,c_1282a8ab64b4,resource_card,A,2026-06-28 11:49:22
i_bbb26152bdb8,c_f664b0eb946d,both,A,2026-06-28 12:25:04
i_fe3ef3d1619b,c_682360d8e157,resource_card,A,2026-06-28 12:43:40
i_d0c4c3593f85,c_1a7831508377,resource_card,A,2026-06-28 13:33:45
i_54583a27460e,c_96a98a583fc0,both,A,2026-06-28 13:44:35
i_338bd76a2702,c_e936e63f9bed,resource_card,A,2026-06-28 14:04:13
i_fcbcad4933dc,c_0485232f5bbb,both,A,2026-06-28 14:18:47
i_210da87a0d55,c_23429eac1a91,resource_card,A,2026-06-28 14:22:46
i_6fa07e65305f,c_88d6d44db375,both,A,2026-06-28 14:29:43
i_fc2c5480ef6f,c_26b0b3d47ee4,resource_card,A,2026-06-28 14:44:48
i_141bdf032711,c_61c5a8edd997,resource_card,A,2026-06-28 15:02:53
i_7a0a5292b317,c_7716c761d6a2,both,A,2026-06-28 15:03:57
i_73992328743c,c_abf2aaa2064c,resource_card,A,2026-06-28 15:07:49
i_d0c9a55ad45e,c_766e5b4b36f9,resource_card,A,2026-06-28 15:08:28
i_c62a661835e0,c_3e7108bac647,resource_card,A,2026-06-28 15:24:43
i_0388d53ab6b3,c_285d5bbca726,resource_card,A,2026-06-28 15:38:00
i_b182504a676c,c_f914cf7073b2,both,A,2026-06-28 16:01:52
i_11af5d68d11c,c_14fc541a740f,both,A,2026-06-28 16:42:27
i_660d5510695f,c_6b225041cf99,resource_card,A,2026-06-28 17:19:11
i_69ce730b2e26,c_8a4939d70a15,resource_card,A,2026-06-28 17:40:05
i_50386d1b53e6,c_769ef7f0372e,resource_card,A,2026-06-28 17:44:28
i_72212e7e0df3,c_2abbcfc85ac8,both,A,2026-06-28 18:02:36
i_e3f71dea1b57,c_d789926caf04,resource_card,A,2026-06-28 18:16:47
i_2791ba627a92,c_8ee6534a5738,both,A,2026-06-28 18:21:58
i_edc0924be775,c_8f3304b962a4,resource_card,A,2026-06-28 18:22:48
i_d59bb9a342c5,c_507447446af3,resource_card,A,2026-06-28 18:42:28
i_bb909294f0df,c_d769e2403df0,resource_card,A,2026-06-28 19:13:19
i_44b7241f8de5,c_589475c5b0d8,resource_card,A,2026-06-28 19:15:39
i_1c3de0d7cfca,c_00fe43c0a76f,both,A,2026-06-28 19:45:08
i_1206f9e9b18e,c_c4ad7ddb301c,resource_card,A,2026-06-28 20:06:18
i_a7a71d4db6b2,c_547fb9235aeb,resource_card,A,2026-06-28 20:08:35
i_b851aa79146c,c_fd5b989ce57f,both,A,2026-06-28 20:23:27
i_a523d615ef89,c_195454c171d3,resource_card,A,2026-06-28 20:31:05
i_4dad603c525a,c_6ef2e6b9a665,resource_card,A,2026-06-28 20:47:58
i_1909409e0a20,c_11072af69928,both,A,2026-06-28 20:52:32
i_f738c556f6c4,c_f31f6a530c6a,resource_card,A,2026-06-28 21:05:48
i_000cc1219b90,c_d8c076044a29,resource_card,A,2026-06-28 21:25:46
i_a33218f214a2,c_ffb567261cba,resource_card,A,2026-06-28 21:28:58
i_89b8c87216c0,c_1fa30e6e8fe1,resource_card,A,2026-06-28 21:48:01
i_65fac866863d,c_7c88cd3a7ae7,both,A,2026-06-28 21:52:02
i_f2adfe3d982c,c_f4c8cec4dd17,resource_card,A,2026-06-28 21:57:51
i_c225f36d46be,c_4bcebecf5119,resource_card,A,2026-06-28 22:15:42
i_b96ca5dce155,c_6169ad2911d2,resource_card,A,2026-06-28 22:27:46
i_5f4a6b087af9,c_d2fde0574ccd,resource_card,A,2026-06-28 22:28:48
i_7400f31a6ec8,c_7bb5d72f3f92,both,A,2026-06-28 22:42:45
i_254789f188b9,c_86de5e7e8ab6,resource_card,A,2026-06-28 23:01:23
i_94c2f293b33f,c_5a3b6c091e96,resource_card,A,2026-06-28 23:02:05
i_3a2d6850f8db,c_17a315c9af04,both,A,2026-06-28 23:22:45
i_56557936a3e3,c_7df288b50240,both,A,2026-06-28 23:28:16
i_ec1e172a1d17,c_b4e95bdc1d78,resource_card,A,2026-06-28 23:29:26
i_48d2dfe5fb3b,c_ed8059d99816,resource_card,A,2026-06-28 23:34:49
i_d2faef81ad65,c_7ec19755a053,resource_card,A,2026-06-28 23:47:29
i_1f2bd600a34a,c_cf8b1477bbb6,resource_card,A,2026-06-29 01:03:20
i_50a314fcf1f4,c_3f100b56e459,resource_card,A,2026-06-29 01:41:30
i_18b9787d3c05,c_618d574cd1e4,both,A,2026-06-29 02:14:30
i_0f6b46aea6ba,c_0b3041aea879,both,A,2026-06-29 02:36:01
i_fa6ba93bc488,c_73e2e0d39e1a,both,A,2026-06-29 03:32:41
i_3b022774a688,c_428666cce6c4,both,A,2026-06-29 03:54:01
i_29e750851a6f,c_272ce2b26440,resource_card,A,2026-06-29 06:09:10
i_a3553ed5c270,c_f8697eadd020,resource_card,A,2026-06-29 06:19:02
i_6536143b6540,c_5c009114af00,resource_card,A,2026-06-29 06:55:43
i_480b7ddea0f9,c_1dd32f2f878a,resource_card,A,2026-06-29 06:57:27
i_3a660d57e892,c_76757a3d06b1,resource_card,A,2026-06-29 07:22:21
i_a8899febffc2,c_45cca154468d,both,A,2026-06-29 09:03:32
i_de2e9b5a8f81,c_1b2b2634b129,resource_card,A,2026-06-29 09:16:05
i_126c5bfd3c3f,c_f409ff75baa5,resource_card,A,2026-06-29 09:18:18
i_6772d79cd76f,c_6b239e8fb3df,resource_card,A,2026-06-29 09:25:53
i_c6591876d6f0,c_e1ce69f1cc2e,both,A,2026-06-29 09:55:55
i_893eda688848,c_ba45b4dcdec3,resource_card,A,2026-06-29 09:56:34
i_0cbcaad0705e,c_78a0a3c8a44a,both,A,2026-06-29 10:10:01
i_3c94f76f7820,c_de76821d8fd1,resource_card,A,2026-06-29 10:19:03
i_2fd5c1e2ebed,c_601885756c5a,both,A,2026-06-29 10:28:49
i_79548b5897b6,c_4012a27f7d07,both,A,2026-06-29 10:50:06
i_c3e74e626603,c_b205e478c29e,both,A,2026-06-29 11:09:26
i_a732259dc24a,c_c3975f026ccb,both,A,2026-06-29 11:35:37
i_6406fb661516,c_1e945e6d45ee,resource_card,A,2026-06-29 11:44:46
i_a0eb32585f1e,c_3c3f80470653,both,A,2026-06-29 12:06:08
i_fec615818ee2,c_02a3ca1e842d,resource_card,A,2026-06-29 12:27:54
i_32448e82242b,c_72156b35616a,both,A,2026-06-29 12:32:35
i_f1934525f4a0,c_dcbcee060799,resource_card,A,2026-06-29 12:38:16
i_24c801b25eb0,c_10539ffba980,resource_card,A,2026-06-29 12:39:19
i_577cfbfbba0c,c_fac489c3313d,both,A,2026-06-29 12:53:11
i_b7f86306ea6b,c_3385a361d48d,resource_card,A,2026-06-29 13:12:22
i_ff7f33508419,c_b9ebb81364f7,resource_card,A,2026-06-29 13:18:57
i_da4a02b60cc0,c_54004055f7e3,both,A,2026-06-29 13:18:53
i_bb3113bb3df0,c_af6bb228f133,both,A,2026-06-29 13:32:36
i_4669bf726e6d,c_8d8603ddc588,both,A,2026-06-29 13:33:07
i_a3590eb6e0e0,c_c6d9d8f44035,both,A,2026-06-29 13:55:41
i_294fe23daf83,c_a8d3b8517702,resource_card,A,2026-06-29 14:02:43
i_6c234d63871b,c_13e6eab15d5c,resource_card,A,2026-06-29 14:12:10
i_e3f4fa474ecf,c_b69e50ee9933,resource_card,A,2026-06-29 14:15:08
i_7757780c19ef,c_d50a984be697,resource_card,A,2026-06-29 14:40:29
i_fdf3aab9c8a7,c_9158a4708a44,resource_card,A,2026-06-29 14:41:28
i_9dad8a3e0884,c_aae3e4bcdc1e,both,A,2026-06-29 14:51:56
i_60650a2882f6,c_5fdecfcb0db2,resource_card,A,2026-06-29 14:57:35
i_137a7f62ab6d,c_a6427be3307c,both,A,2026-06-29 15:09:59
i_d1abbebb92c7,c_b0f4b272eb48,resource_card,A,2026-06-29 15:22:13
i_f215c751fee7,c_8774c546401f,resource_card,A,2026-06-29 15:35:08
i_90e46383b18b,c_6daf0ae69ea4,both,A,2026-06-29 15:41:52
i_9730ec019a11,c_02fabb132785,resource_card,A,2026-06-29 15:42:01
i_7d5e731647f0,c_9b9574a73e8b,resource_card,A,2026-06-29 15:50:31
i_96d99ad2c766,c_b74b2e9b353a,both,A,2026-06-29 15:51:29
i_e8e2ba57e033,c_2d9eeffac806,resource_card,A,2026-06-29 16:07:58
i_044961e09b1b,c_e7826daab553,resource_card,A,2026-06-29 16:16:07
i_45db032dc3cc,c_d5e3c8e6de95,resource_card,A,2026-06-29 16:21:06
i_46ab19162df1,c_f1daa661e79a,resource_card,A,2026-06-29 16:21:56
i_ad79d016120a,c_2ef20860f68c,resource_card,A,2026-06-29 16:33:49
i_0dde9434ed4d,c_26dbf4667ec4,both,A,2026-06-29 16:34:33
i_7a31c75619e0,c_0e56a16ff3d9,resource_card,A,2026-06-29 16:44:23
i_e42451d49c28,c_3d8dff8b5ddd,resource_card,A,2026-06-29 16:47:13
i_05f3934fd248,c_bc7f72100f20,both,A,2026-06-29 16:55:16
i_6f5d9d4c6449,c_7467bdc68a13,resource_card,A,2026-06-29 17:05:57
i_0d257dd7f77e,c_29a34ffbe970,resource_card,A,2026-06-29 17:22:45
i_f2f7abfc06be,c_5a0185252f4c,resource_card,A,2026-06-29 17:22:58
i_ef009005b452,c_bd1299546a43,both,A,2026-06-29 17:23:22
i_b20cc1f1affb,c_8365b3354511,resource_card,A,2026-06-29 17:32:40
i_f2dd804ac0b4,c_72550764856d,both,A,2026-06-29 18:14:05
i_1eb0cda2db2d,c_d12d60efeea7,both,A,2026-06-29 18:33:00
i_1fdd73790c47,c_c24d0bf96fbe,resource_card,A,2026-06-29 18:40:33
i_40d053f294c4,c_7db6b01fd108,resource_card,A,2026-06-29 18:52:04
i_5e3262e96d87,c_2a9ba877dc35,resource_card,A,2026-06-29 18:54:23
i_def0f1908146,c_fb25ed447a3e,resource_card,A,2026-06-29 18:54:18
i_986a9f1c22e7,c_79a3419cd4ba,resource_card,A,2026-06-29 19:15:53
i_4d5827d38dfa,c_cba3c7219dec,resource_card,A,2026-06-29 19:22:42
i_103995a17e94,c_ad082f088f9b,both,A,2026-06-29 19:29:44
i_4af70816bf04,c_50a3adbae242,resource_card,A,2026-06-29 19:39:10
i_0f389859a3c8,c_e22cab9059cd,resource_card,A,2026-06-29 19:39:21
i_589a323b7e02,c_6c171c3b43b0,resource_card,A,2026-06-29 19:50:20
i_fdc97e4f8580,c_c525c5a00742,resource_card,A,2026-06-29 19:58:09
i_db609863ceb7,c_951912a3ecf0,resource_card,A,2026-06-29 20:07:49
i_de5b6b24dc5f,c_6a38dac695b8,resource_card,A,2026-06-29 20:13:39
i_8a869e224475,c_5890a3a2c4b6,both,A,2026-06-29 20:17:25
i_978904a283cf,c_65728bb95c18,resource_card,A,2026-06-29 20:17:34
i_68563788f612,c_fa72917f719d,both,A,2026-06-29 20:19:10
i_0cf3d6277de3,c_7aed3cc7eba1,resource_card,A,2026-06-29 20:25:14
i_aa3d76dc1682,c_f2c0cc7884be,both,A,2026-06-29 20:30:15
i_5c22e30b3950,c_5d2465eae875,resource_card,A,2026-06-29 20:31:48
i_0ab5798d8ebb,c_41e800c7fe96,resource_card,A,2026-06-29 20:34:05
i_a7c6a3de39c8,c_ddf8c44c8483,resource_card,A,2026-06-29 20:49:40
i_9b8a3f8dc768,c_399d77f512db,both,A,2026-06-29 20:57:43
i_c0172a4c9b5c,c_a78581c7b78c,resource_card,A,2026-06-29 21:01:44
i_5fa650b8429f,c_64cdda5d0a33,resource_card,A,2026-06-29 21:14:55
i_5742b789bad1,c_2b28e31e42ed,resource_card,A,2026-06-29 21:15:24
i_4da219ed76f3,c_7a3331f4e999,resource_card,A,2026-06-29 21:21:39
i_d41b5e21a6d1,c_cc597cf7afc5,both,A,2026-06-29 21:23:29
i_b18ec263dadb,c_ea8f49af8f14,resource_card,A,2026-06-29 21:26:05
i_e29e098950cd,c_d2967bcbf5df,both,A,2026-06-29 21:27:03
i_98078bf4cbed,c_54de09e5c702,both,A,2026-06-29 21:28:32
i_d176e2082d78,c_bc90035b906e,both,A,2026-06-29 21:37:00
i_d9a97c67975b,c_9c19ea185faa,resource_card,A,2026-06-29 21:38:04
i_0718c5c4236d,c_0c467b42d254,both,A,2026-06-29 21:38:36
i_fe8914a8de3b,c_fe1db066a7e6,resource_card,A,2026-06-29 21:47:01
i_ccf1ee34afee,c_a3b46de6add2,both,A,2026-06-29 21:53:25
i_5c9e030a8ffa,c_1157125c8736,both,A,2026-06-29 21:56:34
i_dd439bf745ca,c_741c40547c12,both,A,2026-06-29 22:16:15
i_994c54b629d3,c_519734876663,both,A,2026-06-29 22:29:20
i_58a8d96c5b88,c_3862961bbb88,resource_card,A,2026-06-29 22:33:28
i_5fb60748dba8,c_959ceacff420,both,A,2026-06-29 22:50:00
i_4b4f6d020b54,c_259b03e848bc,both,A,2026-06-29 22:54:56
i_96433319072a,c_87c217595a4c,resource_card,A,2026-06-29 22:58:03
i_0a2fa2ce3e30,c_270b328ba047,resource_card,A,2026-06-29 23:08:02
i_e8dc34a99420,c_2ceabf57b85d,resource_card,A,2026-06-29 23:09:38
i_79b8cf9fa3b7,c_3a4271084e98,resource_card,A,2026-06-29 23:36:45
i_caee6ab63555,c_9fd530040e2b,resource_card,A,2026-06-29 23:38:54
i_78427f84c769,c_d5cbccae2681,resource_card,A,2026-06-29 23:53:02
i_79793cf1a17a,c_ae362ac0952d,resource_card,A,2026-06-30 00:06:07
i_6ca8d3a12307,c_ddb27118a2c0,both,A,2026-06-30 01:15:52
i_4b0a09c004b7,c_650c19d7bbd1,resource_card,A,2026-06-30 01:30:49
i_26bd7a68339b,c_02762657987e,resource_card,A,2026-06-30 02:10:45
i_aec4b6e255de,c_6fea30dfa3f2,resource_card,A,2026-06-30 02:33:54
i_81a29e597f1d,c_9bd8b217413a,both,A,2026-06-30 03:04:18
i_bb80af3225e9,c_7d9065b9b908,both,A,2026-06-30 03:10:58
i_93a0a4adaead,c_9446ad82eb47,both,A,2026-06-30 03:13:51
i_6a25c92756d6,c_d9b9d46adfaa,resource_card,A,2026-06-30 04:52:22
i_837825fd8801,c_7c9d92f7e986,both,A,2026-06-30 05:32:14
i_ff3287614d35,c_7f3c136a8581,both,A,2026-06-30 06:24:10
i_753932220775,c_c8669f4d85b5,resource_card,A,2026-06-30 06:54:56
i_6ce400a47c59,c_157cbbc5b7c1,resource_card,A,2026-06-30 07:40:14
i_f3d60cc5839b,c_055ff990167a,both,A,2026-06-30 07:40:21
i_24d410e76096,c_92207ab12bba,both,A,2026-06-30 07:54:54
i_bf103acea6d8,c_92283547ff65,resource_card,A,2026-06-30 08:05:12
i_78f35165ab4a,c_4a400a18c1b4,both,A,2026-06-30 08:08:50
i_dc0c8be7150a,c_63a51f632c38,resource_card,A,2026-06-30 08:23:43
i_78f23c2b57a7,c_d7510675538e,both,A,2026-06-30 08:24:07
i_5f89d614df00,c_e836b4d785c5,resource_card,A,2026-06-30 08:56:03
i_f0444bad7571,c_b434978e16f4,resource_card,A,2026-06-30 08:59:34
i_42cd957ca9f5,c_2bad2e526e20,resource_card,A,2026-06-30 08:59:43
i_8dcf3e50fb98,c_a5efa5eb8bdd,resource_card,A,2026-06-30 09:04:28
i_3e5775e8bf72,c_c558f2ac2b36,both,A,2026-06-30 09:16:02
i_fc9c4610ff88,c_c1c7df29f86b,resource_card,A,2026-06-30 09:31:48
i_5ca4d81f8854,c_a58b33ebdbab,resource_card,A,2026-06-30 09:53:18
i_dee853798fb0,c_050a41e781f1,both,A,2026-06-30 09:53:31
i_e7d4772ad754,c_f087049a94a1,resource_card,A,2026-06-30 09:56:02
i_5065f4dc8cae,c_031509285826,resource_card,A,2026-06-30 10:05:37
i_695a8faef3df,c_05d7c53dfb3b,resource_card,A,2026-06-30 10:05:37
i_432f31f1bb33,c_40e071a56d02,resource_card,A,2026-06-30 10:05:45
i_0b3607ebc536,c_ce108691f118,resource_card,A,2026-06-30 10:30:06
i_ff74917e2e54,c_0ccbc462ff20,resource_card,A,2026-06-30 10:53:43
i_b1037ccaa9da,c_b505f4429bb1,resource_card,A,2026-06-30 11:08:40
i_53df3282e344,c_e583bf087c4d,both,A,2026-06-30 11:33:22
i_fbf9d8b7cbc5,c_f552717f58ea,both,A,2026-06-30 11:59:08
i_6a8e2d0c3ec5,c_039b45a270b3,resource_card,A,2026-06-30 12:06:24
i_abe5bd7eba22,c_80c2d45d5647,resource_card,A,2026-06-30 12:06:50
i_3868573968ae,c_c97de522a3da,resource_card,A,2026-06-30 12:18:29
i_a7b10f4ac0ed,c_257051c2482d,both,A,2026-06-30 12:20:39
i_02e4804e6ab7,c_6b78bfe95769,resource_card,A,2026-06-30 12:39:11
i_4c3d1ec134a1,c_d62dd9422ce3,resource_card,A,2026-06-30 12:42:43
i_8097fd3e36e7,c_d26e5ca7e42b,resource_card,A,2026-06-30 12:57:44
i_073f37a5390b,c_359be20aebdc,resource_card,A,2026-06-30 13:15:19
i_f5d4d0e447af,c_fef4fca0e9b3,both,A,2026-06-30 13:18:58
i_8d189fa8e726,c_855a6499220c,both,A,2026-06-30 13:26:57
i_f91536847f27,c_7d4310d5ebd9,resource_card,A,2026-06-30 13:38:02
i_90be6664538c,c_e5d6d1a02499,both,A,2026-06-30 13:41:07
i_fd1d4287bf65,c_76af608060ae,resource_card,A,2026-06-30 14:01:03
i_3b05a3ed5d3f,c_73328d419faa,both,A,2026-06-30 14:05:35
i_f0480277e24d,c_e7d416d3832f,resource_card,A,2026-06-30 14:19:12
i_66d791f7cba6,c_f6ed8730491b,both,A,2026-06-30 14:19:31
i_67b227f5448a,c_a7612f5a9710,resource_card,A,2026-06-30 14:29:53
i_3ee10c6e21d9,c_878e5f1b1c92,both,A,2026-06-30 14:33:47
i_80316b68c54d,c_c43d150bd9c7,resource_card,A,2026-06-30 14:35:53
i_f3dfaa5db54d,c_ba15aa8c7d75,resource_card,A,2026-06-30 15:17:51
i_27a2f207971a,c_953e8cf58e51,resource_card,A,2026-06-30 15:29:18
i_d79cf882feb9,c_e4e16bd1c735,both,A,2026-06-30 15:33:09
i_ba11ec6cd24a,c_8e2ecd9a7772,resource_card,A,2026-06-30 15:41:09
i_a82a83a812b3,c_bd66388b2180,resource_card,A,2026-06-30 15:49:20
i_c8e02bfaaba1,c_ebe68e536d8d,resource_card,A,2026-06-30 15:50:32
i_d750dcbdb9e3,c_296e1e292867,resource_card,A,2026-06-30 16:18:34
i_a832f6926e95,c_15638b0d4068,resource_card,A,2026-06-30 16:27:07
i_65f772fa7250,c_d31548f39054,resource_card,A,2026-06-30 16:29:48
i_93c42c907414,c_2e9d1749d4d6,resource_card,A,2026-06-30 16:37:34
i_03a51d9e5d85,c_02de9b8f12c2,both,A,2026-06-30 16:43:50
i_e197ff30b02f,c_19fc1490c875,both,A,2026-06-30 16:46:29
i_0f020d099da9,c_dab28c58be14,resource_card,A,2026-06-30 16:59:37
i_7abc989bbb51,c_5e43054c00f8,both,A,2026-06-30 17:09:54
i_0b77c4b8d78e,c_318ab187a83f,both,A,2026-06-30 17:19:02
i_ebeaac90c6fe,c_1a1f74f956db,resource_card,A,2026-06-30 17:22:18
i_dad3cbcdd865,c_4a5c965313cd,resource_card,A,2026-06-30 17:23:11
i_fba9d106102d,c_74c4a2cb18a9,resource_card,A,2026-06-30 17:33:06
i_5b5ef8b60085,c_6e2db3b4b920,both,A,2026-06-30 17:34:09
i_1671217fc474,c_8c276c5d959c,resource_card,A,2026-06-30 17:43:45
i_6903a8069969,c_334baeef7ba7,resource_card,A,2026-06-30 17:51:28
i_43cc9eaf1a82,c_05b56f9c84ed,both,A,2026-06-30 17:57:58
i_d3d2df58f880,c_dab56c3cc636,resource_card,A,2026-06-30 18:16:42
i_b159c73b30bb,c_4856711991ea,both,A,2026-06-30 18:39:16
i_8ed91a5f740b,c_9ba3644426cc,resource_card,A,2026-06-30 18:46:07
i_d30d09d2b163,c_c42ef161106a,resource_card,A,2026-06-30 18:47:43
i_48fd6cc4b80c,c_a00c44345050,resource_card,A,2026-06-30 19:00:29
i_bd01546fac73,c_ca2c93cbd5c3,resource_card,A,2026-06-30 19:00:47
i_1c48d9aa3503,c_e247ada3859a,both,A,2026-06-30 19:01:52
i_9cb4b19fe8e1,c_3c19c3c92476,resource_card,A,2026-06-30 19:03:25
i_00772e0ed219,c_11072b86c0b0,resource_card,A,2026-06-30 19:04:12
i_cc8c1c90674a,c_70b548a3dea8,both,A,2026-06-30 19:08:23
i_77db3c7128d3,c_de8f312616a1,both,A,2026-06-30 19:21:09
i_4916e0453844,c_5e218cd784d8,both,A,2026-06-30 19:24:10
i_609cf591b05e,c_d05572797086,resource_card,A,2026-06-30 19:29:17
i_53463ebfdf13,c_60c14bd5207d,resource_card,A,2026-06-30 19:37:42
i_2d968efd0f0f,c_7cc3def8ceba,both,A,2026-06-30 19:48:54
i_7cb1a3298128,c_351e435483ad,both,A,2026-06-30 20:04:02
i_6873be1da82f,c_1c0d7007fe2a,resource_card,A,2026-06-30 20:11:42
i_b82798482856,c_c3b1e4216597,resource_card,A,2026-06-30 20:15:05
i_3b7047703f59,c_861d162e821a,resource_card,A,2026-06-30 20:15:46
i_5db03ceaa115,c_138fdf48fe76,resource_card,A,2026-06-30 20:22:24
i_7ea6a3a5ec11,c_c886e08c8337,resource_card,A,2026-06-30 20:35:16
i_1aa4707308bb,c_5d92a22e8877,both,A,2026-06-30 20:40:48
i_13f257db89cb,c_59395f5a1b19,resource_card,A,2026-06-30 20:44:07
i_649b1498d62f,c_1767825b6ff1,resource_card,A,2026-06-30 20:59:50
i_2578c67b6080,c_070931a8eb79,both,A,2026-06-30 21:02:36
i_6cef29e396d1,c_e2d951b03bf3,resource_card,A,2026-06-30 21:03:39
i_add72a353469,c_242c9de08e4f,resource_card,A,2026-06-30 21:04:03
i_db7c1bd04852,c_0f44eecf3bf8,resource_card,A,2026-06-30 21:27:15
i_c8ca94ca6c30,c_57149a91561a,both,A,2026-06-30 21:34:11
i_827e6e74022f,c_2789e34ea86c,resource_card,A,2026-06-30 21:34:37
i_75f1ad94b527,c_14c3cd464c4e,both,A,2026-06-30 21:40:51
i_270cf56eafa9,c_e12c0a65136e,both,A,2026-06-30 21:46:26
i_5d2ef73990e8,c_0ab337f2e8e5,both,A,2026-06-30 21:49:26
i_c06287bd8932,c_b4edf62cd4ab,both,A,2026-06-30 21:49:57
i_8d13f5964df0,c_75bdca79d6e7,resource_card,A,2026-06-30 21:50:19
i_34f56b5b7e03,c_68e5dda7db7d,both,A,2026-06-30 21:50:38
i_66fb3ca82b95,c_6d958fe5a43a,resource_card,A,2026-06-30 21:54:26
i_f5cc7d00d733,c_bc2a00fe56f9,both,A,2026-06-30 21:58:09
i_29a04c9dd4a4,c_f76db8868543,resource_card,A,2026-06-30 22:04:19
i_e6999dd418cb,c_9a528000be96,resource_card,A,2026-06-30 22:05:09
i_843076922e00,c_d41d57246aa4,resource_card,A,2026-06-30 22:10:02
i_f982d60a1e06,c_67b07fa8d9b9,both,A,2026-06-30 22:18:31
i_408c4fc4e522,c_babcddc4c729,both,A,2026-06-30 22:20:11
i_2cbf33ff23f0,c_9b9cd479f928,both,A,2026-06-30 22:20:32
i_27357b01a9c7,c_7cf5a1b81d98,resource_card,A,2026-06-30 23:21:15
i_3ba89e2c47d4,c_68bc1a7b177c,resource_card,A,2026-06-30 23:56:41
i_dfcedb6b9281,c_038e32074eea,both,A,2026-07-01 00:11:17
i_cdd4d194c333,c_a9c87737c25d,both,B,2026-07-01 00:25:29
i_305c08854b77,c_add6a0c7ae34,resource_card,A,2026-07-01 00:40:34
i_e04b9718d51c,c_a95d6dbb6cff,both,B,2026-07-01 01:47:55
i_55141d810adc,c_14280e315a8a,both,A,2026-07-01 01:52:07
i_f7d4c97e9350,c_d6444cbadc51,both,B,2026-07-01 02:40:43
i_c5f03878212e,c_24baa4cceb37,both,B,2026-07-01 03:04:52
i_460d4fa0ae60,c_f96e9b7c4a6d,both,B,2026-07-01 03:17:00
i_56057b40c691,c_7eda64b22b44,resource_card,A,2026-07-01 03:35:33
i_c1d17c6189cc,c_c615a4666468,both,A,2026-07-01 04:23:00
i_f072c4270070,c_82be24e5c7df,resource_card,B,2026-07-01 04:30:31
i_e85001a34d67,c_0213f9a6097e,resource_card,A,2026-07-01 06:06:48
i_09478724323d,c_97b5ce45014e,resource_card,A,2026-07-01 06:55:41
i_092d10e7135f,c_52e42b5f7284,both,A,2026-07-01 07:53:09
i_d5db47cf9d64,c_f2067841fdcb,resource_card,B,2026-07-01 08:01:08
i_27b00c836f9a,c_2630284185dd,both,B,2026-07-01 08:01:45
i_885d9e3923da,c_0c5da9ddca54,both,A,2026-07-01 08:03:19
i_2d625eb16ee4,c_a36ee293f569,both,B,2026-07-01 08:16:01
i_660475c08469,c_412d611461ba,both,A,2026-07-01 08:16:16
i_f646b690cbf2,c_a75f86e7f56b,resource_card,B,2026-07-01 08:17:56
i_406e2f052b88,c_065b7a7a80dc,resource_card,A,2026-07-01 08:29:33
i_2aac0316e196,c_37e4039367f1,resource_card,B,2026-07-01 09:02:59
i_1c7b3aea4268,c_e6b0f599d381,both,B,2026-07-01 09:16:26
i_3e8f896929f2,c_219025ee76bf,resource_card,B,2026-07-01 09:24:09
i_dc49937d5533,c_6ae3a5902975,both,B,2026-07-01 09:28:12
i_115283abdc12,c_f6816dac4b81,both,B,2026-07-01 09:56:10
i_bebc0ada5886,c_061a38546697,both,B,2026-07-01 10:06:06
i_9f2becfce26b,c_aef3e57ced48,both,A,2026-07-01 10:18:44
i_27217594f71c,c_c7106884095e,resource_card,A,2026-07-01 10:29:43
i_0279bd7e581a,c_db6faac32f51,resource_card,B,2026-07-01 10:40:35
i_6d7ba349b8d7,c_1b90dfc5c1f7,both,B,2026-07-01 10:47:08
i_94ada90a35af,c_8b0b3e1efd50,both,A,2026-07-01 10:53:49
i_753dedf93ca2,c_3efb2fefb8f6,both,A,2026-07-01 10:54:21
i_1318e8c33249,c_229c05e91358,resource_card,A,2026-07-01 10:58:45
i_a38ab4c9b288,c_a7df184ab317,both,B,2026-07-01 11:03:19
i_3ca05030da83,c_38839502759d,resource_card,B,2026-07-01 11:21:36
i_5dbd5134bf68,c_61b76f0d6d09,resource_card,B,2026-07-01 11:27:45
i_ac9c88110c6b,c_722a76e87f42,resource_card,A,2026-07-01 11:31:00
i_a58494456deb,c_0b313f8f2e21,resource_card,B,2026-07-01 11:37:59
i_8f7ed637e64d,c_da05829855ff,resource_card,B,2026-07-01 11:40:04
i_69fc5f134182,c_989e8c8be33f,resource_card,B,2026-07-01 11:52:09
i_71b8e4eb677b,c_bdcd3d4efc8a,both,A,2026-07-01 12:12:56
i_fd8b6a70373f,c_fe9f7d105a86,both,A,2026-07-01 12:19:11
i_761590545821,c_a33d1806061c,both,A,2026-07-01 12:20:20
i_a5aee799aaf6,c_895bb5908951,both,B,2026-07-01 12:42:01
i_707f3a996a8a,c_3705700525ff,resource_card,B,2026-07-01 12:54:58
i_4938c6709f0f,c_42efafbf3bd0,both,A,2026-07-01 13:04:28
i_c2bf3482be77,c_5ca73bbcccb2,resource_card,A,2026-07-01 13:05:27
i_c117ceec9a32,c_7c5435b85e5c,both,A,2026-07-01 13:11:22
i_67c595edee1f,c_2325a1d4d79f,both,B,2026-07-01 13:28:01
i_9b99d3fb262d,c_eb927bcaacbe,resource_card,A,2026-07-01 13:42:31
i_e151e8f3ae45,c_d8da229a40a9,resource_card,B,2026-07-01 13:48:31
i_6e22a39e10ae,c_aa94b830c567,resource_card,B,2026-07-01 13:51:26
i_d112c6f8791d,c_95f5fb983541,both,B,2026-07-01 13:58:24
i_40c71a7215ee,c_45ddb041ecd3,resource_card,B,2026-07-01 14:07:56
i_8eabbda00885,c_c39a9d6b6a5e,resource_card,A,2026-07-01 14:08:54
i_3fbe6e50f4b8,c_2218eec8bbac,resource_card,A,2026-07-01 14:25:52
i_54926341d03d,c_32deecb95940,resource_card,A,2026-07-01 14:43:14
i_d80621f7bf48,c_20143ea3a8cf,both,B,2026-07-01 14:55:32
i_6ec3399e4a7d,c_55b58d528695,resource_card,B,2026-07-01 15:04:49
i_5c498dd3c023,c_2a0ed4a203d4,resource_card,A,2026-07-01 15:12:49
i_cb8efe49afd3,c_715fb7835882,resource_card,A,2026-07-01 15:17:45
i_15086023c099,c_c2715313b62b,resource_card,B,2026-07-01 15:38:07
i_5eb4457498d3,c_e6fcdd7f72d5,both,B,2026-07-01 15:42:34
i_648429fe8d77,c_649f9d7ab1c6,both,A,2026-07-01 16:03:02
i_5028bb8b1cd5,c_1bbbc690ef2c,resource_card,A,2026-07-01 16:06:34
i_9a19a1c149d0,c_53ab6fad9e6e,resource_card,A,2026-07-01 16:17:56
i_e01ecd7854ae,c_83d3a0cbaf30,both,A,2026-07-01 16:26:26
i_c5b5ce64939d,c_78273da8ffc6,resource_card,A,2026-07-01 16:26:35
i_7694f17f1c18,c_9f529081c499,resource_card,B,2026-07-01 16:29:06
i_0fef26c7cb91,c_1e7f1a95fa2e,resource_card,A,2026-07-01 16:37:59
i_c096e4a683fb,c_2a937514a778,resource_card,A,2026-07-01 16:45:24
i_a75ca57deec3,c_f9d13406dde0,resource_card,A,2026-07-01 16:53:39
i_363e4519de08,c_28b1eff3dfa2,resource_card,A,2026-07-01 16:56:38
i_60a02a9d6e93,c_f9c381220da9,resource_card,B,2026-07-01 17:10:41
i_227a2d439127,c_f242213e6104,both,A,2026-07-01 17:10:58
i_33c3e1360e1f,c_30272490c0ed,resource_card,B,2026-07-01 17:18:18
i_29acb952a676,c_12fce205ed9e,both,A,2026-07-01 17:52:33
i_c390b4f6f498,c_7c3d689f04f5,resource_card,B,2026-07-01 17:56:57
i_e874335498ee,c_2cb724ada52a,resource_card,A,2026-07-01 18:05:35
i_866e8f724255,c_60bc655ac664,resource_card,A,2026-07-01 18:12:42
i_9774261d88a4,c_d259e4742363,resource_card,B,2026-07-01 18:15:14
i_35d6934f42f0,c_75b2a3a97e14,both,A,2026-07-01 18:23:34
i_d2adc3d201b6,c_50be2abce30e,resource_card,A,2026-07-01 18:28:19
i_786fe0590062,c_33185ca33e5e,resource_card,A,2026-07-01 18:28:36
i_3aeca912a36a,c_532a553d5bc4,resource_card,A,2026-07-01 18:29:35
i_1c78ac1bfe5a,c_58230267a2b5,resource_card,B,2026-07-01 18:35:12
i_ce3c45689553,c_21f3c4adc174,resource_card,A,2026-07-01 18:48:21
i_32447c4f6f63,c_86ea830ba06b,resource_card,B,2026-07-01 18:48:44
i_55a84e528ac9,c_4d3bdb55d9e1,resource_card,B,2026-07-01 18:54:56
i_f0c44eea1b5d,c_10fcfd998b25,both,B,2026-07-01 18:56:06
i_c5b7ece764a4,c_3e84ec13194a,resource_card,A,2026-07-01 19:02:29
i_e0cda3c0233f,c_2ba1855df892,resource_card,A,2026-07-01 19:08:01
i_68a2f2a1f317,c_f8e109f8237c,resource_card,A,2026-07-01 19:30:20
i_9467386dd99d,c_c94780b166ba,resource_card,A,2026-07-01 19:30:44
i_6b439367eb68,c_89f12c09a8c4,both,A,2026-07-01 19:39:38
i_46244d56d09c,c_611bbc57b6de,both,A,2026-07-01 20:01:40
i_e9924e8cfc90,c_bf4fc21eadad,resource_card,B,2026-07-01 20:03:48
i_5faa1edbf6ca,c_6cb782b8f9c9,resource_card,B,2026-07-01 20:15:47
i_30fb9b662c2c,c_338aec596385,resource_card,B,2026-07-01 20:19:37
i_40c29c744737,c_d3807a85f36a,resource_card,A,2026-07-01 20:22:41
i_5f778a60d6f6,c_21cd67e5f06b,resource_card,B,2026-07-01 20:25:17
i_6bf98cfc9958,c_dd340ec5968f,resource_card,B,2026-07-01 20:31:30
i_2e900cd6fa00,c_a8bf79d58d98,resource_card,A,2026-07-01 20:38:51
i_d4482dd03d11,c_e25a9eaaf89d,both,B,2026-07-01 20:41:30
i_ebfb093bc418,c_a79382dd681e,resource_card,A,2026-07-01 20:50:25
i_f2069c9ee710,c_360b3984e29e,resource_card,A,2026-07-01 20:51:50
i_9695e66df2c9,c_ebd10ede0190,both,A,2026-07-01 20:58:04
i_772f10fa755e,c_c42a6aac2a1e,resource_card,A,2026-07-01 20:59:02
i_284e7b18a85e,c_f889b975cb2e,resource_card,A,2026-07-01 21:08:24
i_f556ba590d39,c_d61d044e6980,both,A,2026-07-01 21:10:07
i_b26447dd057c,c_f4bdfa9b6647,resource_card,B,2026-07-01 21:26:47
i_c6442416d8d3,c_5245b6290b39,resource_card,B,2026-07-01 21:29:25
i_8f8377a66af4,c_a8dc1ecec6d3,both,B,2026-07-01 21:37:53
i_0d83681fafa4,c_2dfd1ee43698,resource_card,A,2026-07-01 21:38:05
i_cd3b538e8ace,c_1743dec7af26,resource_card,A,2026-07-01 22:15:30
i_8cbc6ec4424d,c_aec0311d1ae5,resource_card,B,2026-07-01 22:15:47
i_3d50c8a2a658,c_4e32741a68bc,both,A,2026-07-01 22:17:44
i_ba372945ee56,c_8e0a2923cb5e,both,A,2026-07-01 22:50:30
i_14cd38b11333,c_d4e87e9b4859,both,B,2026-07-01 22:58:02
i_d8be452892e0,c_158131615c53,both,B,2026-07-01 23:01:28
i_2d4b28d85cb6,c_5c71ae71d5d4,resource_card,A,2026-07-01 23:05:09
i_ce02156de397,c_fb7380fb516e,both,A,2026-07-01 23:22:30
i_57f94f460a90,c_77090541c6e0,resource_card,A,2026-07-01 23:42:24
i_a1667155a94c,c_e2fa8515b3a4,both,A,2026-07-01 23:54:56
i_735698553252,c_0a7dca97930a,resource_card,A,2026-07-02 00:09:28
i_4d12402ec625,c_fd64f082dcc7,resource_card,B,2026-07-02 00:12:03
i_ed2f5df4d99f,c_56ee45800861,resource_card,B,2026-07-02 00:25:29
i_9bbd4504c520,c_a5eb6c4b8773,resource_card,B,2026-07-02 01:09:30
i_c2de38d877f0,c_962500bc88c0,resource_card,A,2026-07-02 01:41:58
i_3526badba8c1,c_2ad5d7f57dff,both,B,2026-07-02 02:43:36
i_cb1b6893cc95,c_3de78478d79d,both,B,2026-07-02 02:47:18
i_223e544f7798,c_0a0f585f53fc,resource_card,A,2026-07-02 04:01:30
i_402d16b76442,c_6980895e89f4,resource_card,A,2026-07-02 04:36:06
i_e20a594de908,c_2e6ec17d8696,resource_card,A,2026-07-02 06:07:12
i_7414d03a3b7b,c_bec8d5d4dc5f,resource_card,B,2026-07-02 06:08:03
i_9760d14933db,c_c3181044cec6,resource_card,A,2026-07-02 06:19:40
i_c7ecb03b78a5,c_b64ff604a576,resource_card,A,2026-07-02 06:51:28
i_cc80842c2736,c_baf862208edd,both,B,2026-07-02 07:06:35
i_d45b7bd84250,c_662460406bff,both,B,2026-07-02 07:14:42
i_de8f41c85ab9,c_ee875372e0b2,resource_card,A,2026-07-02 07:57:39
i_793fa24f39d2,c_6a33d4f7bcc1,resource_card,B,2026-07-02 08:07:38
i_c55e9f524296,c_091aa6e15287,resource_card,B,2026-07-02 08:14:25
i_52a67d317ba7,c_bf35fb8642f0,both,A,2026-07-02 09:06:25
i_1abbdf090d5b,c_354b504de878,resource_card,A,2026-07-02 09:46:25
i_4efcf985317f,c_a86f4f678d1a,resource_card,A,2026-07-02 09:59:22
i_71028ec10421,c_728e2e62bc1e,both,A,2026-07-02 09:59:32
i_ffa0f7bf6176,c_a2b5809ae1a1,both,B,2026-07-02 10:15:02
i_16affbd3933a,c_697a0534495b,resource_card,B,2026-07-02 10:21:51
i_f62dacedbf1e,c_de9668b66882,resource_card,A,2026-07-02 10:28:55
i_9144e59dcf88,c_5f2d5d3c2cb9,both,B,2026-07-02 10:33:29
i_cd0a2708ad86,c_ae8d28632a1a,resource_card,A,2026-07-02 10:45:31
i_c3092dd47972,c_7529c2a8c22a,resource_card,A,2026-07-02 11:14:51
i_1bd6579927ae,c_a5aa6a356bf5,resource_card,B,2026-07-02 11:16:03
i_c2e5422e6995,c_608629de1b9d,resource_card,B,2026-07-02 11:32:02
i_99a24de05a2c,c_ed2630ab7685,resource_card,B,2026-07-02 11:35:07
i_f1648ed81cf2,c_929ef5ded5c7,both,B,2026-07-02 11:46:59
i_01598a2da6bb,c_eeccab824f2e,resource_card,A,2026-07-02 12:09:58
i_0a33f43e31ca,c_86385e1b77f7,resource_card,B,2026-07-02 12:10:48
i_8a8a86f73c6e,c_61fedcc9e717,resource_card,B,2026-07-02 12:20:43
i_39ebbd1365d8,c_30672d285463,both,B,2026-07-02 12:28:41
i_ca2f08056377,c_10ae4828db20,both,A,2026-07-02 12:57:49
i_6c30844f1ace,c_0769fa9a8ee8,both,A,2026-07-02 13:40:19
i_cb863aea45f0,c_179d9bb6f83a,resource_card,A,2026-07-02 13:40:54
i_929a1fb1a28e,c_92b336160be5,resource_card,B,2026-07-02 13:53:15
i_27c2f1817cc9,c_5b70f6666ee6,both,A,2026-07-02 14:07:15
i_ebe586d54691,c_117832f928bd,both,B,2026-07-02 14:19:57
i_e4e71113559b,c_6ebdddb6ddd7,both,B,2026-07-02 14:34:35
i_471f9eb3aa2f,c_46e2c878e546,both,A,2026-07-02 14:45:14
i_81fe3257ea81,c_441122729618,resource_card,A,2026-07-02 14:46:23
i_62e99e49238b,c_75fbc57e618d,resource_card,B,2026-07-02 14:49:55
i_4983278b85f7,c_b500c94ce46d,resource_card,B,2026-07-02 15:17:54
i_308a77f79976,c_589ef4f65811,both,B,2026-07-02 15:28:09
i_dee82cc46432,c_82da2ace9b28,both,A,2026-07-02 15:47:06
i_c8a1e80f9af7,c_17b7b3e15666,resource_card,A,2026-07-02 16:07:38
i_35d3e44579d3,c_8f6fd790144e,both,A,2026-07-02 17:00:27
i_c8591b9c7b69,c_ee144ec35235,both,B,2026-07-02 17:01:28
i_ad170951ef11,c_23d2985a9dda,both,A,2026-07-02 17:16:00
i_5c8f66bc8384,c_74e13a405848,resource_card,A,2026-07-02 17:23:42
i_8c09205641d6,c_fdbf45ccd68d,resource_card,B,2026-07-02 17:48:30
i_c455df0b2411,c_74b32ceb41b1,resource_card,B,2026-07-02 17:53:50
i_e8ad3fb04700,c_1e0fe1470fa1,resource_card,B,2026-07-02 18:17:45
i_a2c1995b37ce,c_a45112ab0e89,resource_card,B,2026-07-02 18:29:23
i_953ae4ddda8c,c_2093185dd739,both,B,2026-07-02 18:29:33
i_773ac4df1e45,c_f19fcb2709a5,resource_card,B,2026-07-02 19:45:12
i_a40e46cb06d3,c_e5acf873315c,resource_card,A,2026-07-02 19:45:40
i_d454e666670d,c_4580859051f5,both,B,2026-07-02 19:47:48
i_91f2f33ead5a,c_a0de0fe8b1cf,resource_card,B,2026-07-02 19:53:23
i_b33218fdb078,c_a2cd536b5f51,both,B,2026-07-02 19:58:03
i_92eccda00959,c_cc2211c8c8e0,both,A,2026-07-02 19:59:29
i_29ec837fd9fd,c_36a01c5ade5b,resource_card,B,2026-07-02 20:02:25
i_976909177cd7,c_8d4e0bb5cdf3,resource_card,B,2026-07-02 20:04:33
i_6fa5b2464d9d,c_83854c929a7b,both,B,2026-07-02 20:10:44
i_2a0cfeeb0a64,c_69ebe0bae8a6,resource_card,A,2026-07-02 20:11:06
i_6d6ce3cc1502,c_6fc119753f52,resource_card,A,2026-07-02 20:22:50
i_0ebfd1af1c18,c_c2d34a974580,both,A,2026-07-02 20:29:31
i_30ce1b7b60ba,c_89b45c0babcf,resource_card,B,2026-07-02 20:40:30
i_c4c9dcde0a18,c_d24ae6f7dcf2,resource_card,A,2026-07-02 20:52:13
i_0894e827e8f2,c_18401916a55b,both,B,2026-07-02 20:58:36
i_6454ecea0d7a,c_724d25bf5155,resource_card,B,2026-07-02 20:59:17
i_621da17efd53,c_e041a380dcee,resource_card,A,2026-07-02 21:08:20
i_9df4de1dc811,c_6fc6b73b4659,both,B,2026-07-02 21:17:42
i_341508bf9424,c_4d9fa38c10d0,resource_card,A,2026-07-02 21:22:14
i_f9dc0c6614e2,c_6a0c49f7f45d,resource_card,B,2026-07-02 21:30:57
i_5b0e75de8681,c_4828cadc5d8b,both,B,2026-07-02 21:59:06
i_a99482fc0bd2,c_bd8fd7d6ea0d,both,B,2026-07-02 22:00:46
i_bcb558d9b5de,c_a2eb2dd78be0,resource_card,A,2026-07-02 22:06:38
i_e58e612a5c61,c_19802f8cd9b9,both,B,2026-07-02 22:12:05
i_1bb2e6ddc817,c_0c649f17e416,resource_card,A,2026-07-02 22:25:03
i_c708bff3cc97,c_9149df635329,resource_card,B,2026-07-02 22:36:42
i_194847ed0cb3,c_665333f0b0bc,both,A,2026-07-02 22:36:41
i_ce745b8679ee,c_5ea4b9c8f4f9,both,B,2026-07-02 22:44:30
i_68272cf29127,c_c5b2e1b83688,both,A,2026-07-02 23:00:36
i_84f67342b17e,c_681e6abe4ae9,resource_card,B,2026-07-02 23:01:25
i_67bb782d39b0,c_6e7283bb3475,both,B,2026-07-02 23:07:37
i_2675bad1cc86,c_3184040c047c,resource_card,A,2026-07-02 23:13:22
i_9ce87ab294b9,c_847ac4340692,resource_card,A,2026-07-02 23:43:32
i_d9ccebdafd85,c_8aadad3018de,resource_card,A,2026-07-03 00:05:22
i_3368611ca00b,c_c6e47e670fdd,both,B,2026-07-03 00:24:43
i_8c9e08f2d8c8,c_0a1c65a9bdff,both,B,2026-07-03 00:53:25
i_3aaf1bc8820b,c_a054e6c94f32,both,A,2026-07-03 01:14:33
i_53abf989d277,c_8f0f188375c8,resource_card,A,2026-07-03 01:27:02
i_227015b95b7d,c_bf8c43c7d3b8,both,A,2026-07-03 01:36:06
i_a8ca6da23fed,c_a0f79955a234,both,A,2026-07-03 02:18:44
i_49f9671cf431,c_28bc5456a177,resource_card,B,2026-07-03 02:21:52
i_be821e600604,c_de89f2e25791,resource_card,B,2026-07-03 02:24:49
i_811293380c60,c_8c20adb8e8c9,resource_card,B,2026-07-03 03:12:52
i_17a5b1e79ec0,c_2a501691f77a,both,A,2026-07-03 03:51:31
i_91996a9c9563,c_ee1abc0a7707,resource_card,B,2026-07-03 05:08:22
i_5c92177277e0,c_aa7c6cf0df21,both,B,2026-07-03 05:24:55
i_768013f57137,c_d936bdbd86a5,both,B,2026-07-03 05:47:17
i_ac30386dfa12,c_95a0e933b97c,resource_card,A,2026-07-03 06:06:51
i_9038b7c352bc,c_7bb5b48a01f6,resource_card,A,2026-07-03 06:14:17
i_d93fc9285342,c_82edb5bafe08,both,A,2026-07-03 06:49:24
i_4377095fd673,c_8af2337b6a5d,resource_card,B,2026-07-03 07:00:28
i_ec44077138c3,c_f01df889e6de,resource_card,A,2026-07-03 07:11:36
i_eb84c7ec4911,c_7048e258fad9,both,B,2026-07-03 07:17:47
i_cd664513c38a,c_373fad05e54d,resource_card,B,2026-07-03 07:44:14
i_15b2a56eb996,c_04d9c4d1c2f5,both,B,2026-07-03 08:18:55
i_839e5b2f23da,c_5fab8769fac6,resource_card,A,2026-07-03 08:44:25
i_044cc952515c,c_603d1baa933e,resource_card,A,2026-07-03 08:45:05
i_bc7a5d859af1,c_c8d0004c3fc7,both,B,2026-07-03 08:45:54
i_8c17dce80d63,c_bf6a731fc0c0,both,A,2026-07-03 09:07:56
i_50bfc739b0d8,c_c34a1456b468,resource_card,A,2026-07-03 09:22:41
i_cdbbfb7d46cc,c_0643390a08f0,resource_card,A,2026-07-03 09:31:27
i_5774b19db780,c_426937e91dce,resource_card,A,2026-07-03 09:32:46
i_2c5ef47009a3,c_cf862be67c96,resource_card,A,2026-07-03 09:35:42
i_a50c29846e8c,c_de08c5571bd5,both,B,2026-07-03 09:39:59
i_b8bf070672de,c_a7eb227963dc,resource_card,A,2026-07-03 09:53:06
i_8cd474c00358,c_2f1e95af3b71,both,B,2026-07-03 09:57:05
i_b8079d157925,c_b8b4e639e6f3,both,B,2026-07-03 09:57:39
i_af48093ade11,c_d21b8f8872f6,resource_card,A,2026-07-03 10:06:00
i_0012990fdfe5,c_9a65c642fed1,resource_card,B,2026-07-03 10:08:39
i_27d1cd2cf466,c_e4caba369186,resource_card,A,2026-07-03 10:37:48
i_3875ce725368,c_25f814d0136f,resource_card,B,2026-07-03 10:38:43
i_9c1472d31a62,c_4c960b42afb4,resource_card,A,2026-07-03 10:42:03
i_927f8cad0c9a,c_6a6578e5210f,both,B,2026-07-03 11:02:25
i_acc159a44cca,c_37eda0b62777,resource_card,B,2026-07-03 11:07:16
i_7ca72ddee611,c_5d3326e71c4c,resource_card,A,2026-07-03 11:09:32
i_75b3abbb741c,c_132469c4feec,both,A,2026-07-03 11:13:19
i_f0c01e577fac,c_657558e7c64a,both,A,2026-07-03 11:21:05
i_a6685a71b3e9,c_30bf054edc22,both,A,2026-07-03 11:31:52
i_4e5b5b05bc88,c_5fd9d5ee9832,both,A,2026-07-03 12:15:06
i_180b5c3a4e75,c_49e1bbf5cdd9,resource_card,B,2026-07-03 12:18:08
i_ef0b0254dcbd,c_cad13077dc66,resource_card,A,2026-07-03 12:23:15
i_e5789008b271,c_31b66b6c7c70,both,A,2026-07-03 12:24:10
i_463bffac618e,c_a0b11d39c2b4,resource_card,A,2026-07-03 12:27:21
i_4cef0b12cdb4,c_a32cf031f14a,resource_card,A,2026-07-03 12:28:37
i_bfefb94b540d,c_36eda86bb49e,resource_card,A,2026-07-03 12:36:24
i_5ab7e756d73d,c_d64cb7029158,both,A,2026-07-03 12:43:25
i_3ce8fedade31,c_9bd1151c5f4e,resource_card,A,2026-07-03 13:07:44
i_1a59781550a2,c_7b37253c5d42,both,A,2026-07-03 13:09:41
i_cea60f30e5b4,c_805fca1aad29,resource_card,B,2026-07-03 13:14:03
i_d45f2addaebf,c_cb93c0d55736,resource_card,A,2026-07-03 13:18:42
i_39a5f82315d0,c_0b5ff17da0f1,both,B,2026-07-03 13:20:11
i_ecbf84ec8b8f,c_1a2d213e51a4,resource_card,A,2026-07-03 13:23:15
i_e60a29a8c045,c_41611923512d,both,B,2026-07-03 13:26:16
i_270730aca2de,c_85461fec4c25,both,B,2026-07-03 13:30:03
i_df7deb67fa88,c_ac3d2393da86,resource_card,A,2026-07-03 13:36:04
i_25c232c7d08e,c_dbe6774becf0,both,A,2026-07-03 13:37:15
i_968ab361e20a,c_5673fa722d14,resource_card,A,2026-07-03 13:39:37
i_b59b46ba70d6,c_92180de4b507,both,B,2026-07-03 13:41:03
i_e48dca01f88c,c_bad44444dff4,both,A,2026-07-03 13:41:19
i_527e55182ebb,c_e803dffd46c3,resource_card,B,2026-07-03 13:44:05
i_5475df3af66c,c_d92bd3a0fa2c,both,A,2026-07-03 13:46:06
i_b99e9dba3b34,c_1502453c8fcb,resource_card,B,2026-07-03 13:54:37
i_d24931aea09f,c_c08f3585b7f0,both,A,2026-07-03 14:11:09
i_86c8fabdc924,c_2c3598a6ca3d,resource_card,B,2026-07-03 14:48:31
i_ab10183d3e63,c_1230d7c55b46,both,A,2026-07-03 15:00:02
i_731f3a4bf80a,c_aa041f27b289,resource_card,B,2026-07-03 15:04:34
i_22e412fe852e,c_d72501bae12c,resource_card,A,2026-07-03 15:17:10
i_522413ed28a6,c_cbdc0e719dce,both,A,2026-07-03 15:19:37
i_32b20624fb5f,c_2ac0612c0ad5,resource_card,B,2026-07-03 15:21:46
i_12b63debcb8f,c_ee6ff8ba782f,resource_card,B,2026-07-03 15:22:42
i_94f1a6bc9bc5,c_92bd804e0901,both,B,2026-07-03 15:29:10
i_c3852ebb0cbe,c_5c98e5bf97f7,both,B,2026-07-03 15:45:32
i_f3eafd97ba2b,c_5dbc161b6f47,both,B,2026-07-03 16:04:27
i_352616d6953b,c_6ed0a8b36ef9,resource_card,B,2026-07-03 16:25:17
i_bb5c46d78db6,c_ab00f89d594c,resource_card,A,2026-07-03 17:00:39
i_ad29f6d87ec9,c_0b3e96396f1e,resource_card,A,2026-07-03 17:05:32
i_40e79a7fbe3e,c_75f795442117,resource_card,B,2026-07-03 17:08:47
i_2fddf801f765,c_d1c2f05436a3,both,B,2026-07-03 17:11:48
i_09e2d481cee8,c_9735d28948a7,both,B,2026-07-03 17:29:45
i_bed7f352bd89,c_31dde58ee591,resource_card,B,2026-07-03 17:50:40
i_f9fdf10e373c,c_9348bcb2c86f,both,B,2026-07-03 17:50:59
i_62dae70c3e2c,c_0b547c4b525b,resource_card,B,2026-07-03 18:10:42
i_b48d79c8e859,c_0647b0f75fde,resource_card,A,2026-07-03 18:25:21
i_0adc37264915,c_3948391eed43,resource_card,B,2026-07-03 18:26:41
i_ec78041d0719,c_f2611381c2d6,both,A,2026-07-03 18:41:57
i_0df135bd1460,c_02713214fdd2,resource_card,A,2026-07-03 18:46:38
i_8c3d1085bfa3,c_bd1d97314ccd,resource_card,B,2026-07-03 18:52:52
i_c8d79cd69e91,c_014aefde37f2,resource_card,A,2026-07-03 18:57:09
i_770559784150,c_44f23cb6bbdb,both,B,2026-07-03 19:16:39
i_433a504a725a,c_be75e4a68882,both,A,2026-07-03 19:29:54
i_5cd479c7abb0,c_f43cdf025edd,both,B,2026-07-03 19:40:11
i_7244d3b47413,c_9dc68c0ce629,both,B,2026-07-03 19:40:39
i_643bcadce4aa,c_84f5c15456d4,resource_card,A,2026-07-03 19:41:21
i_957fc6941536,c_be23ab45b8c8,resource_card,A,2026-07-03 19:46:41
i_e2defd229765,c_e1c6b2a4cc94,resource_card,A,2026-07-03 19:52:44
i_1f742a7fa69a,c_3ad6949d6a0b,both,B,2026-07-03 20:06:21
i_706efdec2d20,c_d4c4ed56b446,both,A,2026-07-03 20:12:58
i_2077973e16dc,c_bbed3d77d2f9,resource_card,B,2026-07-03 20:21:02
i_7ba87c4429c7,c_bf68d44fc9b8,resource_card,A,2026-07-03 20:31:46
i_3b440f2a6d1e,c_9e06bab6060e,both,A,2026-07-03 20:36:28
i_bf23ff41b0c4,c_9c7473b15921,resource_card,B,2026-07-03 20:36:31
i_cba1a8b8335e,c_08d6c03f2a12,resource_card,A,2026-07-03 20:40:01
i_d806b97b6909,c_4ed8dfbda7f8,both,A,2026-07-03 20:41:17
i_18848d438821,c_f23e633bd03d,resource_card,B,2026-07-03 20:43:10
i_9e5b89a36d08,c_089d7fefa8ea,both,A,2026-07-03 20:56:21
i_da75fb54fe7b,c_f5a22228fc4c,both,A,2026-07-03 20:56:28
i_a6a46efd3830,c_6dfd4108a784,resource_card,A,2026-07-03 20:58:05
i_1945ba5cabb4,c_13ec3f26f778,both,A,2026-07-03 20:58:57
i_bf6931a14a9a,c_87163fccbbbb,both,B,2026-07-03 21:01:56
i_632989a057d2,c_f2e41cd6e6b9,both,B,2026-07-03 21:15:18
i_ca70eba723d1,c_3d5f5fa657b9,both,B,2026-07-03 21:20:40
i_42f0df138d8c,c_aa7c57b8f88b,resource_card,B,2026-07-03 21:28:15
i_fcbac260ca26,c_6310eacfed58,resource_card,A,2026-07-03 21:29:56
i_51c0ff1a906a,c_be3e5aed376d,both,B,2026-07-03 21:30:32
i_717ce0b820aa,c_9cbf730b35cd,resource_card,B,2026-07-03 21:32:14
i_fc31a37fd668,c_ca3c89cc945b,resource_card,B,2026-07-03 22:05:09
i_5cbba8d4395b,c_8994f1840d40,both,A,2026-07-03 22:06:56
i_8aa87f5f7fcd,c_b1e91c87e01e,both,A,2026-07-03 22:13:27
i_260afcafe44c,c_f1e506c332df,both,B,2026-07-03 22:15:38
i_f0a2faaba5ec,c_5de7a7cfc1b4,resource_card,A,2026-07-03 22:17:20
i_0faa348754ad,c_fbb7ff514bd4,both,A,2026-07-03 22:27:15
i_34157529624e,c_18dd6a9e96ce,both,A,2026-07-03 22:40:33
i_2b41633b2abf,c_d1a3956d4d01,resource_card,B,2026-07-03 22:48:42
i_dc64d1071598,c_31363a584ef8,resource_card,A,2026-07-03 22:51:07
i_320708a8807a,c_dc0ae32686c1,resource_card,B,2026-07-03 22:56:19
i_b14c920d5ca0,c_5c097075a4f7,resource_card,B,2026-07-03 22:59:36
i_4b04bd7b5016,c_45a15e30b102,resource_card,A,2026-07-03 23:50:31
i_3c1e8b9a754f,c_1f5bc1664d84,both,A,2026-07-04 00:07:23
i_d213a3c3dc43,c_93ffcd1c94ec,resource_card,A,2026-07-04 00:56:22
i_3f28d244fc3f,c_3d609b29c10f,resource_card,B,2026-07-04 00:56:42
i_7e87de8c7820,c_73f896b459b2,resource_card,A,2026-07-04 01:25:10
i_754f621ab0ff,c_48b0fe46695d,resource_card,B,2026-07-04 02:05:17
i_d3031db2452e,c_d5cd79e8aa40,both,A,2026-07-04 03:37:27
i_da73fa79d992,c_e269ccb03a99,both,B,2026-07-04 03:45:51
i_c98970b2b8d7,c_cbb1e5c8efc3,resource_card,B,2026-07-04 03:47:40
i_1ffdf6a9b5ab,c_f9b949132c67,resource_card,B,2026-07-04 03:50:02
i_e917222d7dd0,c_bdc3b78ba0b4,resource_card,A,2026-07-04 05:22:30
i_70c5879b3754,c_e4b760020434,resource_card,A,2026-07-04 06:05:49
i_600249b9585a,c_6d2af881c798,both,A,2026-07-04 07:08:01
i_0ce0e4a77178,c_98fc91125117,resource_card,B,2026-07-04 07:47:50
i_47bbad466efb,c_5a4cdeea7510,both,A,2026-07-04 08:06:36
i_0dac79ae0b5e,c_1e51bff23ac4,resource_card,A,2026-07-04 08:11:13
i_5ab1ac2ed384,c_9b9091285f7c,resource_card,A,2026-07-04 09:05:14
i_12e16bb7b9b8,c_9a2133bcebc9,resource_card,B,2026-07-04 09:05:14
i_8fbd8ad86c7b,c_ae61ab96a03d,both,B,2026-07-04 09:29:19
i_2aa95cc4c0a9,c_20fed5aac77c,resource_card,A,2026-07-04 09:47:08
i_1a974d37ef43,c_c747ffb49a6f,resource_card,B,2026-07-04 09:56:11
i_2584ca194b04,c_d9d8542f6035,both,B,2026-07-04 09:56:28
i_58a6fc30a989,c_37460742cac2,resource_card,A,2026-07-04 10:08:36
i_6efb5d1778f0,c_fe0459ab5261,both,B,2026-07-04 10:56:28
i_eeb1d932fae5,c_19e1ca37803c,both,A,2026-07-04 10:58:04
i_9bd71a605933,c_729a41f0f6d3,resource_card,B,2026-07-04 11:09:23
i_3669460d8ad4,c_97d196949d86,both,A,2026-07-04 11:19:04
i_cbb832d3dbb4,c_bf49228005f4,both,A,2026-07-04 11:30:59
i_8445e30b9fe5,c_12fb5b9c3f66,resource_card,A,2026-07-04 11:39:23
i_d8377a0a11c1,c_f17a6b80346b,resource_card,B,2026-07-04 11:53:23
i_c2d1fcbf56a3,c_2b601d04e42e,both,A,2026-07-04 12:18:31
i_64c45cc37b68,c_a81cb0480337,resource_card,B,2026-07-04 12:20:11
i_96d287ec3ecc,c_b7ac1dfcd329,resource_card,B,2026-07-04 12:36:05
i_71f9574699e5,c_bd1a972e68cc,resource_card,A,2026-07-04 12:47:04
i_70aefba378fd,c_54fe450daf1f,resource_card,B,2026-07-04 13:14:27
i_c5781ee8f938,c_9d8b61112113,resource_card,B,2026-07-04 13:33:13
i_9e71f31d46c6,c_2362d0b20c9f,resource_card,B,2026-07-04 13:51:23
i_8f357fdd5e04,c_76b661bf4c24,both,A,2026-07-04 13:51:43
i_4d12f314ff55,c_fe9cca46cf26,resource_card,A,2026-07-04 14:15:05
i_5ddbec067ab5,c_65d682e78ec4,resource_card,A,2026-07-04 14:16:30
i_3c599b650275,c_00c22a76abb0,resource_card,A,2026-07-04 14:17:05
i_a0d1ee46c1be,c_9e6ef4f19377,both,B,2026-07-04 14:50:17
i_79ebeb6f4670,c_cff83b12be8d,resource_card,B,2026-07-04 14:53:14
i_aa095ba5a00f,c_c1890ce7dec5,resource_card,B,2026-07-04 15:03:53
i_df84ccd742a3,c_f46e0b434635,resource_card,B,2026-07-04 15:09:26
i_dec99375b952,c_f665b3aac563,resource_card,B,2026-07-04 15:14:04
i_95d6ac6307ac,c_006b547e7a00,both,A,2026-07-04 15:41:08
i_8a11c3960107,c_e64592fb7a14,both,A,2026-07-04 16:03:03
i_6bb862e6ba9c,c_74921dd9465d,both,B,2026-07-04 16:03:52
i_522a8ecf6cdd,c_1c0e034c8a56,both,A,2026-07-04 16:26:18
i_382f7f1b39d2,c_0bdfc8d933b3,both,B,2026-07-04 16:38:28
i_1dc93948b1da,c_5bc6a6d98717,resource_card,B,2026-07-04 18:27:47
i_0ee0ed7d3994,c_ed695662a60e,resource_card,A,2026-07-04 18:39:43
i_509d7c6540bf,c_c4b5cb3e0ff9,both,B,2026-07-04 18:49:21
i_63db9650a30d,c_76eac996321f,both,B,2026-07-04 18:53:16
i_2ffeb744c3c0,c_0cadb8e58e52,resource_card,A,2026-07-04 19:01:55
i_4b756270f63f,c_7ab59a0d8da9,resource_card,B,2026-07-04 19:02:29
i_06f8d73dffe5,c_668aecd59510,resource_card,A,2026-07-04 19:20:26
i_abd4be88d600,c_feeb34b7b5aa,resource_card,A,2026-07-04 19:39:20
i_ba84cec6b709,c_08c175bf5d54,resource_card,A,2026-07-04 19:45:08
i_3d336dd6e4a1,c_55a45c80ab7b,resource_card,B,2026-07-04 19:47:31
i_e3b0573c1b8c,c_6aca024ef5c2,resource_card,A,2026-07-04 19:52:28
i_b2341938396e,c_588c660a9a34,both,A,2026-07-04 20:10:59
i_845792144457,c_fd6f680ba0e1,both,B,2026-07-04 20:20:21
i_b6c03971428b,c_392ed4547464,resource_card,A,2026-07-04 20:25:27
i_c83f85955324,c_323128b917d4,resource_card,A,2026-07-04 20:45:51
i_90b7329ffe5c,c_e46e7ef0e573,resource_card,B,2026-07-04 20:46:18
i_578de9a230d6,c_a0de4546e1f1,resource_card,B,2026-07-04 20:51:42
i_d9b341db4ee0,c_776ae9a75223,both,B,2026-07-04 21:16:06
i_99d1c70abcef,c_e928fd930c96,both,A,2026-07-04 21:17:56
i_3b153897daa5,c_cfd09ff11ae1,both,B,2026-07-04 21:36:48
i_998cc6e093b1,c_27daebc26f8e,resource_card,A,2026-07-04 22:12:15
i_435a822fab8b,c_9c453851dc7b,resource_card,B,2026-07-04 22:16:33
i_50b4d8f05e72,c_184686c3458a,resource_card,A,2026-07-04 22:25:29
i_8c1b8c2b7217,c_41a2a1d2a6d7,resource_card,B,2026-07-04 22:26:34
i_53a885e38e33,c_f7c1e9c8a58b,resource_card,B,2026-07-04 22:32:14
i_2ae6f5f56238,c_d6d86592f529,resource_card,B,2026-07-04 22:37:45
i_a914708aeea4,c_b468e1cb2ba4,resource_card,A,2026-07-04 22:48:26
i_f5e02b48c099,c_eb02dc51cd0c,resource_card,A,2026-07-04 22:50:23
i_9fddb5c06037,c_b13592a2ace8,resource_card,A,2026-07-04 22:51:07
i_2ca5608dfb97,c_c6525378571d,both,B,2026-07-04 22:52:29
i_d3a6abbe0729,c_e110c2f6925d,resource_card,B,2026-07-04 23:01:54
i_6e7029605182,c_e4ed9083144b,resource_card,B,2026-07-04 23:15:17
i_52b3b95fc78e,c_93a394e3f2fd,resource_card,B,2026-07-04 23:23:34
i_817a7c05bfdf,c_37791866bef6,resource_card,A,2026-07-04 23:30:36
i_a8f1409c0da8,c_503245c50478,resource_card,A,2026-07-05 00:07:29
i_eb58adf593d0,c_e53fbf060ddb,both,B,2026-07-05 00:36:22
i_22f5d069fceb,c_4c2c1aeb6b2b,both,B,2026-07-05 02:44:09
i_5701f7727c88,c_d2da918ac44d,both,B,2026-07-05 03:09:53
i_1284662f699e,c_abc2b68088a2,both,A,2026-07-05 03:51:47
i_1e4ed1fb4f10,c_944e05d8611b,both,B,2026-07-05 04:27:50
i_9e3279fa2767,c_b6f0aa0ae153,resource_card,B,2026-07-05 06:16:09
i_8fb4a669d886,c_1e36c8e70cd0,both,A,2026-07-05 06:38:36
i_a8b4391f22fb,c_c6698af6fbaa,both,A,2026-07-05 07:10:19
i_966c7f1d121b,c_5fa62d5d65b0,both,A,2026-07-05 07:26:30
i_3353acd4dd01,c_49c693eb3b26,both,A,2026-07-05 07:46:42
i_0df5b3acd5fb,c_d7a5cb17f249,both,B,2026-07-05 07:53:32
i_aa31957b0827,c_0f225a63adad,resource_card,B,2026-07-05 07:59:16
i_1e946e138fe8,c_7026a0cafe70,resource_card,A,2026-07-05 08:07:13
i_9fede1c94141,c_727951c81335,resource_card,B,2026-07-05 08:19:55
i_fb086cf1ed0f,c_d10bc6479d8e,resource_card,A,2026-07-05 08:23:30
i_07c47e061271,c_38724f65d4b6,both,A,2026-07-05 09:09:23
i_f96ed59407df,c_5ebaa7c2b4e1,both,B,2026-07-05 09:11:06
i_e1c695f60321,c_d983ac359ace,both,A,2026-07-05 09:15:42
i_27d394f38e32,c_a7f0b0a74470,resource_card,A,2026-07-05 09:46:19
i_bec5f95e133f,c_b9275ba43e46,resource_card,A,2026-07-05 10:01:56
i_d7290ddc197e,c_bfebc2304e28,both,A,2026-07-05 10:10:51
i_86ddbeb24bbc,c_1f17557fbf96,resource_card,A,2026-07-05 10:18:06
i_6c85d67da816,c_e86afdf20410,resource_card,A,2026-07-05 10:51:29
i_66483fe7c6c9,c_a0c57bbc7e7f,both,B,2026-07-05 11:19:22
i_c5a4ca5b72c6,c_864c9b9fba45,resource_card,B,2026-07-05 11:21:51
i_fb4d3db0653a,c_8c714c299271,resource_card,B,2026-07-05 11:24:25
i_f442f81eef6f,c_5bf12a645a6a,both,A,2026-07-05 11:32:26
i_adbf395d9784,c_dd2c88b40c9b,both,B,2026-07-05 11:58:55
i_9cdf10eeb03b,c_36bf1c84a330,both,A,2026-07-05 12:48:48
i_cacde9e9c9a8,c_672adddc316f,resource_card,B,2026-07-05 12:54:47
i_42e610334281,c_e93287923b34,resource_card,A,2026-07-05 13:17:36
i_ffbf7ecc9794,c_ad2d2168b800,resource_card,A,2026-07-05 13:33:04
i_a6cc2f60bd28,c_89dcdc784556,resource_card,A,2026-07-05 13:56:57
i_a71b8a434092,c_b20b0741ea87,resource_card,B,2026-07-05 14:04:26
i_d5315d386037,c_99ba5d4809ef,resource_card,B,2026-07-05 14:06:55
i_ae9d567be5a5,c_38741e3f4720,resource_card,A,2026-07-05 14:20:12
i_195349d691c5,c_0834af77c03d,resource_card,B,2026-07-05 14:58:46
i_a9693a2a8d2e,c_a0f3d9a1db9a,resource_card,A,2026-07-05 14:59:36
i_86784f2311d7,c_4386089f4291,both,B,2026-07-05 15:17:42
i_109aaad0027e,c_3ac2a159d173,resource_card,B,2026-07-05 15:37:59
i_a9231d37b6fa,c_194398c17121,both,B,2026-07-05 15:43:59
i_c8354ccc06fc,c_8b97ee3bc1e3,resource_card,B,2026-07-05 16:00:35
i_b2dfbc422d58,c_2f46ca245cdc,both,A,2026-07-05 16:18:23
i_2b4d5b87ae42,c_4ec9bd21a2eb,resource_card,B,2026-07-05 16:23:26
i_2897c41576e4,c_8db825d8f3c7,resource_card,B,2026-07-05 16:33:02
i_9e2156d93555,c_ae1b759c9e6c,both,A,2026-07-05 16:35:20
i_7a32925d1abe,c_c0414ec8a446,resource_card,A,2026-07-05 16:38:57
i_f67a6b7533a1,c_5975a1d81444,resource_card,A,2026-07-05 16:42:57
i_63e4f60b2773,c_1385838da8bd,both,B,2026-07-05 17:26:05
i_88e6246172b6,c_921890c9ccf4,resource_card,A,2026-07-05 17:41:28
i_95f8eb8581b8,c_3cc4a1c27c6e,resource_card,A,2026-07-05 18:11:34
i_b8979a1b9e8e,c_a8a48114ff26,both,A,2026-07-05 18:15:41
i_bf33e1fc7194,c_e44078cf128b,resource_card,B,2026-07-05 18:21:42
i_afc550a81338,c_cfecf307ce89,resource_card,B,2026-07-05 18:33:09
i_424e995b3952,c_3626f1596177,both,B,2026-07-05 18:37:41
i_b6793e8b4d48,c_53c97d126e60,both,A,2026-07-05 18:38:38
i_557bbac3480a,c_41ee41e51f23,both,B,2026-07-05 18:39:13
i_58b9429e9937,c_98c2dee7bcfa,resource_card,A,2026-07-05 18:44:03
i_9df246a2ae8b,c_ec9a09f4aa62,resource_card,A,2026-07-05 18:46:21
i_cfcc250b773e,c_0aa79b3312e8,resource_card,A,2026-07-05 18:53:27
i_69b4b1540dca,c_02b97add655b,resource_card,B,2026-07-05 18:58:04
i_179a07805a91,c_a6e9e7bea070,resource_card,A,2026-07-05 19:06:36
i_c2740dfab6d1,c_46f24fec12ed,resource_card,B,2026-07-05 19:35:23
i_efd40e981083,c_bf76407663c7,resource_card,B,2026-07-05 20:00:19
i_b0b786d01d12,c_de8d68489de1,resource_card,B,2026-07-05 20:07:23
i_39b5bf010c1f,c_c138af66736f,both,B,2026-07-05 20:20:01
i_025d76c951d4,c_01d583917636,resource_card,A,2026-07-05 20:21:43
i_d881999af9d7,c_67bf048dfcf6,both,A,2026-07-05 20:22:16
i_6004dc7147c9,c_a4e1ac78762b,resource_card,B,2026-07-05 20:42:39
i_103d870dd8b5,c_ce0cdecbc01d,both,B,2026-07-05 20:45:20
i_0bf92548067d,c_a5ef6b8c7b46,both,A,2026-07-05 20:54:25
i_6358dae2f765,c_020b06ab5137,resource_card,B,2026-07-05 20:54:39
i_596bc7cb79f2,c_18bc13490c26,both,A,2026-07-05 21:00:05
i_d0946c2201e7,c_97cd1e18f0de,resource_card,A,2026-07-05 21:00:54
i_ee03f9662a8f,c_fb3448e1f325,resource_card,B,2026-07-05 21:02:32
i_bab02cbdbb08,c_95c6d7f53b6c,both,A,2026-07-05 21:05:22
i_b6d1a440296c,c_e98ee3ab1dff,resource_card,B,2026-07-05 21:10:41
i_79c6850ff65e,c_c49b76a263d6,resource_card,A,2026-07-05 21:19:44
i_fac93931631e,c_f541a1cf1e15,resource_card,B,2026-07-05 21:28:38
i_aedd90ad2beb,c_4ed69287aadc,resource_card,A,2026-07-05 21:28:33
i_ab72b37a1929,c_b3c819db04d2,resource_card,A,2026-07-05 21:39:00
i_d8b6f7f08dec,c_056e4b4b3928,both,A,2026-07-05 21:55:48
i_0a03b2d852ba,c_60cb315ab689,both,B,2026-07-05 22:04:08
i_50969b24f125,c_690eef6a1862,resource_card,A,2026-07-05 22:15:31
i_dbb22db3914a,c_7357275cff48,resource_card,A,2026-07-05 22:20:30
i_ad4d6a73bb60,c_fae87ffcc55b,resource_card,B,2026-07-05 22:41:55
i_a52899b50378,c_86e0c8bb0ff1,resource_card,B,2026-07-05 22:45:15
i_6d371dc99a41,c_f21f72e23b36,both,A,2026-07-05 23:02:50
i_0631cb7d88e0,c_32957fcaafd6,resource_card,A,2026-07-05 23:39:05
i_bc9bc21b255a,c_d31f3848afc3,resource_card,B,2026-07-05 23:43:12
i_c08ec0307f30,c_867f4797699a,both,A,2026-07-06 00:07:22
i_992e72d6bbe2,c_d756642cdf22,resource_card,A,2026-07-06 00:08:21
i_800cd15a9fed,c_329e9e14dd58,resource_card,A,2026-07-06 00:15:20
i_23825810298b,c_e8106a31a5d4,both,A,2026-07-06 00:29:22
i_b9ce46d0086a,c_9491082bbf6a,both,A,2026-07-06 00:54:03
i_8a922ea4cb53,c_b1025e7233dd,both,B,2026-07-06 01:01:01
i_9ea9fc13f6f1,c_2f70d903cac3,both,B,2026-07-06 01:12:06
i_d94917042184,c_e343ba61de2b,resource_card,B,2026-07-06 01:23:55
i_db249f7247bf,c_66ed7af7dd03,both,B,2026-07-06 01:56:43
i_e530aca9d4f6,c_5f66a3c4c4fa,both,A,2026-07-06 02:01:46
i_4f42566a040c,c_eeb277e1b1ae,resource_card,A,2026-07-06 02:09:33
i_77003417df11,c_6eff7f07f16c,both,A,2026-07-06 02:11:30
i_c8e20165cf07,c_c24de7aba074,both,A,2026-07-06 02:15:58
i_ef863f8eed99,c_8c26564707c9,resource_card,B,2026-07-06 02:17:20
i_da02bb5f4771,c_67398d8ba8a9,both,B,2026-07-06 03:45:24
i_fcc752ea12d3,c_e43f8c5e4099,resource_card,B,2026-07-06 04:02:16
i_9c2be207712c,c_ca3011388c60,both,A,2026-07-06 06:34:42
i_17075861aedb,c_d06d72143f7e,both,A,2026-07-06 06:35:43
i_f7bb8653037c,c_cf65b0a2f40b,resource_card,B,2026-07-06 07:57:33
i_c7a1c9cf01f2,c_e03bdc58a0a1,resource_card,B,2026-07-06 08:13:56
i_610a7ec7ba69,c_0433a9fe07d1,resource_card,B,2026-07-06 08:15:18
i_d79414db98a9,c_31663037148f,both,B,2026-07-06 08:26:19
i_cfb8c47fb6d6,c_9f2a558bcf20,resource_card,A,2026-07-06 08:29:45
i_6d22d3753037,c_31e1ae538a33,resource_card,B,2026-07-06 08:35:21
i_ac2c67009617,c_9bcc07d0da8e,resource_card,A,2026-07-06 08:37:58
i_9d3a272482cc,c_329f56d601c8,resource_card,A,2026-07-06 09:02:33
i_b9004477b1a7,c_e3fc2903bdea,both,A,2026-07-06 09:19:20
i_9e47a63ded1f,c_30ff41474b63,resource_card,B,2026-07-06 09:19:39
i_acf78801dfa3,c_5b974bfbad89,both,B,2026-07-06 09:59:37
i_3f7330a0acb3,c_109a931b65e9,both,B,2026-07-06 10:01:21
i_f2a667b68dda,c_355b1768631b,both,B,2026-07-06 10:15:16
i_de4ebd9caeb4,c_72f6754cd4d9,resource_card,B,2026-07-06 10:31:17
i_027f6a7719e4,c_c9d07d9cd340,resource_card,A,2026-07-06 10:34:11
i_ce9422a031c8,c_9f323fc9023a,resource_card,A,2026-07-06 10:39:14
i_67163e7a856c,c_022da5e8e322,both,A,2026-07-06 10:42:47
i_48592ed9d5de,c_25b057cfe93d,both,B,2026-07-06 10:52:32
i_e0b15f2be05c,c_570362906a6f,resource_card,B,2026-07-06 10:53:06
i_5e5f040e705c,c_29aaefb21cbd,resource_card,B,2026-07-06 10:55:52
i_d383e147fb34,c_1163ba28b273,resource_card,B,2026-07-06 11:02:51
i_9543d8d07f00,c_d969750bf1c5,resource_card,B,2026-07-06 11:11:06
i_620370ca0f16,c_f2a5f94b90a5,both,B,2026-07-06 11:18:24
i_0e27cac091b5,c_c9758fda329d,both,B,2026-07-06 11:29:01
i_acd4962bb858,c_613c7080a38b,resource_card,B,2026-07-06 11:41:32
i_99c47563e874,c_7fe72c4f1085,both,B,2026-07-06 11:43:37
i_5b729f486857,c_70aa2dd051d3,both,B,2026-07-06 11:46:44
i_3e7dd9ffe829,c_dd1455dceea2,resource_card,A,2026-07-06 11:56:57
i_ba001917b5ea,c_b249cbf30ca0,resource_card,A,2026-07-06 12:04:59
i_7fdb63fe1391,c_8754204191b3,both,B,2026-07-06 12:14:24
i_801cb7fbba5d,c_5740cb050494,resource_card,A,2026-07-06 12:38:56
i_1c334f7d660f,c_8268175cb8dd,both,B,2026-07-06 12:39:43
i_2d5bc659dba0,c_f56b8d44273c,both,A,2026-07-06 12:46:06
i_e72858723657,c_5e37b58ff8f0,resource_card,A,2026-07-06 13:06:40
i_9b7021580596,c_f07986fb2dad,both,B,2026-07-06 13:07:47
i_460fcd4501b3,c_c24749608252,resource_card,A,2026-07-06 13:20:42
i_a77a6b37dc5f,c_38fd8d917aa3,resource_card,B,2026-07-06 13:53:51
i_8960e1e1108d,c_88f5618ac6da,both,A,2026-07-06 14:00:11
i_ed2a2d4c2d1d,c_6f535008ceaa,both,A,2026-07-06 14:13:17
i_24d199d94ee4,c_fc16b5b8453d,both,B,2026-07-06 14:19:57
i_1246704c73a4,c_3fdccf1c2545,resource_card,B,2026-07-06 14:26:29
i_cae8a2228d07,c_2c2beb99a434,both,A,2026-07-06 14:49:21
i_d814b863896a,c_57a4761cd06b,resource_card,B,2026-07-06 14:56:20
i_59035a6f72db,c_a443bb92d240,resource_card,A,2026-07-06 14:59:11
i_20631715515d,c_58143260aac1,resource_card,B,2026-07-06 15:00:15
i_ebdd3f6de299,c_d63435846f0a,both,A,2026-07-06 15:02:01
i_91934d8aeec9,c_a04da83b8064,resource_card,A,2026-07-06 15:22:42
i_b24c18e0a421,c_a2367b479ca6,resource_card,A,2026-07-06 15:23:00
i_978b75038db6,c_0b7b7a4fc581,resource_card,B,2026-07-06 15:45:28
i_d9377f272313,c_202d2c190aab,resource_card,B,2026-07-06 15:46:07
i_aaef94504b61,c_b51a8818e5a6,resource_card,A,2026-07-06 15:47:59
i_d891522118ce,c_5ca955ca7313,resource_card,B,2026-07-06 15:53:33
i_86daf3401432,c_f1c01f32b687,resource_card,B,2026-07-06 16:06:17
i_e9126d2cbae7,c_ce4b1ec9e2ac,both,A,2026-07-06 16:13:54
i_5ef7bb580b9a,c_58301fb4db9f,both,B,2026-07-06 16:14:49
i_cdda276dd6ac,c_28dfe4eba592,both,A,2026-07-06 16:15:59
i_d0b4c87a2243,c_e20219739b7d,resource_card,B,2026-07-06 16:24:19
i_218cac733cc8,c_38a9848082cb,resource_card,B,2026-07-06 16:28:38
i_474ba8386d51,c_6d45ab485404,both,A,2026-07-06 16:39:36
i_d03f961740a4,c_1983aacf3f68,both,A,2026-07-06 16:41:38
i_6baf4c6d81d4,c_d0a9acc552f8,resource_card,A,2026-07-06 17:16:53
i_136c2b017ceb,c_a5fc4be684ca,resource_card,A,2026-07-06 17:17:01
i_0172304ae2f6,c_9361a8d097b3,resource_card,B,2026-07-06 17:17:22
i_b9d2fff5027f,c_99c5e25794cf,both,B,2026-07-06 17:22:34
i_4d40ed53b4a6,c_bc8e259ab308,resource_card,A,2026-07-06 17:27:12
i_b66c05d555c0,c_b179b1c7e2bd,both,B,2026-07-06 17:29:47
i_45e9ead387ed,c_0d958f56c167,resource_card,B,2026-07-06 17:36:22
i_c730b4fb934c,c_fa23f158f2a5,resource_card,B,2026-07-06 17:56:37
i_7b6c7756bf45,c_cc1f6b6b62b4,resource_card,A,2026-07-06 18:03:23
i_67e34b8d9ff8,c_1fec4dfa1484,resource_card,A,2026-07-06 18:05:32
i_6d29cf12ef26,c_dd900978ae17,resource_card,B,2026-07-06 18:09:47
i_89f2d9fece1c,c_178b3266112d,resource_card,B,2026-07-06 18:09:49
i_5c0b24e10cb1,c_f160885009a6,both,A,2026-07-06 18:32:58
i_4e840c561a77,c_11b602e7e886,resource_card,A,2026-07-06 18:36:49
i_ca85f4764d67,c_74219c076a27,both,B,2026-07-06 18:41:45
i_bb0e44880e2e,c_8a94c3c8a9c0,resource_card,A,2026-07-06 18:42:17
i_16ca1da6bad4,c_924811e4abb7,resource_card,B,2026-07-06 18:49:57
i_02c8f2bad052,c_2da08298c7a2,resource_card,A,2026-07-06 18:50:04
i_ecca57898e47,c_60443a2f3b50,both,A,2026-07-06 18:57:14
i_9f198ea5e7c6,c_c64bc780b35d,both,B,2026-07-06 19:09:46
i_63a58fe7cef7,c_02d1afcbd279,resource_card,B,2026-07-06 19:09:40
i_54bd2a26458e,c_fbabea820464,resource_card,A,2026-07-06 19:17:39
i_8b5cda589079,c_c8c6457c0b15,both,B,2026-07-06 19:20:36
i_f6029f33571b,c_b72bf23f08ca,both,A,2026-07-06 19:21:13
i_cc7a26b028f8,c_203d41bbffd1,both,B,2026-07-06 19:27:36
i_73981ed5d54a,c_21228e04db3a,resource_card,A,2026-07-06 19:39:59
i_79622d1f6709,c_4f361f3bded3,both,B,2026-07-06 19:44:22
i_8c22206c13e9,c_8a4740657cc0,resource_card,A,2026-07-06 19:51:46
i_51f80babc301,c_56a68f7bb81b,both,B,2026-07-06 19:58:04
i_9e2018eea6ee,c_632abb7b8732,resource_card,A,2026-07-06 20:03:24
i_5bedb5ab7d59,c_46702a1ad1a3,resource_card,B,2026-07-06 20:20:28
i_da69e07c7c83,c_afb6821552e0,resource_card,A,2026-07-06 20:28:43
i_4c2859878074,c_e8557347efcd,both,B,2026-07-06 20:37:18
i_218e0c1ee660,c_72f3997219b2,resource_card,A,2026-07-06 20:44:06
i_7a99aac4ebf5,c_18a8c8d9df1d,resource_card,B,2026-07-06 20:55:50
i_625e7f1ecd93,c_f13a1fe5eeac,resource_card,A,2026-07-06 21:10:39
i_311e73eeaa0f,c_a9b7119a9317,both,B,2026-07-06 21:14:03
i_03929bfbb9b7,c_831add246a20,resource_card,A,2026-07-06 21:17:25
i_fff83cbbd102,c_52010c420d96,resource_card,A,2026-07-06 21:44:06
i_d9dcd6371b24,c_a7024c7c548c,both,A,2026-07-06 21:48:03
i_cf05282c73d6,c_7a20ba3358c4,resource_card,A,2026-07-06 21:52:26
i_1ea448775b12,c_c08be2c495e0,resource_card,A,2026-07-06 21:56:01
i_7f3dc981843c,c_42f89e0c2b96,resource_card,A,2026-07-06 22:10:00
i_62fd9ccd36f5,c_6959b351b1c9,resource_card,B,2026-07-06 22:10:40
i_47b2adc13ba7,c_9161e5fdf4c0,resource_card,A,2026-07-06 22:15:42
i_bf289feaffe9,c_1be0d59cceae,resource_card,A,2026-07-06 22:16:36
i_3c9954061226,c_724bb0f96c3e,both,A,2026-07-06 22:32:41
i_25a73d89b149,c_095505d018a1,resource_card,B,2026-07-06 22:37:40
i_80835938a7b9,c_b692704c6933,resource_card,B,2026-07-06 22:53:08
i_883f63111f12,c_7f117346f661,both,B,2026-07-06 22:53:11
i_e4ae52c2edd5,c_510f8f38db20,resource_card,A,2026-07-06 23:01:46
i_745594fc2d9e,c_192625a80157,both,B,2026-07-06 23:19:09
i_f2edaebdc6ab,c_e57f9eef6ba0,resource_card,A,2026-07-06 23:29:14
i_aa8b77fd6ad5,c_046a829381fa,resource_card,A,2026-07-06 23:32:57
i_99a0bda9f35d,c_e0dc6ac8a3aa,resource_card,A,2026-07-06 23:37:19
i_a7a577bc271b,c_aa9dfde5fe76,both,A,2026-07-06 23:43:18
i_622b73870959,c_6ac46a761f8c,both,A,2026-07-06 23:43:34
i_fd883dda3a6f,c_c996f0bbefb5,resource_card,B,2026-07-07 00:30:00
i_ff1a0a4a9fab,c_5268ffc23a26,both,A,2026-07-07 00:38:17
i_ac1a579d408f,c_1c764af0c014,both,A,2026-07-07 00:49:53
i_c7e7369ac8ea,c_a80aef18c6f4,resource_card,A,2026-07-07 01:07:37
i_c247099da8cd,c_4254ed2d9319,resource_card,B,2026-07-07 01:27:49
i_015e618af579,c_9495c8f54bb6,both,A,2026-07-07 02:26:01
i_51acb43739a1,c_546d65839f59,resource_card,B,2026-07-07 02:29:24
i_b0ec184eaf4e,c_bf4c61d9fbde,resource_card,A,2026-07-07 02:53:30
i_99b7e2612a2b,c_f106841cb69d,both,B,2026-07-07 03:07:40
i_3f235431874c,c_dbcbee7d50d8,both,A,2026-07-07 03:21:57
i_16ccb91a89fb,c_68c773e64573,both,B,2026-07-07 03:25:20
i_984b1985e3f6,c_8512b90591b6,resource_card,A,2026-07-07 03:26:02
i_c8aa539ef1fe,c_c143fc5e1c54,both,A,2026-07-07 03:37:03
i_691ba9011f0a,c_b7ee79c11708,resource_card,A,2026-07-07 04:58:11
i_d84d0528fef7,c_9a4351ba2424,resource_card,A,2026-07-07 05:24:05
i_5e29d099e746,c_f20574192d2a,both,A,2026-07-07 06:25:45
i_06d1a26fd3ee,c_c0ed4547d44a,resource_card,A,2026-07-07 07:12:07
i_07e5d222e0a3,c_09358bd43ea6,resource_card,A,2026-07-07 07:30:18
i_9f67e10b0c6b,c_4eb9345ffe0a,both,A,2026-07-07 07:36:15
i_91b503629bfe,c_e1caf2fa2edb,both,B,2026-07-07 08:03:54
i_d6c8f19e69b4,c_52a761f6deb3,resource_card,B,2026-07-07 08:17:03
i_123542904660,c_493b0434146a,resource_card,A,2026-07-07 08:31:29
i_401ddb70afa2,c_42350a1b3999,both,B,2026-07-07 08:41:16
i_d1be073de34e,c_db1955f630cf,both,B,2026-07-07 08:57:37
i_dfe3b742e9bc,c_26b6b6d6ad8c,resource_card,A,2026-07-07 08:59:02
i_a16a66565a1d,c_34956fde176e,resource_card,A,2026-07-07 09:06:28
i_c611ed73f467,c_558b8bc8c9b2,resource_card,A,2026-07-07 09:09:38
i_303bd9216bf0,c_1335c1d54614,both,A,2026-07-07 09:26:18
i_c4af3f0f28c2,c_ec8b7f7ea542,both,A,2026-07-07 09:45:59
i_a682a6b037f1,c_7964a71d0651,both,B,2026-07-07 09:50:02
i_98d6000d0606,c_68a3d7bbf20b,resource_card,B,2026-07-07 10:23:30
i_f6155129671c,c_0a7de0463d61,both,B,2026-07-07 10:34:41
i_f9c2134e8bbe,c_bc5a7e3fe8e1,resource_card,B,2026-07-07 10:50:27
i_182cbd223f4a,c_c34538e28e64,both,A,2026-07-07 10:58:07
i_dda96e1d1660,c_153d1d574df4,both,A,2026-07-07 11:02:36
i_4cb0aa7e09ce,c_46ae253971a5,resource_card,B,2026-07-07 11:14:52
i_db2ee3387ce1,c_48ac4e41fac8,resource_card,A,2026-07-07 11:16:48
i_a400c79b5dad,c_205deff6d395,resource_card,B,2026-07-07 11:19:19
i_b14b25f5e3eb,c_4c2f3eea5b14,resource_card,A,2026-07-07 11:38:51
i_178c20200521,c_54085f00b82a,resource_card,A,2026-07-07 12:14:45
i_2132e248e10e,c_651aafa2612b,both,B,2026-07-07 12:15:30
i_d38f9298c365,c_1bfb1fe6208e,resource_card,A,2026-07-07 12:16:30
i_5d10ef1f2a0f,c_04724c9c3581,resource_card,B,2026-07-07 12:21:06
i_e3e0459eea2e,c_4be3fd31470c,resource_card,A,2026-07-07 12:23:22
i_4ac6ee47cd47,c_56da748a152a,resource_card,A,2026-07-07 12:36:37
i_3bd54da6fef7,c_e9901b2a7159,resource_card,B,2026-07-07 13:18:41
i_dbf7c2e3e8dc,c_af2cebb64ae2,resource_card,A,2026-07-07 13:23:25
i_678fabe33e5b,c_119852b41c79,resource_card,B,2026-07-07 13:39:40
i_ccfe5be73d4e,c_7d08bebd247a,both,A,2026-07-07 13:50:06
i_fc3c8b333bb6,c_be441a013acd,resource_card,B,2026-07-07 14:05:26
i_1080a65055c6,c_9392095d6302,both,A,2026-07-07 14:13:20
i_04ac18b2d22b,c_790e2aa40fa4,both,A,2026-07-07 14:37:44
i_5ca579244b38,c_78db4bd0db69,resource_card,B,2026-07-07 14:58:51
i_2dbce7dd7367,c_69b392baa771,resource_card,B,2026-07-07 15:01:21
i_f29099c2fc24,c_1b6826be8bc5,both,B,2026-07-07 15:18:42
i_11e1c76284d3,c_9a2b88b7f7c7,both,B,2026-07-07 15:22:27
i_877f77bc088c,c_914f3c05c2fd,both,B,2026-07-07 15:31:57
i_afbb3a0980c1,c_a42cfc880459,resource_card,B,2026-07-07 15:41:45
i_d97e6bf9ab20,c_7305eee2daf1,resource_card,B,2026-07-07 15:51:22
i_731d4d59b8fc,c_79e4d1aebc2a,resource_card,A,2026-07-07 15:51:40
i_41dd945e0187,c_949757fb36b0,resource_card,A,2026-07-07 15:55:53
i_33d7bc0ffd1b,c_7fa593d6e7bf,resource_card,B,2026-07-07 15:59:37
i_54e10a263784,c_d72c86656350,resource_card,A,2026-07-07 16:07:26
i_f77247cc0237,c_aa8270412a76,both,A,2026-07-07 16:11:03
i_cbbcd3ed0ec5,c_17bcdf6803a5,resource_card,B,2026-07-07 16:38:40
i_ee5725e5478e,c_426eaf8ca423,resource_card,B,2026-07-07 16:44:37
i_3be7e3dc4849,c_4f3faf5eb2e9,both,B,2026-07-07 16:55:14
i_7deb18df8e42,c_5c91d5bf6ee0,resource_card,A,2026-07-07 16:55:17
i_f901568413dc,c_5801ea9d1689,both,B,2026-07-07 17:09:23
i_a3275250ea0d,c_7bfd30d26b50,resource_card,A,2026-07-07 17:27:21
i_5ea222f7ea65,c_a17979e0e0ad,resource_card,B,2026-07-07 17:44:18
i_4c7c30ef0a2c,c_6daba48cdd7a,both,A,2026-07-07 18:02:14
i_60ba25556bb9,c_0d3a29a804c6,both,A,2026-07-07 18:05:28
i_a3b88b11320d,c_e80fc25b3c09,both,B,2026-07-07 18:11:51
i_4c1009c2cb6c,c_24df868569f0,resource_card,A,2026-07-07 18:18:30
i_a17aaeea062a,c_1910a43b0f97,resource_card,B,2026-07-07 18:21:57
i_95790b7ff1a2,c_0bceb1508c2b,resource_card,B,2026-07-07 18:22:02
i_c710a561779e,c_81da0b6be229,resource_card,B,2026-07-07 18:25:58
i_25b93ea2b240,c_46d586db25d3,both,B,2026-07-07 18:34:46
i_6e073fbef698,c_17f32487fe12,resource_card,A,2026-07-07 18:37:24
i_b4e3521ea93c,c_78e75860c0e6,resource_card,A,2026-07-07 18:47:09
i_034a4565cd2d,c_4390b0b6d91e,both,A,2026-07-07 18:48:55
i_83c33895d81b,c_0cab6ac9ce03,resource_card,B,2026-07-07 18:57:40
i_aa8009bddf37,c_bfbc0f46fa19,resource_card,B,2026-07-07 19:02:07
i_896e2900a9f5,c_2285894fc327,both,B,2026-07-07 19:04:09
i_dda453a9e9a5,c_5cbad38a4246,both,A,2026-07-07 19:05:26
i_0f07503e8fb6,c_3211f1f37c4f,both,B,2026-07-07 19:06:36
i_7c91fb883442,c_315130f03a9f,resource_card,B,2026-07-07 19:35:31
i_b880d1f440f8,c_ccfc008505fa,both,A,2026-07-07 19:43:00
i_824a82d88458,c_9b4b159b130c,both,A,2026-07-07 19:44:58
i_8b774d14fcb8,c_bc6253be0927,resource_card,B,2026-07-07 19:48:15
i_c52cec3d119e,c_fb27f019714b,resource_card,B,2026-07-07 19:49:27
i_0793b1707024,c_5c1c8e4316b7,resource_card,B,2026-07-07 19:57:22
i_beeac84fcf10,c_bbafa737fd37,resource_card,B,2026-07-07 19:59:20
i_948c4d288cf6,c_749723510129,both,B,2026-07-07 20:09:58
i_dde602400317,c_96567de1c337,both,B,2026-07-07 20:15:42
i_bf5bac2658d5,c_d30ff2a34729,both,B,2026-07-07 20:25:32
i_3e35ba26d305,c_8bebd7b0a0d1,resource_card,B,2026-07-07 20:40:42
i_3ac286e2b8e5,c_4bbb621f140b,resource_card,B,2026-07-07 20:40:59
i_34150f3a0c75,c_3d20d02c0b3b,resource_card,B,2026-07-07 20:52:58
i_5dfc85d44de5,c_5965f733768d,both,B,2026-07-07 20:53:26
i_b58b4d149998,c_7fd66cc8dfdc,resource_card,A,2026-07-07 21:03:10
i_975567fa747a,c_da19bc1dad9f,resource_card,B,2026-07-07 21:05:57
i_2c5edea38a75,c_fe51a2741176,resource_card,A,2026-07-07 21:07:47
i_5e587fe8253d,c_9119cd553acb,resource_card,B,2026-07-07 21:15:47
i_e64b63e06229,c_22a9186ff4b9,both,B,2026-07-07 21:38:20
i_04a51ed06c20,c_087a4d427449,resource_card,B,2026-07-07 21:40:18
i_ec21c0695f2e,c_19030f2aaf04,resource_card,A,2026-07-07 21:40:34
i_8095240471c2,c_95baccd19052,resource_card,A,2026-07-07 21:46:48
i_8853210191ff,c_0d12bef48edc,resource_card,A,2026-07-07 21:50:31
i_a876707ab187,c_115d115c623c,both,A,2026-07-07 22:05:12
i_248ff4838f53,c_40bf4df7dce0,resource_card,A,2026-07-07 22:06:36
i_5fd376af64e2,c_4a0ea6ee6e7d,resource_card,B,2026-07-07 22:06:47
i_c02bb9c7f5b5,c_723edc8e372a,resource_card,A,2026-07-07 22:11:42
i_d535b4227381,c_a2e18d79f264,both,A,2026-07-07 22:12:53
i_a950073111ac,c_3d95c67636c0,both,A,2026-07-07 22:15:49
i_0a8e050e3c0e,c_e41ad51410b0,resource_card,A,2026-07-07 22:28:07
i_2d1219cb7aaf,c_bfb807627076,resource_card,A,2026-07-07 22:45:38
i_699f40b6d878,c_2376294d7d9e,both,A,2026-07-07 22:48:42
i_d01b1b3d177d,c_af4976711ded,both,B,2026-07-07 23:02:18
i_364acbc9fead,c_76f0300b09e5,resource_card,B,2026-07-07 23:21:27
i_3a3481722a34,c_1c6e947feb0d,both,B,2026-07-07 23:40:00
i_2a9843c07ca9,c_a22812b280f7,both,B,2026-07-07 23:44:32
i_b12b19d99712,c_04231e95cdad,both,B,2026-07-07 23:48:11
i_e939b9933f35,c_bccaa2e4abdb,both,B,2026-07-08 00:11:05
i_c10adfd1e211,c_d76f3ea45a81,resource_card,B,2026-07-08 00:11:30
i_b168e26fc2bd,c_fe19186c9444,both,A,2026-07-08 00:37:37
i_5831e5e46a32,c_8c8bfb1b8b3a,both,A,2026-07-08 01:06:27
i_af32f8d73c3b,c_4e480274d0a5,resource_card,B,2026-07-08 01:14:24
i_7a262fb5ebce,c_fe8457ee2e7b,resource_card,B,2026-07-08 02:12:32
i_a98cec5740af,c_d28badb1e823,resource_card,B,2026-07-08 02:35:26
i_f4b90675b84f,c_1a374771a968,resource_card,A,2026-07-08 04:00:44
i_62d1613546c3,c_11dc31d4d381,resource_card,B,2026-07-08 05:15:17
i_4ca96f94aefb,c_813412f532c8,both,A,2026-07-08 05:39:13
i_8fb591668f07,c_65dcb14089ad,resource_card,B,2026-07-08 05:56:37
i_ed9f1ae2a475,c_317339112072,resource_card,A,2026-07-08 07:12:31
i_7900d7b548f8,c_0ee231f0fe30,both,A,2026-07-08 08:04:19
i_27f589c72289,c_cab4e6b39b8e,both,A,2026-07-08 08:12:07
i_0833bb5b5f23,c_e85497c8a870,both,A,2026-07-08 08:14:05
i_dd9369ff5000,c_17bca68e7591,both,B,2026-07-08 08:31:12
i_105b215a33fb,c_2fbd565a8c84,resource_card,A,2026-07-08 08:36:55
i_de05e92e6746,c_3ec36cd3aeab,resource_card,B,2026-07-08 09:01:30
i_76812d56bf34,c_480290f896f5,resource_card,B,2026-07-08 09:36:51
i_d0fd0e5f77f2,c_51f2e505cff0,both,A,2026-07-08 09:43:39
i_37f5504205b0,c_9110a63023b7,resource_card,B,2026-07-08 09:47:27
i_45aeeafdeec1,c_9213d1e57ca8,resource_card,A,2026-07-08 10:01:32
i_5f13eecbb328,c_d3618abaa370,resource_card,A,2026-07-08 10:08:02
i_ab4a3555718f,c_ee052c5c1f74,both,A,2026-07-08 10:19:37
i_b29c7f3dbcf3,c_fca8c1510f7f,both,B,2026-07-08 10:24:13
i_882e73f32902,c_94496a7d1665,both,B,2026-07-08 10:26:41
i_1e4ee2d855da,c_cf3afe0fcb34,both,A,2026-07-08 10:41:00
i_72defa6c51f3,c_d2bcc46b3a1d,both,B,2026-07-08 10:53:18
i_01530ec631a5,c_2564720a13f4,resource_card,A,2026-07-08 10:55:00
i_ceda25c1ec43,c_4a9130053930,resource_card,A,2026-07-08 11:01:20
i_9947db4dd6f3,c_77f1f676ec85,both,B,2026-07-08 11:04:01
i_746e3fce83de,c_a3b6f4cb70f3,both,B,2026-07-08 11:15:21
i_205fe40f2795,c_be0fd2176986,both,A,2026-07-08 11:19:23
i_a01c4fa33011,c_acfbe2069b99,both,B,2026-07-08 11:34:02
i_dfa04cd2eaf6,c_4f60abd6209c,resource_card,A,2026-07-08 11:45:09
i_515f7b7838b3,c_db443142cf71,both,B,2026-07-08 11:46:21
i_5c2e10b1be28,c_da8798a214c3,both,B,2026-07-08 11:51:39
i_dc6ecc2bb91e,c_e0eafa1ef7e7,both,B,2026-07-08 12:15:22
i_4ade9d0b50a3,c_23f1c26f14d4,both,A,2026-07-08 12:16:33
i_a78b4ef32911,c_637dfbc10e94,both,A,2026-07-08 12:38:58
i_2ed205ef896a,c_4f5a6b1376b6,both,A,2026-07-08 12:42:08
i_f93a2e9b4383,c_3048b6c8f477,both,B,2026-07-08 12:53:36
i_9064f2b626dd,c_5cdf45a3644a,resource_card,A,2026-07-08 12:56:51
i_f4039e8ecb2e,c_4d63b8c578b0,resource_card,A,2026-07-08 12:58:56
i_97173ce29347,c_6202d6de7257,resource_card,B,2026-07-08 13:10:10
i_2666efa97266,c_d319af0da765,resource_card,B,2026-07-08 13:28:06
i_9e3fc46977b0,c_45635c023497,resource_card,B,2026-07-08 13:43:30
i_cd3c6a9221c1,c_f8eacdd04a91,both,B,2026-07-08 13:49:25
i_3bba166ead55,c_88a9e24f6d95,resource_card,B,2026-07-08 13:59:25
i_19a115ef3d58,c_d50e875448d3,resource_card,B,2026-07-08 14:06:57
i_41ca9d289781,c_c1cbe9f3f9c0,both,A,2026-07-08 14:08:40
i_bc8ad9ee12c5,c_e0ebf9b87ce6,resource_card,A,2026-07-08 14:22:35
i_615aa33c9a5b,c_f3420b89300e,resource_card,A,2026-07-08 14:38:44
i_056ecd228d67,c_91be0c23cb77,resource_card,B,2026-07-08 14:41:25
i_e8efd000e566,c_6d65aa8b4b1c,resource_card,A,2026-07-08 14:45:50
i_2c9500d48754,c_8356c5641f46,resource_card,A,2026-07-08 14:46:41
i_88f49e69498e,c_73ebe484598d,resource_card,B,2026-07-08 14:48:31
i_6801a81ddccd,c_a60069b6d21c,resource_card,A,2026-07-08 14:51:14
i_efa1320446b6,c_4d57836b85dd,both,B,2026-07-08 14:54:04
i_4938c904faa8,c_38c239fe9f5a,resource_card,A,2026-07-08 14:54:33
i_cb5e9c879861,c_73193ef4015d,both,B,2026-07-08 15:12:23
i_55765c989549,c_dea8060fada6,both,A,2026-07-08 15:53:38
i_e6970d7d10d2,c_e95b898efac2,resource_card,A,2026-07-08 15:55:50
i_6576d9f9fb17,c_cca0e843b484,both,A,2026-07-08 16:11:24
i_b446f79bfdb2,c_c2badf45af98,both,A,2026-07-08 16:14:29
i_4e5abfa695b7,c_519169e9b4d5,resource_card,B,2026-07-08 16:19:16
i_6bae93041d9c,c_7b3a1ce45df9,both,B,2026-07-08 16:19:57
i_420e50d9ebbe,c_41c918bf83ab,resource_card,B,2026-07-08 16:33:28
i_38370293a2f3,c_75c1e6e65d32,resource_card,A,2026-07-08 16:38:39
i_046b6c25360e,c_a74ae82dca56,resource_card,A,2026-07-08 16:44:56
i_029d1f3f546b,c_0c3433365d14,resource_card,A,2026-07-08 16:57:58
i_375dbe9c79f1,c_6f3507f96906,both,A,2026-07-08 17:14:43
i_31fa998a50f1,c_d5e90bbca882,both,A,2026-07-08 17:24:31
i_bc3045c5101f,c_630e664ecfab,both,B,2026-07-08 17:35:15
i_5faf6e44562b,c_72a72196d20d,resource_card,B,2026-07-08 17:44:46
i_142143d69f09,c_bc111b6d8b89,resource_card,B,2026-07-08 17:46:16
i_2c5007387e17,c_77529e3a0f21,both,B,2026-07-08 17:46:22
i_04012f36b109,c_9fc9c66dcf1b,both,B,2026-07-08 18:00:31
i_8100fe01b242,c_56aa62c518ec,both,A,2026-07-08 18:05:13
i_221a7f1025d9,c_2e2a246244be,resource_card,A,2026-07-08 18:07:19
i_ee22fabc4cc9,c_01d5836b6868,resource_card,A,2026-07-08 18:10:48
i_182ec344fde6,c_eccce363d4b9,both,B,2026-07-08 18:23:45
i_4e30eff2e15b,c_4acaa8228315,both,B,2026-07-08 18:30:23
i_a53dae99e7a6,c_69b424f4af48,resource_card,A,2026-07-08 18:42:50
i_ed8f25ec47c9,c_648e10703ad1,resource_card,B,2026-07-08 18:46:12
i_0e805fa81219,c_25d4067c4e40,both,A,2026-07-08 18:51:05
i_e3ed2823f216,c_d12b2f4df8b7,resource_card,B,2026-07-08 19:07:14
i_ff1b405d099e,c_794ffcae9b3a,both,A,2026-07-08 19:07:37
i_430be5122feb,c_34fec000311d,resource_card,B,2026-07-08 19:11:52
i_eb1bed522f61,c_eba13c77b891,resource_card,B,2026-07-08 19:18:50
i_00045dd2a38d,c_a29f11796169,resource_card,B,2026-07-08 19:24:11
i_0506d1d391da,c_17ccbb71075f,resource_card,B,2026-07-08 19:35:04
i_acb22e3d5371,c_d56789757049,resource_card,B,2026-07-08 19:36:12
i_1d14bb952a54,c_e9672f8de882,resource_card,A,2026-07-08 19:46:51
i_f16625bb0363,c_61656c6de485,resource_card,B,2026-07-08 19:52:19
i_39f5adede033,c_741e4a7a0e19,both,B,2026-07-08 19:53:55
i_34df68e67436,c_112822162fa1,resource_card,B,2026-07-08 19:54:12
i_9d97df7f769e,c_c60cf6a006d8,both,A,2026-07-08 19:54:41
i_12eb29ac510c,c_a40aadb319f3,resource_card,B,2026-07-08 20:00:16
i_bf3e06e889f9,c_12dd81a88836,resource_card,A,2026-07-08 20:02:46
i_cedf8fe72863,c_35ad2b1b57f6,resource_card,A,2026-07-08 20:04:53
i_42ecc9c27574,c_e070d1b58dd5,resource_card,B,2026-07-08 20:19:05
i_6b9ac0a5fa2f,c_ac32bbf49527,resource_card,B,2026-07-08 20:33:35
i_8f89fab5b02e,c_7e69bb8724e6,resource_card,A,2026-07-08 20:36:17
i_0e8129df324c,c_5db4315acdda,resource_card,A,2026-07-08 20:37:52
i_867c6d44e0ce,c_5000d77c6391,resource_card,B,2026-07-08 20:46:21
i_a79e3637b7e9,c_d575985054ef,resource_card,B,2026-07-08 20:47:26
i_a95b90b76022,c_ca9fc462b828,resource_card,A,2026-07-08 20:54:28
i_c8f149f9fe0a,c_f0f223e17ea8,resource_card,A,2026-07-08 21:00:20
i_93f15ba65c29,c_566097337954,resource_card,A,2026-07-08 21:04:27
i_60ef60b3f162,c_4b03945362e1,resource_card,B,2026-07-08 21:07:07
i_04e22b25972f,c_5d6a65e069f2,both,A,2026-07-08 21:13:15
i_de8b05b613f3,c_c1e08cd87fce,both,A,2026-07-08 21:15:25
i_852f93bc595a,c_dd8916b7f170,both,A,2026-07-08 21:32:33
i_7624eee01d9d,c_ebc8bfacfff3,both,B,2026-07-08 21:38:16
i_ad9d5eb8bfec,c_a5e40409e23b,resource_card,B,2026-07-08 21:38:34
i_a4ea108093a7,c_d530d74e4396,both,A,2026-07-08 21:44:21
i_c5dead11760b,c_484d8f1526d7,resource_card,B,2026-07-08 21:48:22
i_58bc4435017e,c_8719f17f9378,resource_card,A,2026-07-08 21:51:59
i_c6ce4e1615a2,c_e089e5af1ff4,resource_card,A,2026-07-08 21:53:19
i_0b135d321dd8,c_d4f79d6fa628,resource_card,A,2026-07-08 21:59:33
i_7cdcbe9df999,c_f50b290b8398,both,A,2026-07-08 22:12:43
i_4d46b0474bad,c_ee5ec2d9cfd1,both,B,2026-07-08 22:22:44
i_9396651fe978,c_130f0d3e99f2,resource_card,A,2026-07-08 22:24:08
i_ed45b4c9ca60,c_0d4646e82cf3,both,B,2026-07-08 22:41:19
i_c2c48959bde1,c_2a56bcd651cc,both,A,2026-07-08 22:43:12
i_ec65f02778df,c_4c8cde537b63,resource_card,B,2026-07-08 22:46:27
i_09040f20c5a3,c_69750103ef45,resource_card,B,2026-07-08 22:50:46
i_df58b677ef0e,c_5c9b585653af,resource_card,B,2026-07-08 22:57:26
i_a67b372f6f83,c_8532a38da8d0,resource_card,A,2026-07-08 23:04:25
i_9fc837979114,c_0c46e80859a9,resource_card,B,2026-07-08 23:17:31
i_c6840da81037,c_fa7029f7f174,resource_card,A,2026-07-08 23:25:28
i_e3ce64eaac78,c_f2ed2782959d,both,B,2026-07-08 23:39:29
i_0b33f12fe8df,c_c5f51590d228,both,A,2026-07-08 23:48:59
i_525adf6559a2,c_3d61fccb445a,both,A,2026-07-08 23:48:54
i_ae6994eabc4b,c_912144640d8a,resource_card,A,2026-07-08 23:51:49
i_45e1446f809b,c_3dbd696c0dd9,both,B,2026-07-08 23:56:38
i_1aeeb237e65b,c_8192507738ed,resource_card,B,2026-07-08 23:57:25
i_45ca85d98b66,c_1639024f3eae,resource_card,A,2026-07-09 00:02:05
i_e12e02ac3f1a,c_45675f1bb1ca,resource_card,A,2026-07-09 00:20:03
i_6813fd81d23b,c_2805ad1d1c71,resource_card,B,2026-07-09 00:42:51
i_0c89631ef72d,c_2d4f5e519b4c,both,A,2026-07-09 00:54:59
i_7dc8488ac869,c_deae1779de9c,resource_card,A,2026-07-09 02:06:03
i_a2cb39747190,c_0a6a60714c1b,resource_card,B,2026-07-09 03:27:07
i_1b5af7902386,c_76d7338a2f4a,resource_card,A,2026-07-09 05:05:52
i_40907ef22838,c_12fd63df2c47,resource_card,B,2026-07-09 07:10:36
i_225425e59280,c_fe30ce0507ed,resource_card,B,2026-07-09 07:22:07
i_07ca847f62a6,c_2ed3a1b73257,resource_card,B,2026-07-09 07:22:22
i_e1c93751cf9f,c_473999207a27,both,B,2026-07-09 07:55:47
i_e06f17d73b13,c_2f020236f9ca,resource_card,A,2026-07-09 08:01:31
i_6144b7785cb4,c_90cf7dab9909,resource_card,B,2026-07-09 08:04:45
i_ab83222f4c64,c_b1c070b0a36e,resource_card,A,2026-07-09 08:14:45
i_1022730e8e43,c_433213f1f01c,both,A,2026-07-09 08:18:27
i_7229175736d5,c_512158ff1714,both,A,2026-07-09 08:28:16
i_5294a79a2e4a,c_39c41efd2bb8,resource_card,A,2026-07-09 08:42:41
i_b8b63d32dbbb,c_76d5aec3d529,resource_card,B,2026-07-09 08:43:17
i_b200b9ed825c,c_2e1fca0c25b4,resource_card,A,2026-07-09 09:08:23
i_f42afc2028e2,c_ea65d1381519,resource_card,B,2026-07-09 09:22:38
i_b8175427f6c2,c_57e36de63014,resource_card,A,2026-07-09 09:42:24
i_e873b57f1733,c_1a9c7e237da9,resource_card,B,2026-07-09 09:44:04
i_aa21229a1b9d,c_68cd25efcb40,resource_card,A,2026-07-09 09:47:05
i_22c26f53573e,c_dd0931350d23,resource_card,B,2026-07-09 10:01:02
i_382eafcca78b,c_5bda36fca8fc,resource_card,A,2026-07-09 10:08:01
i_93f43f5d7a7a,c_1717e871203e,resource_card,A,2026-07-09 10:09:17
i_ea8f145fe889,c_77cfe612e96f,resource_card,B,2026-07-09 10:09:54
i_b784e9989e93,c_3b1903a7b58e,resource_card,A,2026-07-09 10:12:37
i_77f70a7b6bba,c_039653ba60ce,both,A,2026-07-09 10:18:58
i_8ef79135ceb5,c_d46e939e2418,resource_card,A,2026-07-09 10:25:23
i_d3c07cda4cda,c_03255dae520d,resource_card,B,2026-07-09 10:32:06
i_79b72829e671,c_b6d656363b1e,resource_card,A,2026-07-09 10:43:48
i_a62895b42bc1,c_96503bd4d5f6,resource_card,A,2026-07-09 10:49:33
i_7abbe4f459c6,c_2bd93e4b7f33,resource_card,B,2026-07-09 10:50:35
i_36bd5e407886,c_ea825211d615,resource_card,B,2026-07-09 10:53:13
i_d6825b9f666d,c_25f13210f75b,resource_card,B,2026-07-09 11:09:23
i_8e6de0eb69db,c_dcdec37883e4,resource_card,A,2026-07-09 11:12:59
i_e558e28707af,c_3cc23d0686c7,both,B,2026-07-09 11:18:22
i_cccd348a27bf,c_4984144b3718,both,A,2026-07-09 11:19:18
i_8172fc555727,c_8ddd62764c81,resource_card,B,2026-07-09 11:19:22
i_702c562b111a,c_d0e928ca74a8,resource_card,A,2026-07-09 11:27:43
i_2aa154086e1e,c_2136855ae3a2,resource_card,A,2026-07-09 11:29:01
i_53786a889bac,c_658d8637482b,resource_card,B,2026-07-09 11:32:43
i_d0f6e77d4e68,c_288513d8d8dd,resource_card,B,2026-07-09 11:49:00
i_5755dd0057a3,c_cdcd672d76a0,both,A,2026-07-09 11:59:49
i_5d50c330c9b3,c_4d57be2a9e32,resource_card,A,2026-07-09 12:02:25
i_45aee876bfd7,c_a7886a92ee3b,both,B,2026-07-09 12:20:16
i_26e16193f6ab,c_c43ad018ef6c,both,A,2026-07-09 12:20:54
i_a3afc4ab929d,c_0aa44da31759,both,B,2026-07-09 12:22:15
i_8f5f2bd3978b,c_9441550a0ca2,resource_card,A,2026-07-09 12:24:38
i_075efcf54685,c_e8dbbf24def5,both,B,2026-07-09 12:44:32
i_38e7a769b6b2,c_7ffbc00047fb,resource_card,B,2026-07-09 12:54:28
i_75b9a1291089,c_0e3c0fe01908,resource_card,A,2026-07-09 12:57:08
i_2cdf3566147b,c_1cf717f263e6,resource_card,A,2026-07-09 13:02:14
i_3882b4faf57e,c_693b3baae3e9,both,B,2026-07-09 13:05:11
i_328f284b355f,c_7487b90ccb10,both,A,2026-07-09 13:11:51
i_9873b8c3a9bc,c_cfe95514154b,resource_card,B,2026-07-09 13:14:24
i_0d71fef60509,c_235cc09374e3,resource_card,B,2026-07-09 13:17:26
i_b31c9bf8793c,c_e7a6278f7e8d,resource_card,B,2026-07-09 13:25:30
i_105c9052b35a,c_783c5c19ab62,both,A,2026-07-09 13:35:59
i_d777d30aab86,c_46a768795d56,both,A,2026-07-09 13:37:06
i_aed917ca64f5,c_8fdcd4a8495d,both,B,2026-07-09 13:42:02
i_dac8cf155f2a,c_a5302dda232e,resource_card,A,2026-07-09 13:48:22
i_8e93858da4d1,c_4b0a61308ab8,resource_card,A,2026-07-09 14:08:22
i_1f14a380c1b0,c_8936128f6850,resource_card,A,2026-07-09 14:26:17
i_4d4d8ee8abe7,c_1514b0e01550,resource_card,A,2026-07-09 14:38:43
i_47d95d4b757f,c_d1a1f2a30fa0,resource_card,A,2026-07-09 14:48:02
i_67aeafb74fdd,c_00817d16ac91,both,B,2026-07-09 14:51:43
i_cdee00dab7d0,c_dd3518e99f90,both,A,2026-07-09 15:12:10
i_4ba5d8b24400,c_11a893fd5f3b,both,B,2026-07-09 15:53:53
i_ab4119300bfa,c_2beb20c1e0ce,resource_card,A,2026-07-09 15:56:41
i_3f16fe92ba32,c_42eec958fa40,resource_card,A,2026-07-09 15:59:06
i_f88e45994835,c_b25f20ab0f0b,both,B,2026-07-09 16:21:34
i_3da4bae38004,c_9835a423aa26,resource_card,A,2026-07-09 16:32:03
i_841c4bbb1db3,c_158aa0ffddfb,resource_card,B,2026-07-09 16:52:31
i_699ba050428e,c_be6950a11b8b,resource_card,B,2026-07-09 16:58:02
i_7b2f755aea16,c_b151df57bd38,both,A,2026-07-09 17:02:11
i_1f7aa1caa53b,c_215e43ba9d3f,both,B,2026-07-09 17:12:07
i_da389685f411,c_5edf8eaa45e6,resource_card,A,2026-07-09 17:17:50
i_b1cbd5489d4a,c_7929426e5fa7,resource_card,B,2026-07-09 17:27:53
i_7e33d663719c,c_99a2cd350a7b,both,B,2026-07-09 17:34:56
i_26897ea6e33a,c_7a8b33110768,resource_card,A,2026-07-09 17:47:05
i_1875b378ef21,c_70b206b3b44f,resource_card,B,2026-07-09 17:47:46
i_13134270bcf7,c_147a2559ec91,resource_card,B,2026-07-09 18:16:12
i_1b39459e7128,c_2dc84929b2e5,both,B,2026-07-09 18:26:21
i_19bf96fc8869,c_f89a4f90affc,resource_card,A,2026-07-09 18:30:07
i_969556592359,c_27a259520efd,resource_card,B,2026-07-09 18:44:17
i_b1a090bf5b0f,c_b38075241b30,resource_card,A,2026-07-09 18:52:27
i_a4a9426029e8,c_897bbdc5698a,resource_card,A,2026-07-09 18:56:53
i_2dbd4a5a7116,c_58eb22e3fae0,both,A,2026-07-09 18:58:44
i_25892b2f5e92,c_2c6d8e524213,both,B,2026-07-09 19:20:18
i_bdbe6ed799c5,c_4670f34bdf5e,resource_card,A,2026-07-09 19:23:46
i_73875dbd34f4,c_59a0a5aabf5d,resource_card,B,2026-07-09 19:24:57
i_f8c2f72e304c,c_40f8f280ea29,resource_card,B,2026-07-09 19:30:11
i_53b8537d4049,c_605c1d104c89,both,B,2026-07-09 19:30:34
i_e9771eba707e,c_265c815074a9,resource_card,B,2026-07-09 19:32:54
i_51f865fddd25,c_1d3a15b67ef8,resource_card,A,2026-07-09 19:37:56
i_8929e02204b4,c_fd6404223a83,both,B,2026-07-09 19:41:17
i_feff0b1ce1f8,c_1b8c6e68205b,both,B,2026-07-09 20:02:54
i_2ad3c3140ebe,c_6dd9903fb708,resource_card,A,2026-07-09 20:04:51
i_9d8efeade9fd,c_3f5bd74fb25c,both,A,2026-07-09 20:06:21
i_132d2f08a0d2,c_b2597d487389,resource_card,B,2026-07-09 20:11:30
i_fbddd8f7de6c,c_6a828824f8bb,resource_card,B,2026-07-09 20:11:43
i_e31d2ed1c637,c_6554de1c6962,resource_card,A,2026-07-09 20:12:46
i_a6a8d824770a,c_390f430bf85e,resource_card,A,2026-07-09 20:13:37
i_20a8940d6ff9,c_521bf386a0f6,resource_card,A,2026-07-09 20:16:44
i_c7223cbf08a4,c_c269264264f1,resource_card,B,2026-07-09 20:18:05
i_27cefc789e95,c_c01c5e84f869,both,B,2026-07-09 20:34:56
i_9977d93d2be4,c_53e69c2bc755,both,B,2026-07-09 20:37:18
i_76424c7f7f83,c_59d5294f91f0,resource_card,A,2026-07-09 21:11:13
i_b0c151f7c1f3,c_8be2fc2160a4,both,A,2026-07-09 21:28:37
i_437abd85fac8,c_72202f6d1bb7,resource_card,B,2026-07-09 21:39:02
i_2a83996391ea,c_9c52ba5f1a64,resource_card,A,2026-07-09 21:40:06
i_6c78f961f88a,c_46cbd8d08295,resource_card,B,2026-07-09 22:07:22
i_41735e42e351,c_99b1bbd3e533,both,B,2026-07-09 22:13:15
i_f25768425c35,c_f07a866895d9,resource_card,B,2026-07-09 22:13:52
i_b3f8bb4a1ff2,c_c53e0e5b6ceb,resource_card,B,2026-07-09 22:21:02
i_ab86a5eb0370,c_96f34d58dbfe,resource_card,A,2026-07-09 22:33:59
i_d62b3de5ba14,c_da041ace86af,both,B,2026-07-09 22:57:38
i_d6a80fe98a9e,c_807bf26209d0,both,A,2026-07-09 23:06:50
i_274d60cae5bd,c_a576b885bc14,resource_card,A,2026-07-09 23:25:35
i_b9f5ed6ecad2,c_ff1b69a57974,resource_card,A,2026-07-09 23:31:42
i_e8ddef35e767,c_3b30228e852d,both,B,2026-07-09 23:32:09
i_231a9a26b2e2,c_ce04381aa4af,resource_card,B,2026-07-09 23:34:51
i_766a21e40251,c_ae41a4483fa2,resource_card,A,2026-07-09 23:38:11
i_fd423dc7c9b1,c_b18801832b1f,resource_card,B,2026-07-09 23:43:38
i_d517519bd0ce,c_f001a6bcaecd,resource_card,B,2026-07-09 23:46:07
i_ccb7962643a1,c_7e98c63e34f7,resource_card,B,2026-07-10 00:33:10
i_72341d1cac43,c_4fac3d76bb65,resource_card,B,2026-07-10 00:40:34
i_3b12c35fda4e,c_432ca403c64e,resource_card,A,2026-07-10 01:13:39
i_3d04d44c7af3,c_e38a2620a260,both,A,2026-07-10 01:13:53
i_e7a623a3e13a,c_ad0ed3d2e642,resource_card,A,2026-07-10 01:57:21
i_c5564328140b,c_9957aa6919dd,resource_card,B,2026-07-10 02:13:00
i_39619115fb6b,c_201be759e34b,resource_card,B,2026-07-10 02:48:52
i_d1705d79bccc,c_87c97592218e,resource_card,A,2026-07-10 03:49:15
i_f54f508fe553,c_dd3f71854da8,resource_card,A,2026-07-10 03:54:27
i_52be828fb23e,c_a0069e67e4c8,resource_card,A,2026-07-10 04:24:09
i_36c59d1a97f9,c_d418900f79d7,resource_card,B,2026-07-10 04:51:04
i_30806e83f59b,c_4597a66ca905,resource_card,B,2026-07-10 05:28:01
i_d03c01dfba29,c_48f3726d4aa9,resource_card,B,2026-07-10 05:33:49
i_4850a49098c3,c_1bac8c2afff5,resource_card,B,2026-07-10 05:49:12
i_cd1461b4e9d0,c_59803e4c31ec,both,A,2026-07-10 06:51:06
i_01ebbe8bcd66,c_d4258d354f06,both,A,2026-07-10 07:25:23
i_c1d50c144a8a,c_d72fe2ba2bc3,both,B,2026-07-10 08:15:35
i_230800a0b7d7,c_d2e99d86ff6a,both,A,2026-07-10 08:32:09
i_e3912ef65736,c_6c31a964bbbf,resource_card,B,2026-07-10 08:49:54
i_49e3be8e0d5b,c_f14607b034cf,both,B,2026-07-10 08:57:30
i_5789be75ca59,c_786e9a0efaf3,resource_card,B,2026-07-10 09:04:42
i_878b6806a782,c_89f7040c55a7,resource_card,B,2026-07-10 09:11:10
i_97c73cc060cb,c_bcd3b4dac889,resource_card,B,2026-07-10 09:33:11
i_655adaa2dc76,c_397be831376b,resource_card,B,2026-07-10 09:44:55
i_bbde4775b0ce,c_d9332de6cd91,resource_card,B,2026-07-10 10:06:11
i_f8e0e38d55d5,c_afd88d8a3340,resource_card,A,2026-07-10 10:23:58
i_3bb158312c0c,c_8a6d5e68d7ff,both,B,2026-07-10 11:03:46
i_1e73e1e047e3,c_b5a6f683d8f3,resource_card,B,2026-07-10 11:07:47
i_6bf84e15e577,c_b2fbbe226fe2,resource_card,A,2026-07-10 11:16:46
i_5817cdd363d8,c_46176195ba0f,both,B,2026-07-10 11:38:50
i_134436ee779a,c_b858ac4f823e,resource_card,A,2026-07-10 11:49:10
i_af56d3b90b69,c_de9eb5eb42a1,both,B,2026-07-10 11:50:16
i_6dd61564ca08,c_aaf5a36427e1,both,B,2026-07-10 12:13:13
i_e52668f6164f,c_7dd5321e1427,both,B,2026-07-10 12:19:20
i_6a30f81acf8a,c_810ee0a77fe1,resource_card,B,2026-07-10 12:24:12
i_3644aa98dda3,c_d0bbdb12866e,resource_card,A,2026-07-10 12:26:01
i_374ce441ac58,c_6238592cc674,both,A,2026-07-10 12:33:35
i_c0df7ca16bc3,c_799472be6477,both,B,2026-07-10 12:57:03
i_e27aa7d8dc38,c_1ac1c51a2b2f,resource_card,B,2026-07-10 12:58:51
i_8381fdd1dc67,c_4e8afb5bcfeb,resource_card,B,2026-07-10 13:10:18
i_fecd4e34bcb7,c_b1785db20400,resource_card,A,2026-07-10 13:17:33
i_b53dde894163,c_d5967e4b623d,both,B,2026-07-10 13:45:36
i_7df66ba57106,c_708e30f82c2f,both,B,2026-07-10 13:48:09
i_cb4f51cbe1c0,c_ab4fed3b2af4,resource_card,A,2026-07-10 13:49:25
i_b4c20e9add01,c_e0fe6defbbc5,resource_card,B,2026-07-10 14:05:53
i_515b8e044df3,c_cfad05faeeef,both,B,2026-07-10 14:06:47
i_7c731e829f78,c_6df109961243,both,B,2026-07-10 14:07:42
i_fdff55c197ed,c_7cb3db08914e,resource_card,A,2026-07-10 14:12:41
i_d022b91b8cc1,c_afeebd69bd01,resource_card,B,2026-07-10 14:15:35
i_e2151ba6719d,c_699d673e8248,both,A,2026-07-10 14:16:53
i_10b45e1fb950,c_7a7760c0ff5e,both,A,2026-07-10 14:18:54
i_0f09b6f971e5,c_884970c1de2a,resource_card,A,2026-07-10 14:25:03
i_7837cbaa9f4d,c_d9a7255a6a3d,resource_card,B,2026-07-10 14:36:38
i_e21208e4552f,c_fefd0abebe7e,resource_card,A,2026-07-10 14:48:52
i_e9be9b68577e,c_6adac34c4304,both,A,2026-07-10 14:55:13
i_de0ea1decd3f,c_1a068d6c7c95,resource_card,B,2026-07-10 15:14:01
i_5c062ab6d661,c_8f861c6926e0,resource_card,A,2026-07-10 15:24:02
i_1d954357bd37,c_8992dbd0841c,resource_card,A,2026-07-10 15:32:58
i_ff9751239d0c,c_486ab592b687,resource_card,B,2026-07-10 15:33:52
i_67214c5c378e,c_a02f3bac3232,resource_card,A,2026-07-10 15:41:44
i_63f208dfa6cc,c_9e66353f4fd1,resource_card,B,2026-07-10 16:01:43
i_9f3e4759744a,c_fac18414b8c8,both,A,2026-07-10 16:07:02
i_299a63034291,c_b40936478abc,resource_card,A,2026-07-10 16:08:14
i_bee08e8a1440,c_a52a97d4dc87,resource_card,B,2026-07-10 16:12:42
i_53da01a59ea5,c_b4da5202bde0,both,A,2026-07-10 16:13:14
i_f1e960bde56d,c_2ce06a077e82,resource_card,A,2026-07-10 16:15:26
i_56bdf24c696a,c_8cfa067a9b92,both,A,2026-07-10 16:19:55
i_81dcd54150ea,c_fdc1f29006d4,resource_card,A,2026-07-10 16:34:44
i_649427c3f683,c_e510e0592101,both,B,2026-07-10 16:43:39
i_04c269417574,c_eca489df21c2,both,A,2026-07-10 16:46:40
i_b40ccc034bc8,c_2e7e36f0e148,resource_card,A,2026-07-10 16:55:14
i_591f49982bb1,c_326d6b926791,resource_card,B,2026-07-10 16:55:20
i_dbdba9b9ef04,c_4be8a6545a0f,resource_card,B,2026-07-10 16:58:33
i_20ec4ebb1278,c_5eaf498b63fb,resource_card,B,2026-07-10 17:07:03
i_79c32af21521,c_3fa0bd0a6d1e,resource_card,A,2026-07-10 17:10:02
i_525a13d9f9f0,c_aa731f79a318,resource_card,A,2026-07-10 17:17:19
i_164c577d2f4f,c_86bd27d4d330,resource_card,A,2026-07-10 17:23:05
i_52a593081f9a,c_7b20f0e07880,both,A,2026-07-10 17:25:58
i_74ef5c02e1a6,c_1747548b2a5e,both,A,2026-07-10 17:33:54
i_47efc4f448a4,c_4d9c983740da,resource_card,A,2026-07-10 17:38:56
i_b2d0293af78e,c_315bb880aab3,resource_card,B,2026-07-10 17:40:57
i_220214c1ddd4,c_d22361623388,resource_card,A,2026-07-10 17:43:32
i_488fc68b8f45,c_b3f15cb08ded,resource_card,B,2026-07-10 17:47:11
i_791a766d297a,c_1657544d2c12,resource_card,A,2026-07-10 17:56:51
i_6e2de547b9ec,c_3c65745e4e66,resource_card,A,2026-07-10 18:05:48
i_1fe4dd302d98,c_bd17a1ff0c4a,resource_card,A,2026-07-10 18:18:21
i_21de1699ccbc,c_e86ca29d2b7d,both,B,2026-07-10 18:23:55
i_d0d6f5880f48,c_b2c92c8ec3ff,resource_card,B,2026-07-10 18:34:21
i_35924de2d9a4,c_1496029730a0,both,A,2026-07-10 18:39:14
i_42aa8e89ea0d,c_5e81f6cda097,both,B,2026-07-10 18:40:34
i_0ec1ae2515e6,c_376f324a9718,resource_card,A,2026-07-10 18:44:38
i_be0146bd6b2c,c_06dde7f20fa3,resource_card,B,2026-07-10 18:45:16
i_59abe38244b1,c_63b0bb388354,both,A,2026-07-10 18:48:57
i_8f22269c6ea0,c_6958a1cf6ddf,resource_card,B,2026-07-10 18:57:11
i_097507fcc2c9,c_18ed514ce287,resource_card,B,2026-07-10 19:03:40
i_c36853d29913,c_12ac76fd2bec,resource_card,A,2026-07-10 19:16:35
i_b150c8353f85,c_6bb7833127e6,resource_card,A,2026-07-10 19:20:43
i_eb58d83b4b19,c_c7b13ab817ff,both,B,2026-07-10 19:21:03
i_150a34f39ef5,c_a49f5542bfae,resource_card,A,2026-07-10 19:32:07
i_8fd169a916ae,c_93e143fb165a,resource_card,A,2026-07-10 19:33:00
i_d9668b9a09fe,c_c7be59794a49,resource_card,B,2026-07-10 19:37:26
i_151fafe3a517,c_9856cafd9e64,both,A,2026-07-10 19:42:38
i_fdf06a45fc36,c_0a2b21e406be,both,A,2026-07-10 19:43:41
i_47c7fc169a5c,c_1c52405536c3,both,B,2026-07-10 19:45:36
i_56f29bd47e3b,c_fe5c59d15d4c,resource_card,A,2026-07-10 20:04:00
i_dd8399a940b8,c_d225f914954a,resource_card,A,2026-07-10 20:06:56
i_79b522ba5912,c_aa3c9967f7f6,resource_card,A,2026-07-10 20:07:28
i_900b1b91516f,c_0ed95795225b,resource_card,B,2026-07-10 20:20:46
i_09783200b53f,c_dc760a16209e,both,A,2026-07-10 20:22:39
i_c7e72288199e,c_53362db44b51,resource_card,B,2026-07-10 20:45:46
i_736ffe0576c9,c_d06da6583407,both,B,2026-07-10 20:46:55
i_03b6b6f79935,c_587fdaede8a8,resource_card,A,2026-07-10 20:47:10
i_19767368487a,c_6da3775d6823,resource_card,B,2026-07-10 20:49:23
i_4883364d6e8e,c_6eb54e6fbe4f,resource_card,B,2026-07-10 20:52:30
i_c59bb52a9606,c_bd51e1a8cae9,both,B,2026-07-10 20:53:40
i_9c8f72850948,c_5364378633b6,resource_card,A,2026-07-10 20:54:16
i_fd58cc318835,c_529a0f095a16,both,A,2026-07-10 21:08:48
i_842b04248141,c_8e40a2c24294,resource_card,A,2026-07-10 21:08:54
i_c17a0b165519,c_360ab16f9482,resource_card,A,2026-07-10 21:37:37
i_f8aeb2360739,c_6ea876b74227,both,B,2026-07-10 21:42:20
i_dc8195742eed,c_90fce6bc2ff6,resource_card,A,2026-07-10 21:59:55
i_6a6d98e8b723,c_63fbe8a1a7c2,both,A,2026-07-10 22:04:49
i_f4da0aab1e2c,c_240c2418ff1b,resource_card,B,2026-07-10 22:16:12
i_eb4387880f53,c_660f59c3636d,resource_card,B,2026-07-10 22:17:28
i_24dfa3bdfc98,c_6a24317ba32c,both,A,2026-07-10 22:28:52
i_b6824e781c87,c_baa93c5c8e82,resource_card,A,2026-07-10 22:29:00
i_ab439a915477,c_8d4691039dea,both,A,2026-07-10 22:32:33
i_e1fb23f544ea,c_e7162144c0e8,resource_card,A,2026-07-10 22:32:44
i_199900fee5ac,c_a2e491fa4e06,resource_card,A,2026-07-10 22:35:38
i_f048239170c4,c_aee368bc35b9,both,B,2026-07-10 22:47:45
i_4e8f9588d2a4,c_0dac3c6ba58b,both,B,2026-07-10 22:56:05
i_ad86235abca9,c_11baad9051a6,both,A,2026-07-10 22:59:05
i_7bbaa58969ae,c_c276fd5df77a,both,A,2026-07-10 23:03:07
i_e655346b536c,c_bbc44a148124,resource_card,A,2026-07-10 23:09:53
i_11e219cdffae,c_50e674d94244,resource_card,A,2026-07-10 23:12:37
i_744eef7987c6,c_20b003911138,both,A,2026-07-10 23:18:49
i_c489821eb95a,c_679323b0d3f3,both,B,2026-07-10 23:22:27
i_b33d48add3a1,c_ee50e6e7c5f1,resource_card,B,2026-07-10 23:23:16
i_923f21c5c6eb,c_f7e496dcde66,resource_card,A,2026-07-10 23:37:19
i_43c46584b3b0,c_9eb1e232a501,resource_card,B,2026-07-10 23:52:59
i_5412f0341fdd,c_1a25d5f5c77a,both,A,2026-07-11 00:06:00
i_b477be848d14,c_f53bb4ada870,both,A,2026-07-11 00:15:01
i_f44524a3256e,c_2e1df2dfb031,resource_card,B,2026-07-11 00:34:46
i_031d7ee69637,c_b675420a0e25,resource_card,B,2026-07-11 00:55:18
i_11a21d20d723,c_729ce000ad16,both,A,2026-07-11 01:09:19
i_60940b4377d1,c_8a0b7fe028f4,resource_card,A,2026-07-11 01:20:22
i_da1938e6ee6b,c_19cc8355293a,both,A,2026-07-11 01:29:56
i_9c58497bdb6b,c_bfb942114b33,resource_card,B,2026-07-11 01:29:55
i_25ca58dabb7d,c_9f49cbc361fc,resource_card,A,2026-07-11 02:02:12
i_bf1923ddfd45,c_121b175397b0,both,A,2026-07-11 02:34:10
i_579ed4511ad1,c_aa4f4dad9908,resource_card,A,2026-07-11 03:55:01
i_357d7ebc5637,c_d9518db23e88,resource_card,A,2026-07-11 04:25:58
i_b6fdfc72aabc,c_959096430aa0,resource_card,A,2026-07-11 04:37:23
i_7a44733721d6,c_b9607ac54657,resource_card,B,2026-07-11 06:40:35
i_0fad7b8620f1,c_89971e4b57ea,both,A,2026-07-11 06:57:38
i_011bc4af3112,c_b7f57d6793d8,resource_card,A,2026-07-11 07:10:37
i_219a9e42f948,c_fb002a7fa462,resource_card,A,2026-07-11 07:16:08
i_8767fe1e6fdb,c_9d9420015518,resource_card,A,2026-07-11 07:36:18
i_0a4aa61636cd,c_803cd4b5e918,both,A,2026-07-11 07:52:37
i_d965f0310121,c_faca31285c08,resource_card,A,2026-07-11 08:07:57
i_75dd60493d4e,c_7f2f4573495d,resource_card,B,2026-07-11 08:14:34
i_b950b5c2170c,c_827d047fc35a,both,A,2026-07-11 08:24:52
i_1d7e9ba9bdd9,c_db615c625f37,resource_card,B,2026-07-11 08:33:55
i_3d7f74e84393,c_c05fc2cf87bc,both,A,2026-07-11 08:47:29
i_eb50c682620f,c_c9e34fa7413e,resource_card,A,2026-07-11 08:59:03
i_40f6a0d9ddea,c_801de26655d7,resource_card,B,2026-07-11 09:24:26
i_58f9f950c44f,c_8ab6a643498d,resource_card,B,2026-07-11 09:25:42
i_2d1cc1600173,c_4db78ac2f679,both,B,2026-07-11 09:26:01
i_1f8fa88c7a98,c_4861542a1a5c,resource_card,A,2026-07-11 09:51:17
i_0f1b21f1ee75,c_f12cb839940c,resource_card,A,2026-07-11 09:59:30
i_c15105270c44,c_f01076da3ae7,resource_card,B,2026-07-11 10:06:11
i_02a91a2ce4a5,c_20bc171384e4,both,A,2026-07-11 10:29:07
i_8e0d370d118f,c_b8a9c2fc908f,both,B,2026-07-11 10:32:50
i_9eb1a1c7bbb9,c_8ccbb04718c4,both,A,2026-07-11 10:44:23
i_00f5721ea11d,c_1950c41b0823,resource_card,B,2026-07-11 10:49:32
i_efd6749a7632,c_f651276b1ab7,resource_card,B,2026-07-11 10:50:11
i_7b7543c0d6eb,c_8ef002c6bd3d,resource_card,B,2026-07-11 10:51:41
i_f3b2638ac26f,c_59a51c4902b3,both,B,2026-07-11 11:06:42
i_dc43d412b8bb,c_7638473ac6e8,resource_card,A,2026-07-11 11:29:27
i_bf691a70efdb,c_218227f39cfe,resource_card,A,2026-07-11 11:42:35
i_3c77e085dbd7,c_f252577b1e39,resource_card,B,2026-07-11 11:58:07
i_65041e400faa,c_e1a00801f673,resource_card,B,2026-07-11 12:19:35
i_fe346d5239e3,c_410142ff5a6b,resource_card,B,2026-07-11 12:23:29
i_bfdd5367f846,c_7b7000476d76,resource_card,A,2026-07-11 12:27:55
i_982ed0b95b72,c_fff248319a2b,resource_card,B,2026-07-11 12:31:32
i_fb33d5dda1f7,c_298f0234e793,resource_card,B,2026-07-11 12:31:38
i_6a64566ada74,c_2e07526027b6,resource_card,A,2026-07-11 12:31:50
i_2cb0f6ea4e68,c_6fa09285e555,resource_card,B,2026-07-11 12:59:44
i_8044761f4bcd,c_df6682448a2a,resource_card,A,2026-07-11 12:59:57
i_135f231a5e02,c_a0045967b536,both,A,2026-07-11 13:11:39
i_4b853ff74cd0,c_bb082881e440,resource_card,A,2026-07-11 13:15:44
i_d8a570533034,c_c840a6ff1257,both,B,2026-07-11 13:26:23
i_16d0980a509f,c_fad1040841c0,both,A,2026-07-11 13:55:51
i_f497975e6d39,c_d2067e613ab2,resource_card,A,2026-07-11 14:00:35
i_a9205c73339e,c_76c7538bfc37,resource_card,B,2026-07-11 14:12:45
i_67b4386be8de,c_f7e4c661d4a0,resource_card,A,2026-07-11 14:12:50
i_e59173e874c2,c_5d664c2c0a2d,resource_card,B,2026-07-11 14:49:21
i_d86bfe461c89,c_8c8bd4139b8f,resource_card,B,2026-07-11 14:49:47
i_8b4f0765ef40,c_167131d1543d,resource_card,B,2026-07-11 14:50:29
i_22a32d19ee19,c_af70d34bb6b4,both,A,2026-07-11 15:01:40
i_ba451fc59871,c_ecaefa96916e,resource_card,A,2026-07-11 15:12:12
i_d1a6c3a5b6a9,c_b8b7fac232ae,resource_card,A,2026-07-11 15:17:23
i_9a31b92fe841,c_1a88389f59aa,resource_card,A,2026-07-11 15:21:53
i_be440b79e5b2,c_b1c992b24029,both,B,2026-07-11 16:20:03
i_baafbaf3dd42,c_0436ddb1a373,resource_card,B,2026-07-11 16:20:28
i_f56bfeea1d62,c_1f33528dc947,resource_card,B,2026-07-11 16:22:05
i_24c6836e04da,c_042d1a13ad1f,resource_card,B,2026-07-11 16:27:05
i_d0b559b8cf08,c_e9931128ab30,resource_card,A,2026-07-11 16:32:16
i_677b1f7a1ce1,c_91a96b51e8cf,resource_card,B,2026-07-11 16:41:19
i_bbc87c47604e,c_4b797543dd74,both,A,2026-07-11 16:45:59
i_393e7bb8e48c,c_0d2efc7af292,resource_card,A,2026-07-11 16:47:41
i_3644620ab9b6,c_410f811ad564,resource_card,A,2026-07-11 17:17:57
i_9710e3d5cc49,c_e96cfc70b3d7,resource_card,B,2026-07-11 17:51:24
i_610fa28da3cf,c_bb6bcd0f9e3f,both,B,2026-07-11 17:54:41
i_35942b37e0a8,c_8c94187c415d,resource_card,B,2026-07-11 17:59:43
i_bc4957066f49,c_bd162c1facc2,both,A,2026-07-11 18:08:57
i_65177a9b5b59,c_7e95cd783412,resource_card,A,2026-07-11 18:33:04
i_d72aee051db7,c_3400bd2a4fcb,both,B,2026-07-11 18:57:59
i_86995b8f667b,c_8df07d90b206,resource_card,A,2026-07-11 19:01:40
i_9c1e5d5d25d5,c_89df4aeb9f16,resource_card,A,2026-07-11 19:16:59
i_c5ba4fcd65f5,c_28e8d399ac6a,resource_card,A,2026-07-11 19:24:48
i_08a27e420dc7,c_2f52362cbc8e,resource_card,A,2026-07-11 19:26:03
i_ebf633195558,c_30c0d5ba08ef,resource_card,B,2026-07-11 19:30:59
i_3ce86d5e1bb7,c_f9403b2b41a6,both,A,2026-07-11 19:34:48
i_d2fba8579a75,c_23c22bfb6b70,both,A,2026-07-11 19:47:50
i_278e1b8c0df0,c_64c714dbf9cf,both,B,2026-07-11 19:47:53
i_f8dea87b1371,c_a2e53f845db5,resource_card,B,2026-07-11 19:52:36
i_1f309050868f,c_5a30a25ee070,resource_card,A,2026-07-11 19:53:22
i_ec1212a1e2ef,c_b076453985bf,resource_card,B,2026-07-11 20:00:41
i_caafc2d81109,c_2a9ac3936866,both,A,2026-07-11 20:01:07
i_21c9beac5c66,c_67f0418d187f,both,B,2026-07-11 20:07:37
i_0c5a841798f7,c_7f650470d241,resource_card,B,2026-07-11 20:07:48
i_900c3750b42e,c_45699941455a,resource_card,A,2026-07-11 20:14:06
i_44006ac0a3d7,c_ad61e0f79c36,both,A,2026-07-11 20:17:34
i_224989796939,c_5dc51b4aff18,resource_card,A,2026-07-11 20:25:19
i_e5bba0be78a7,c_bae697698caf,both,B,2026-07-11 20:59:40
i_b0805140be49,c_c7433ad74764,resource_card,A,2026-07-11 21:09:34
i_bb9abba865a7,c_e4214c03b71b,resource_card,B,2026-07-11 21:17:25
i_fa8ab7ceaa16,c_001518464bdd,both,B,2026-07-11 21:22:56
i_1f314ca57af1,c_81eb3a23ad3f,resource_card,B,2026-07-11 21:39:26
i_737672ad2a25,c_c0272faba4e4,resource_card,A,2026-07-11 21:41:36
i_836d1d4315ae,c_29dd7862283c,both,A,2026-07-11 21:54:06
i_2d4fb8cdabce,c_fc13f89c00c4,resource_card,A,2026-07-11 22:01:51
i_343ea653b172,c_7512ab64fb5e,both,A,2026-07-11 22:02:59
i_68a99ccc1671,c_ef17e3d0d0b9,both,B,2026-07-11 22:04:19
i_edcfa255ed08,c_1de6068f0797,resource_card,B,2026-07-11 22:05:16
i_d7d30cd8fd2b,c_adb525a387b7,resource_card,B,2026-07-11 22:23:16
i_984afb7133c7,c_a6e5d0b90962,resource_card,A,2026-07-11 22:55:59
i_fa169277c261,c_0c0abaf69b85,resource_card,B,2026-07-11 22:57:18
i_e0cf1052c9fb,c_0801df5d540c,resource_card,A,2026-07-11 23:02:27
i_70bdbbe97b92,c_df4522b3edfc,resource_card,A,2026-07-11 23:04:01
i_016b9608f65e,c_f03c1194af23,resource_card,B,2026-07-11 23:44:54
i_32813a4f3a05,c_a362f227fb1e,both,A,2026-07-12 02:08:29
i_0eb879efbe01,c_ad6662f3c52c,resource_card,A,2026-07-12 02:18:38
i_4835e1868b9c,c_1349d0cc03a6,resource_card,A,2026-07-12 03:52:36
i_079f855e0f83,c_0e1ece2fe064,resource_card,A,2026-07-12 04:53:59
i_ff4c3e41c082,c_c3d698986558,resource_card,A,2026-07-12 06:09:46
i_2a4c99344835,c_630c565738d4,both,A,2026-07-12 07:24:22
i_51714a5b7784,c_2b06db136954,resource_card,A,2026-07-12 07:31:20
i_7267ffdd46c5,c_9eb638818ac2,resource_card,A,2026-07-12 07:35:24
i_33e737aab3f7,c_e87a51ca0318,both,A,2026-07-12 07:40:45
i_d2aed396e73b,c_e03353fd3281,both,B,2026-07-12 07:41:26
i_74854ef7ba36,c_7e76fc66403b,resource_card,B,2026-07-12 07:45:31
i_c7f545686760,c_d084b9e9d8bb,resource_card,B,2026-07-12 08:14:14
i_7f6ba922d975,c_55af3945df44,both,A,2026-07-12 08:38:38
i_a550333f39e0,c_4913a0ec5e77,resource_card,B,2026-07-12 09:01:05
i_a7dbb4931e3a,c_11c8d7eff83a,both,A,2026-07-12 09:01:09
i_9af3e8a55d16,c_042f7201d7f1,both,B,2026-07-12 09:16:11
i_1c69cdbf6a65,c_b5d2d85af2aa,both,A,2026-07-12 09:20:58
i_bab3ab6aeb2c,c_984f86359d96,both,A,2026-07-12 09:39:49
i_be868b32764a,c_7d91f1798273,both,B,2026-07-12 09:42:53
i_2588b4abe979,c_a11d34763e49,both,B,2026-07-12 10:01:00
i_ce9e224362ab,c_71e15b35f9e0,both,A,2026-07-12 10:22:00
i_2be76ff6fcce,c_c0eb033401ba,resource_card,A,2026-07-12 10:38:55
i_1d54d86dbafb,c_7caa2ed5f18c,both,A,2026-07-12 10:42:32
i_16ba657b58f0,c_5934312038db,resource_card,B,2026-07-12 10:58:25
i_2d4f54d5ca5f,c_77d1379f93f3,resource_card,B,2026-07-12 11:09:22
i_4523789c3ad6,c_51949fef3afe,resource_card,A,2026-07-12 11:15:21
i_e21301689aaa,c_d0dc71b68a78,resource_card,A,2026-07-12 11:36:24
i_d5f9ec15bf43,c_f17766c89cd0,resource_card,A,2026-07-12 11:52:36
i_de002c549694,c_8db4701de8ce,resource_card,A,2026-07-12 11:56:59
i_63b251e867ed,c_629286605adc,resource_card,A,2026-07-12 12:04:45
i_4862ed00dea4,c_cc2a76f6993d,both,B,2026-07-12 12:13:01
i_b951f48584fa,c_6bf84e18943d,resource_card,B,2026-07-12 12:18:10
i_0e7b315d7f6e,c_a5f2171376a7,resource_card,B,2026-07-12 12:20:56
i_c02fd6d77c14,c_edd8180e05e6,both,A,2026-07-12 12:28:37
i_7a9bfb15928a,c_31cd94f78118,both,A,2026-07-12 12:52:31
i_d4594541228f,c_f5f9e9e89712,resource_card,A,2026-07-12 13:04:00
i_2a7f0b46f3d0,c_d1f1f2229cd0,resource_card,A,2026-07-12 13:22:27
i_3774eb4ad29d,c_8df8755c8e3b,resource_card,B,2026-07-12 14:11:08
i_f26bacec6bbc,c_e2470e618b31,resource_card,B,2026-07-12 14:29:13
i_202a5160fbfa,c_141c23e9fd7c,resource_card,A,2026-07-12 14:29:25
i_f96b020abea0,c_6fb5efd80b3a,resource_card,A,2026-07-12 15:20:27
i_a6b5b3ad8d48,c_3686459034af,both,B,2026-07-12 15:41:32
i_dbdeb899b042,c_a54e58e1fa57,resource_card,B,2026-07-12 16:06:56
i_2de2c1cc2581,c_bf56fdce3b74,both,A,2026-07-12 16:13:04
i_0d806699dd4a,c_cd079b07e446,resource_card,A,2026-07-12 16:21:41
i_4685076fa9cd,c_5471a7f2c7c6,resource_card,A,2026-07-12 16:25:20
i_f53a2258fda9,c_8c177392e682,resource_card,A,2026-07-12 16:25:29
i_629c1ba66fbd,c_1b91cd0a5fd9,resource_card,B,2026-07-12 16:45:40
i_93f6187a3c8d,c_f95624faea65,both,B,2026-07-12 16:52:55
i_fb8505efc7d5,c_2770522958fa,resource_card,A,2026-07-12 17:27:09
i_1bff56a46e9c,c_840e92bdef6c,resource_card,A,2026-07-12 17:35:21
i_aa3f1394d805,c_c8b1e5f2f601,both,B,2026-07-12 17:38:49
i_bb5ca978a1e0,c_8a5eecfeacfe,both,A,2026-07-12 17:56:55
i_13cd7e55fa0f,c_c9a6b795315f,resource_card,B,2026-07-12 18:03:37
i_17cd6a2497ac,c_9288b1277c62,resource_card,A,2026-07-12 18:44:03
i_200508df8f70,c_e22923e1862f,both,B,2026-07-12 18:46:15
i_2d4670b9a8b0,c_0e11af64599a,resource_card,A,2026-07-12 18:50:08
i_3c9add9d5d4c,c_08b16a5b1b59,resource_card,B,2026-07-12 18:55:37
i_5ef5984aa6f3,c_28ac7ab21e8b,both,B,2026-07-12 19:00:59
i_ff15281cdac6,c_94972cf85eda,both,A,2026-07-12 19:04:36
i_11619e986842,c_f54620ff4a62,resource_card,A,2026-07-12 19:05:30
i_1b47b6bd66e7,c_793f5cf99c36,both,A,2026-07-12 19:05:28
i_a0c5586a5849,c_565d6ba8a1a3,both,B,2026-07-12 19:08:44
i_be0f71bbebc0,c_225f30c26a35,both,B,2026-07-12 19:27:01
i_16a528cc3aa2,c_6160de13d504,both,A,2026-07-12 19:28:14
i_eda1b79a66ff,c_f19e288bca9d,resource_card,B,2026-07-12 19:55:26
i_e6364f424aed,c_d9aac676ddff,both,B,2026-07-12 19:58:39
i_51ef9f3a1a6f,c_9f5d7cf0a7ca,resource_card,A,2026-07-12 20:02:37
i_6c4a2c107ce2,c_04d2a86263ba,resource_card,A,2026-07-12 20:11:32
i_b9747bb654f8,c_adadd0b94293,resource_card,B,2026-07-12 20:30:15
i_ecdb528c9482,c_d74f9e33e8a8,resource_card,A,2026-07-12 20:33:04
i_cdea777ea0d1,c_7c4e19bff5c4,resource_card,A,2026-07-12 20:36:25
i_1f52145080ed,c_b3f8fd67a230,both,A,2026-07-12 20:37:46
i_7569b231fb89,c_4f0f41a1cb15,resource_card,B,2026-07-12 20:51:01
i_09d85148510f,c_0839d813cc7c,resource_card,A,2026-07-12 21:00:16
i_e6b1e6d89137,c_1fe64f2b6f2e,resource_card,A,2026-07-12 21:53:40
i_2a802c6d8f99,c_e7341ad1f906,resource_card,A,2026-07-12 22:00:16
i_cc00a6b1ee68,c_388790b390a1,resource_card,B,2026-07-12 22:11:25
i_fd4930877731,c_2f7914643c50,both,A,2026-07-12 22:12:52
i_d53838d9d2bf,c_44a37ff2b494,resource_card,A,2026-07-12 22:16:48
i_c236c4f88bc7,c_55d2c9e70654,resource_card,A,2026-07-12 22:59:59
i_670b6f8c1d09,c_54c83b9d3c73,resource_card,B,2026-07-12 23:10:46
i_8d39a2c0f0cd,c_53e120829d7c,both,A,2026-07-12 23:40:51
i_1435cb237c08,c_12ca1681f531,both,B,2026-07-12 23:55:00
i_23588c9b9595,c_7d3c0143116b,resource_card,B,2026-07-12 23:57:39
i_9f2802839927,c_b3b05104dab6,both,A,2026-07-13 00:04:38
i_f6d623a0b36c,c_67cb0c354bd8,resource_card,A,2026-07-13 00:10:48
i_b0ba8c2cbc63,c_ab79e88b1929,both,B,2026-07-13 00:24:26
i_13a319fa85b5,c_e352add1feda,resource_card,A,2026-07-13 00:30:34
i_e11ba73e8851,c_ea48abcbd1f9,resource_card,B,2026-07-13 00:46:49
i_52da76584c7d,c_40def183896a,resource_card,A,2026-07-13 00:52:28
i_2d9bde2e0558,c_5cbe44026bf7,both,B,2026-07-13 01:04:06
i_cef94cad7fb4,c_f2c05eeb5201,both,B,2026-07-13 01:04:16
i_8529940956ef,c_1a8a4f565813,resource_card,B,2026-07-13 01:33:38
i_b66cec1bd4d3,c_be20e598b2d0,resource_card,A,2026-07-13 01:51:10
i_a8a1b01a610a,c_364b322ca574,resource_card,A,2026-07-13 02:42:33
i_1f7894c90908,c_f4752e6f1575,both,B,2026-07-13 05:48:04
i_7e9f19d73871,c_0f6bdce3eb47,both,B,2026-07-13 06:07:28
i_5b7e3d323187,c_bf19d1a0248d,both,B,2026-07-13 06:37:14
i_8b7a706d0e6b,c_2f87bce98314,resource_card,A,2026-07-13 06:50:56
i_8397fbcb5264,c_a5199e48c5aa,resource_card,A,2026-07-13 07:20:39
i_a9cfa43584dc,c_e78d7075c82a,both,A,2026-07-13 07:40:58
i_b102aee85ee4,c_d2f047180e70,resource_card,A,2026-07-13 07:48:28
i_e8afe473665e,c_cb941eb7f2d6,resource_card,A,2026-07-13 08:19:04
i_8e74278b77f0,c_9e15e58dfdfa,both,A,2026-07-13 08:30:08
i_fafc8e5316ca,c_d798ccff22c1,resource_card,B,2026-07-13 08:41:45
i_5c7443e2844c,c_c1f1a3d98894,resource_card,A,2026-07-13 09:13:31
i_c22fea1fafa5,c_8632b3b14de9,resource_card,B,2026-07-13 09:17:13
i_2f8d104d73d6,c_e27f4534b424,both,A,2026-07-13 09:39:08
i_f9cd4acdfe13,c_5dd925cb81de,both,A,2026-07-13 09:39:38
i_509db3ca9e6e,c_d0de0e963d55,resource_card,B,2026-07-13 09:52:56
i_fee13d7feef1,c_d4e548c2835f,resource_card,B,2026-07-13 10:08:06
i_286cefc2614b,c_8aa9320cd7d0,resource_card,A,2026-07-13 10:15:38
i_ad5158caabee,c_2abdb796ca2c,both,A,2026-07-13 10:37:25
i_fbc27395d3f3,c_1060dc06715c,both,A,2026-07-13 10:42:22
i_2039a5435d37,c_cf7d3027fd6f,resource_card,B,2026-07-13 10:45:40
i_46b33984db0b,c_968737cf7ff0,resource_card,A,2026-07-13 10:48:28
i_1d14c342481e,c_de9443b54188,resource_card,A,2026-07-13 10:50:33
i_2f2b9448a064,c_ee8a9d2b11c7,both,B,2026-07-13 10:57:12
i_76d5e9408227,c_ce8952163fd0,resource_card,A,2026-07-13 11:09:21
i_d8d397760a31,c_958ff88b0d3a,both,A,2026-07-13 11:13:32
i_5aff77026bb4,c_dd7d2e6d3ffb,both,B,2026-07-13 11:15:14
i_9675aad94692,c_06f622c2e3d7,resource_card,B,2026-07-13 11:34:19
i_dd8e301a1cd4,c_57c2931b88cf,both,B,2026-07-13 11:55:35
i_460e4a01bc0b,c_43765e0c3d69,both,B,2026-07-13 11:56:43
i_11e6988a996a,c_54d1a18863ce,resource_card,A,2026-07-13 12:25:05
i_6cde6bf5ae9a,c_c811adc0b69d,both,B,2026-07-13 12:38:30
i_ce3f1213ce1d,c_b7ed73816938,resource_card,A,2026-07-13 12:42:31
i_20384f82f1d6,c_a06701dd2b55,resource_card,B,2026-07-13 12:45:57
i_6b0d200125ab,c_1423b52d5b77,both,B,2026-07-13 12:48:27
i_a48be83a0f19,c_e6d129924399,resource_card,B,2026-07-13 12:51:06
i_845db863db64,c_45b8e92fad90,resource_card,A,2026-07-13 12:54:09
i_9a23ab0ca354,c_4499e054f9f3,resource_card,B,2026-07-13 12:54:59
i_9e464eee46d6,c_9d7fc5a816c2,resource_card,A,2026-07-13 12:55:01
i_241b41e31c02,c_ddd952665af1,resource_card,B,2026-07-13 13:15:24
i_a35e3c1d4ff9,c_d6851751e2cd,resource_card,B,2026-07-13 13:21:16
i_7b50b44e1404,c_36fb480ba8a7,resource_card,B,2026-07-13 13:22:14
i_2e1d20ae8eb3,c_59387acb2c87,resource_card,B,2026-07-13 13:34:05
i_42592ac1789d,c_dd9052e03873,resource_card,B,2026-07-13 14:03:40
i_00411d2ced03,c_f29e0a877a99,resource_card,B,2026-07-13 14:04:35
i_f59df1502a9c,c_f83e33d9de8a,both,A,2026-07-13 14:07:21
i_b54d30d45dbf,c_d3d37b168583,resource_card,B,2026-07-13 14:15:58
i_59d17c74c075,c_c0f91b631920,both,A,2026-07-13 14:37:36
i_0433dcf99468,c_915512b73cb6,both,A,2026-07-13 14:38:41
i_f564cf7d7576,c_6e184b47dd11,both,B,2026-07-13 14:41:29
i_8ab7517ce878,c_e9330727166c,resource_card,A,2026-07-13 14:47:40
i_fa039fa6065c,c_64501f805896,both,A,2026-07-13 14:55:59
i_f5e88df6c766,c_edb0660592c4,resource_card,A,2026-07-13 14:58:10
i_a87c6a502764,c_3322b328bccb,both,B,2026-07-13 15:08:43
i_69e739886758,c_2629c411fb15,both,B,2026-07-13 15:12:09
i_24da7c400ec2,c_9b1b9356d0d3,both,B,2026-07-13 15:27:09
i_08910a12e274,c_b692aed765c4,both,A,2026-07-13 15:35:31
i_8b9e492900c1,c_7387baec00c1,resource_card,B,2026-07-13 15:40:41
i_605428390a65,c_16c3d04212b4,resource_card,A,2026-07-13 15:57:53
i_f92b9c9f0b95,c_f5dd7f113bec,resource_card,A,2026-07-13 16:35:39
i_3a5306167d98,c_f3dc57e57258,both,A,2026-07-13 16:35:54
i_74eb7057f0be,c_2fcf0f36235e,both,A,2026-07-13 16:36:37
i_4ca944fcf565,c_4a3094ecd577,resource_card,B,2026-07-13 16:43:37
i_04144fc74486,c_265890fb64bb,resource_card,B,2026-07-13 16:50:37
i_3de88a308d4c,c_173ffe3601fe,resource_card,A,2026-07-13 16:50:53
i_c953a516f4fa,c_504f62171335,resource_card,B,2026-07-13 16:51:52
i_f74047af8d37,c_e638c900f00e,resource_card,A,2026-07-13 17:04:56
i_af6e717978e3,c_a4551da61a47,resource_card,B,2026-07-13 17:13:36
i_ed0eb962f0fa,c_7abd19bdebda,resource_card,A,2026-07-13 17:14:21
i_d7a32da8c7cf,c_75ecd06d2ddd,resource_card,B,2026-07-13 17:15:40
i_b74f4387467c,c_9050c7a8f4ee,resource_card,A,2026-07-13 17:21:11
i_c7b8af326e0a,c_8e4d7c20e3c0,both,A,2026-07-13 17:25:00
i_b879c4b47f0b,c_a768fa70ffe7,resource_card,B,2026-07-13 17:31:43
i_e602033402a4,c_25ebb94a4f05,resource_card,B,2026-07-13 17:37:35
i_417c9c1efe7c,c_b4498a4583bc,resource_card,A,2026-07-13 17:48:42
i_c74f77bea162,c_fe4719f88f35,both,B,2026-07-13 17:49:52
i_00fd84b1c602,c_2af3ab771bac,resource_card,A,2026-07-13 17:51:45
i_f9ebb46c2328,c_b0d11e0d64de,resource_card,A,2026-07-13 17:56:45
i_3eda455a6b55,c_90fc65bc892c,resource_card,A,2026-07-13 18:01:41
i_efe6b20a3228,c_26fcd8223b05,both,B,2026-07-13 18:06:46
i_9dd37e269421,c_faadcff0e47f,resource_card,B,2026-07-13 18:15:47
i_614addcf44ed,c_78ada98fcbf4,both,A,2026-07-13 18:17:27
i_e2565644b0f9,c_221507a8c665,resource_card,B,2026-07-13 18:21:56
i_5a001abe089e,c_b1bcb8493aac,both,A,2026-07-13 18:22:24
i_944aa9b44f1c,c_0a2dfb44f377,both,B,2026-07-13 18:39:15
i_fd218cd972d8,c_8f9f8cc7e136,both,A,2026-07-13 18:43:27
i_410da24f935a,c_27c6961c83d4,resource_card,A,2026-07-13 18:51:28
i_f4d80c5e1e6b,c_3196c78425f7,resource_card,B,2026-07-13 18:58:49
i_df68ac909961,c_277b24f314c4,resource_card,A,2026-07-13 19:04:43
i_c31a7d1d64ef,c_47022ec278ba,resource_card,A,2026-07-13 19:06:51
i_80930d035b35,c_f64e6540b204,resource_card,A,2026-07-13 19:07:42
i_aa1dbbaa56d3,c_66b39b2eeee6,resource_card,A,2026-07-13 19:08:57
i_8110213889eb,c_144e82942e0c,both,A,2026-07-13 19:28:46
i_45d6d91177be,c_bb1e9e3a24fe,resource_card,A,2026-07-13 19:30:53
i_5f1688245cdb,c_a5f1bd80ac1a,resource_card,A,2026-07-13 19:36:40
i_91cf23d5c93c,c_4c933cad8340,both,A,2026-07-13 19:46:47
i_5bc97f23196c,c_0362b74cc3be,resource_card,A,2026-07-13 19:57:33
i_a4c0890acd95,c_303e54926fc9,both,B,2026-07-13 20:02:59
i_247ac3cf2918,c_2dadf54fb7d5,resource_card,B,2026-07-13 20:04:58
i_024700d04133,c_279e12a9922c,resource_card,A,2026-07-13 20:11:43
i_4b33997ba815,c_a9fff3c38750,both,A,2026-07-13 20:14:07
i_31f578883699,c_a49f97f65a4a,resource_card,A,2026-07-13 20:18:06
i_498a28e53916,c_fa2f5a48eb6d,both,B,2026-07-13 20:31:42
i_f40cad1a9cf9,c_87cfaaf6eb69,resource_card,B,2026-07-13 20:41:51
i_d3b7d3204946,c_f210d36d1305,resource_card,B,2026-07-13 20:58:30
i_66dd3f62591c,c_e7c4ad023ac4,resource_card,A,2026-07-13 21:00:44
i_621d781c6a73,c_e3b2d674f005,resource_card,B,2026-07-13 21:06:58
i_6266b4941b19,c_fca09815fe6c,resource_card,A,2026-07-13 21:11:25
i_1f30ad2b6092,c_565d4a2c882f,resource_card,B,2026-07-13 21:16:15
i_2c73356baef1,c_bbc3fa777dfd,both,B,2026-07-13 21:38:34
i_116bcb189366,c_c9fe8bcbbd8c,resource_card,A,2026-07-13 21:40:20
i_ec68ed7aa450,c_555e9281033b,resource_card,B,2026-07-13 21:42:39
i_b6102037850f,c_8f8932700c38,both,A,2026-07-13 21:45:01
i_4dedfae6a17b,c_f3643cb1214d,resource_card,B,2026-07-13 21:50:07
i_6989f446cdbe,c_df84a4027f29,resource_card,B,2026-07-13 22:03:16
i_05373c8d0cf8,c_6c32fea0b63d,both,B,2026-07-13 22:10:52
i_75f5df40e81d,c_35d1312ddc60,resource_card,A,2026-07-13 22:15:21
i_15bf8d3d3021,c_4432901d584b,both,B,2026-07-13 22:17:09
i_e3c70662685b,c_2d0785cd1179,both,B,2026-07-13 22:26:49
i_badab5ec8877,c_007cf1689089,resource_card,B,2026-07-13 22:36:03
i_b9959796ab2b,c_c4d849995d4d,resource_card,B,2026-07-13 22:39:59
i_2aea28ff226f,c_14405ec25c03,resource_card,B,2026-07-13 22:44:49
i_56678a091162,c_86eabb1411c1,resource_card,B,2026-07-13 23:20:21
i_d278ce17fee9,c_2adf474c79bb,resource_card,B,2026-07-13 23:25:35
i_ae09bf2a5714,c_8fee76cba6e8,both,A,2026-07-13 23:28:37
i_f747a8476f22,c_77a0628dbe25,resource_card,B,2026-07-13 23:46:54
i_955e39005e65,c_49bcf0370418,resource_card,A,2026-07-14 00:07:58
i_5f1c5d199c2f,c_aff4d3729254,resource_card,A,2026-07-14 00:19:58
i_17c1dcb9c3f3,c_387af0d08c6f,resource_card,B,2026-07-14 00:25:04
i_d787d34f018b,c_16fc90e2c657,resource_card,B,2026-07-14 00:51:10
i_e430821162cb,c_28dbe66bafa5,both,B,2026-07-14 00:55:44
i_e366dd610c06,c_18f63ad3fbf8,resource_card,A,2026-07-14 01:51:43
i_43645154bdb4,c_ff5ca6f6fc2e,resource_card,A,2026-07-14 02:42:21
i_c103e2b33921,c_4cc0f42f84b2,resource_card,A,2026-07-14 03:22:45
i_8a3d2d0cf6c2,c_d55f3b399ec2,resource_card,A,2026-07-14 03:58:35
i_de7dbeede9f1,c_9134b62a9367,resource_card,B,2026-07-14 04:21:42
i_5c9f9a120125,c_5a4845a2da6b,resource_card,B,2026-07-14 04:49:54
i_d4e79fce82e3,c_3e4f965548c3,resource_card,B,2026-07-14 05:45:22
i_fb60e5b8dfa2,c_40b30ab79e68,resource_card,A,2026-07-14 06:05:39
i_70ce713f0bfe,c_72fa5264fd6b,resource_card,B,2026-07-14 06:13:07
i_2eb003b39ff4,c_e38d2bfabb6a,resource_card,A,2026-07-14 07:07:37
i_7c53ce371110,c_13c7868ed7d2,both,A,2026-07-14 07:17:18
i_2f5be052dd81,c_169c601d5555,resource_card,B,2026-07-14 07:23:57
i_d0e69706d1b7,c_6605a0b00fcc,resource_card,A,2026-07-14 07:58:11
i_98ec2182da98,c_3416718c6cc7,resource_card,B,2026-07-14 08:21:56
i_33631c055bdb,c_096c19b495b0,both,A,2026-07-14 08:21:55
i_a2fd1d8c46e5,c_70984e1be181,both,B,2026-07-14 08:38:46
i_e64c26214eed,c_6b5be4868d1b,both,B,2026-07-14 08:39:54
i_87a69e26bee5,c_93bfdb931b1c,both,A,2026-07-14 08:39:57
i_86238ad1ca24,c_ba656bf5d600,resource_card,A,2026-07-14 08:43:08
i_89359d2fc72f,c_d8dd2d8f598a,resource_card,A,2026-07-14 08:50:30
i_9c935037812e,c_3a1b26d5ce1e,both,A,2026-07-14 08:50:42
i_b62fea91ef4d,c_a63392fffc85,resource_card,B,2026-07-14 08:57:13
i_fef208823873,c_150c1db0d0e5,both,B,2026-07-14 09:01:18
i_67dd0f8c94b5,c_3a57facbe10c,resource_card,A,2026-07-14 09:18:42
i_ff4a968096ce,c_727a2c7224fd,resource_card,B,2026-07-14 09:45:23
i_07a173983024,c_af2e7c740bfe,resource_card,A,2026-07-14 09:45:54
i_a552300632d6,c_72f9cddc2d62,both,A,2026-07-14 09:47:17
i_d1478ea45420,c_48a35ee19897,resource_card,B,2026-07-14 10:05:12
i_060201454374,c_4e7afd7879c2,resource_card,A,2026-07-14 10:10:33
i_c137e13c3b63,c_ce5b3c64684c,resource_card,A,2026-07-14 10:26:45
i_6f1b71b95960,c_dd7c54cbf148,resource_card,A,2026-07-14 10:27:33
i_9545bf11b2e1,c_9f6a145c9d9c,both,A,2026-07-14 10:32:04
i_24b8a3880e3a,c_34298b3d7877,resource_card,B,2026-07-14 10:51:34
i_9bb2141baa0a,c_9a017a18f249,both,B,2026-07-14 10:51:32
i_76c9a41dac0e,c_0a8b324580f6,resource_card,A,2026-07-14 10:57:54
i_4b691b417d71,c_c37fd84f162c,resource_card,A,2026-07-14 11:04:10
i_18236ac9a778,c_ff74b8182728,both,A,2026-07-14 11:23:38
i_68e673286088,c_cebfcf698ce1,resource_card,B,2026-07-14 11:53:06
i_8b33b7bcbfff,c_e64cf2858c4a,resource_card,A,2026-07-14 12:00:38
i_cbd5e8d31df4,c_ce0c7f77bc76,both,A,2026-07-14 12:11:23
i_c477672c5aea,c_0998d0a381cb,resource_card,B,2026-07-14 12:19:22
i_80b64baa3003,c_6d9ace2d13c0,resource_card,A,2026-07-14 12:21:57
i_7aab22306325,c_670379fb90ff,resource_card,B,2026-07-14 12:22:02
i_467d7fd2326d,c_ac552f75f4c1,both,B,2026-07-14 12:23:16
i_3a3970a501f3,c_7305afee066a,resource_card,A,2026-07-14 12:31:32
i_3a3f7ed860d8,c_1c744663831b,resource_card,B,2026-07-14 12:32:13
i_4ee0e0a1e9d4,c_3e6c299b542b,resource_card,B,2026-07-14 12:32:30
i_1eaa58423490,c_20bf066a29bd,resource_card,B,2026-07-14 12:38:35
i_39bef1613aaf,c_f35017036303,both,B,2026-07-14 12:40:15
i_0429aea95ec6,c_6af953d00a5a,resource_card,A,2026-07-14 12:42:11
i_88021d13996d,c_5daaeaa6b6f4,resource_card,A,2026-07-14 13:14:26
i_e4d350a9f159,c_46731c0dd851,resource_card,B,2026-07-14 13:18:19
i_a7b8916535b8,c_c71ee3eabfc6,both,A,2026-07-14 13:30:25
i_395285ba9f5f,c_72810500139d,resource_card,B,2026-07-14 13:31:15
i_f1f635f11bae,c_f4e65703c363,both,B,2026-07-14 13:48:40
i_9c70bfebbea3,c_1dfb3056a01d,both,B,2026-07-14 13:57:52
i_a496f1a0bb8c,c_d5d3de450491,resource_card,B,2026-07-14 13:58:33
i_6a20ed1ce718,c_d47047ced53b,both,B,2026-07-14 13:59:26
i_a541e4c0e4b7,c_231d0227a9ca,resource_card,A,2026-07-14 14:01:17
i_abf818343e27,c_a6621e0b8322,resource_card,A,2026-07-14 14:25:05
i_f4e4caaf4103,c_1483d02bd647,resource_card,B,2026-07-14 14:25:21
i_5cc87661eaf0,c_5ef890f7e68e,resource_card,A,2026-07-14 14:41:10
i_56468a46dffe,c_29a05324f8c0,resource_card,A,2026-07-14 15:07:37
i_7cb891f8e2ae,c_6d60a6c60f79,resource_card,B,2026-07-14 15:10:40
i_114a05840275,c_1789f3cd8491,resource_card,B,2026-07-14 15:15:45
i_8e92c4d7ef47,c_27374432baa4,both,A,2026-07-14 15:27:15
i_2a3b116d1bfe,c_81691d53e9fd,resource_card,B,2026-07-14 15:45:16
i_1a83d66a08c1,c_89622993dcee,both,A,2026-07-14 15:57:12
i_30e0ecbbd030,c_e7c3167601da,both,A,2026-07-14 15:57:11
i_e5bff7c145be,c_39ab758f4972,both,A,2026-07-14 16:04:11
i_7c6b85e02034,c_48ed623cff0e,resource_card,A,2026-07-14 16:36:47
i_382965927737,c_5c41c0efa924,resource_card,A,2026-07-14 16:48:34
i_6c4d4904529c,c_bd5d4e04b250,resource_card,A,2026-07-14 17:03:19
i_50eae745f438,c_9438564da93e,resource_card,A,2026-07-14 17:07:05
i_29fbeb01a645,c_9c1b62dabc57,resource_card,B,2026-07-14 17:14:16
i_89dfd872033d,c_0b4c2089bc25,resource_card,B,2026-07-14 17:20:46
i_1a1c8cf80427,c_4a58521c7e06,resource_card,A,2026-07-14 17:25:03
i_2d59b6e15eae,c_eb1bd8a8feec,resource_card,A,2026-07-14 17:32:30
i_a3ed35282452,c_0f7e8b3cbfa1,both,B,2026-07-14 17:49:33
i_2d5771f4e93b,c_db9bbd907993,resource_card,B,2026-07-14 17:56:16
i_71952b512493,c_51f8a92eb916,resource_card,A,2026-07-14 17:56:18
i_8dd9654e2940,c_4a58289ec018,both,A,2026-07-14 18:10:48
i_0fc576876f94,c_ba868a813fe0,both,A,2026-07-14 18:23:09
i_7d9d79ab6c1f,c_7afadc68ca6f,resource_card,B,2026-07-14 18:26:40
i_4b8284385fcc,c_6b92c85f8ff2,resource_card,A,2026-07-14 18:51:11
i_3f81f5e6a7ba,c_553b9856de43,resource_card,B,2026-07-14 19:03:09
i_4f46285c95f3,c_5d4d65d866cc,resource_card,A,2026-07-14 19:08:03
i_9b5e2566fc15,c_3d6dd2952916,both,A,2026-07-14 19:10:27
i_d35db0addf71,c_f6928270b833,resource_card,B,2026-07-14 19:12:33
i_be9b0d5c1552,c_ecc50d5d05b6,resource_card,A,2026-07-14 19:19:12
i_eba1601f40c6,c_3e72a8c46cd2,resource_card,A,2026-07-14 19:30:04
i_fdd115c3ab80,c_9d07de0eb955,resource_card,B,2026-07-14 19:38:09
i_16e6732ad3ac,c_a553c7455f8a,resource_card,A,2026-07-14 19:44:21
i_7d7e06b138e4,c_405814a3a49d,both,B,2026-07-14 20:01:26
i_72b6a0f45c78,c_67d1e8222c03,both,B,2026-07-14 20:05:47
i_84d45d58d7ba,c_ecf979039457,resource_card,B,2026-07-14 20:21:26
i_f7280d6c259f,c_2f81a535db95,resource_card,B,2026-07-14 20:24:30
i_512b0eb28ec6,c_016d52fd4b1c,resource_card,A,2026-07-14 20:31:14
i_e7f99b985572,c_c7255f0e9603,resource_card,B,2026-07-14 20:37:18
i_a2d919c448ee,c_5712dc8cbbcb,resource_card,B,2026-07-14 20:42:52
i_f48ed9213e3a,c_78144d7b846e,resource_card,A,2026-07-14 20:53:00
i_021ff37fac89,c_43c25ed6f287,resource_card,B,2026-07-14 20:53:39
i_10d366c3ae09,c_7c2403a08eff,resource_card,B,2026-07-14 20:54:25
i_57d2228a4764,c_d2ca8948b9a6,resource_card,A,2026-07-14 20:57:10
i_17dbd8063a00,c_e5718c589b01,both,B,2026-07-14 20:59:08
i_872128b185fd,c_35ccbd75f890,resource_card,A,2026-07-14 21:19:27
i_db5bdcf728f3,c_de3a688fe9e9,both,B,2026-07-14 21:25:44
i_60cb84784a58,c_9b21ada0a4d5,resource_card,B,2026-07-14 21:28:20
i_93281b25e91b,c_9f8c39c4f371,resource_card,B,2026-07-14 21:57:04
i_9ceee585e10b,c_76dc80e08fea,both,A,2026-07-14 22:05:56
i_00e619975493,c_f5dc4def654f,both,B,2026-07-14 22:14:42
i_8070c9d70ca2,c_548f4e8dddbf,resource_card,B,2026-07-14 22:15:04
i_47328fe2ce6f,c_e3287174a8cd,both,B,2026-07-14 22:18:30
i_b714aecba14e,c_1d6d264a08cb,both,B,2026-07-14 22:19:01
i_2729f7f4ff10,c_00ed4a919eb9,resource_card,B,2026-07-14 22:19:15
i_aa9c4917643c,c_4555aca999e8,resource_card,A,2026-07-14 22:24:03
i_0ca98926ba32,c_1cc54c597a7d,resource_card,B,2026-07-14 22:25:21
i_a65d6f0402a5,c_2f49cae45635,both,B,2026-07-14 22:42:50
i_8041d2cf3f8f,c_20783340b07b,both,B,2026-07-14 22:48:29
i_de52a7f7e309,c_48f1e8a0350c,both,A,2026-07-14 22:55:58
i_a23011f82146,c_5b7c6bb83c50,resource_card,A,2026-07-14 22:58:45
i_0e4035aa147b,c_ae99295098ae,both,A,2026-07-14 23:01:29
i_0c33d35839ee,c_05f8e885cc3f,resource_card,B,2026-07-14 23:02:26
i_0ddeab9d1c09,c_6afe97168d63,both,B,2026-07-14 23:09:56
i_01dda5711d86,c_7d9a9a186d98,resource_card,A,2026-07-14 23:33:39
i_27a974b5e3cf,c_520f536ca597,both,B,2026-07-14 23:34:20
i_3d001238613d,c_ca3dceb866e5,resource_card,B,2026-07-14 23:44:03
i_ff6e7bb7a02a,c_24f8f71d3101,resource_card,B,2026-07-14 23:58:44
i_9d5e28c40fa9,c_894e1f83afba,resource_card,A,2026-07-14 23:59:48
i_fef2f943ffeb,c_f73d29c82c82,both,A,2026-07-15 01:02:31
i_4e8b17d46113,c_0a301fdbca27,resource_card,B,2026-07-15 02:10:59
i_215718e4a034,c_67794b12c01d,resource_card,B,2026-07-15 02:24:55
i_0ebbbdbcf15f,c_ce4e80d78ce4,both,A,2026-07-15 02:34:34
i_1e620512bac3,c_7e2e5ae033bc,resource_card,A,2026-07-15 02:43:30
i_5495767c8cf4,c_2975170e1557,resource_card,B,2026-07-15 03:13:54
i_d3476fe5da4f,c_62b4d3f23553,resource_card,B,2026-07-15 04:58:55
i_4257f091e062,c_1f6e48701882,both,A,2026-07-15 05:05:13
i_a154bf8d206d,c_16c19ee3cb79,both,B,2026-07-15 06:34:21
i_79580c7ca868,c_3328640bbbc8,both,A,2026-07-15 06:42:54
i_f115fcda1b95,c_bb0d306c9937,resource_card,B,2026-07-15 07:03:16
i_a7f6a9f27e50,c_bb780ad6b4c7,resource_card,B,2026-07-15 07:14:40
i_fe46cba5efe5,c_2bd930279e8b,both,B,2026-07-15 07:17:47
i_384f18341742,c_2d004cd29c45,resource_card,B,2026-07-15 07:18:55
i_abb92a0947ee,c_86ce654ac4d7,resource_card,B,2026-07-15 08:29:10
i_d74658cf355b,c_5cadf88fdaea,resource_card,A,2026-07-15 08:35:58
i_9b9f2e2d0f2d,c_fdbbb3ddec14,resource_card,A,2026-07-15 08:47:19
i_4f9ed0148e97,c_ff0344fa2906,resource_card,A,2026-07-15 08:48:27
i_90e6f32c482d,c_65f7f5b41f18,both,A,2026-07-15 08:58:39
i_3d2452a0b255,c_452a49516de4,resource_card,A,2026-07-15 09:05:17
i_8d7507964cf6,c_828685d54942,resource_card,A,2026-07-15 09:11:39
i_d70e2fdbd345,c_db8076fc74ca,both,A,2026-07-15 09:15:15
i_743917fd6f29,c_c86cf00aac83,resource_card,B,2026-07-15 09:22:50
i_1e82ece7a021,c_ac90e650cf7a,both,A,2026-07-15 09:24:53
i_e413f6f9215e,c_0d7085ba94d1,resource_card,B,2026-07-15 09:26:39
i_d0999e223dd2,c_e4e2ac4f2279,both,B,2026-07-15 09:30:48
i_b95335018533,c_6baa86b649a2,both,A,2026-07-15 09:43:47
i_54f370b03262,c_b91de7115a36,resource_card,A,2026-07-15 09:52:38
i_58ac2d8cd69e,c_ea97d77082f5,resource_card,B,2026-07-15 10:01:45
i_1768ba6c6e1f,c_941e9dceb8a2,resource_card,A,2026-07-15 10:26:27
i_5bfa636c3cd3,c_94392c41a572,both,A,2026-07-15 10:45:20
i_21c9b40ebded,c_c8e6a31a09f7,resource_card,B,2026-07-15 10:58:02
i_a364f9371cd4,c_9bd7abb3dca2,resource_card,A,2026-07-15 11:17:04
i_663fb797c505,c_f36f2b530738,resource_card,A,2026-07-15 11:38:44
i_9615b53fe273,c_abcc1e0c9ecf,both,B,2026-07-15 11:40:17
i_b774b7d6d538,c_e79799588796,resource_card,A,2026-07-15 11:43:13
i_a3574cb14fc8,c_b0555918e234,resource_card,A,2026-07-15 11:56:15
i_a04aff746ffe,c_2cb9bbb6f8da,both,A,2026-07-15 12:02:54
i_2ef29bb810ee,c_14651ed1190a,both,A,2026-07-15 12:04:35
i_25c55fae75e9,c_85956e739e2b,both,B,2026-07-15 12:08:02
i_970b1ea56266,c_c887f7d4b200,resource_card,A,2026-07-15 12:11:21
i_fb63eb07d826,c_61987a994399,both,B,2026-07-15 12:14:10
i_07edbb60e921,c_5eab923ef857,resource_card,B,2026-07-15 12:21:47
i_09df93464061,c_5c72e62cf4b7,both,B,2026-07-15 12:58:22
i_b4c3ba128d1b,c_9e0c934efabb,both,B,2026-07-15 12:59:03
i_60f6ffb33462,c_734ae63a806d,resource_card,B,2026-07-15 12:59:24
i_d6e10878fccc,c_47909ed21239,resource_card,B,2026-07-15 13:08:28
i_6e2c6ba7b192,c_1ed733f93e68,both,A,2026-07-15 13:20:26
i_dd98d351f25a,c_2c5cf557b2fe,resource_card,A,2026-07-15 13:24:25
i_a40c642f211c,c_e6d30fbf6280,resource_card,A,2026-07-15 13:26:14
i_7da48f031e4f,c_309df543fa31,resource_card,B,2026-07-15 13:31:34
i_286d1734f363,c_88b8e9da457d,resource_card,B,2026-07-15 13:36:52
i_51b1303c39f5,c_2b470ac410d5,both,B,2026-07-15 13:42:16
i_f70c877da64e,c_49253b338612,resource_card,A,2026-07-15 13:42:57
i_78dafd1dcd8d,c_3b9ebd9d2789,resource_card,B,2026-07-15 14:00:15
i_d6ee742f37e0,c_fec979461dd2,resource_card,A,2026-07-15 14:05:39
i_9d9ea72162d9,c_2b2ee35e3a03,resource_card,B,2026-07-15 14:21:53
i_142e515c0d0f,c_0f43ebb3d6b1,both,B,2026-07-15 14:23:58
i_d6222d3762e2,c_e3679dadfd95,resource_card,B,2026-07-15 14:49:21
i_0dd3ef673fa7,c_55972fbc2bb0,both,A,2026-07-15 15:18:29
i_9b5dd9d70f56,c_54bb7881983f,resource_card,B,2026-07-15 15:20:39
i_ed752b574d83,c_d2bee29e4098,resource_card,A,2026-07-15 15:23:16
i_d16ee5230a68,c_b065e8a8edfd,resource_card,B,2026-07-15 15:37:24
i_4054a77b3ffc,c_4975c6205702,resource_card,A,2026-07-15 16:44:39
i_2b7c8062186a,c_2c7932da55e0,resource_card,A,2026-07-15 16:46:00
i_92d4e11e5347,c_3e6764295b0e,both,A,2026-07-15 17:22:37
i_7a8efe6f9e3d,c_3a266d5adfc6,resource_card,A,2026-07-15 17:25:13
i_9579901665ec,c_fe83f9d5cdb4,resource_card,A,2026-07-15 17:30:11
i_eff947687e1e,c_ed586fede947,resource_card,B,2026-07-15 17:40:24
i_ce508bc985e3,c_3cb7d8706d07,resource_card,B,2026-07-15 17:40:23
i_f01eb1b96af9,c_811c2132350c,resource_card,A,2026-07-15 18:04:10
i_629ebdfd7cbb,c_bb96bb49d897,both,B,2026-07-15 18:08:06
i_e5df1e008678,c_18b63ad3b45e,resource_card,A,2026-07-15 18:15:04
i_1fdadc0bd627,c_cd6d8a098cd3,both,B,2026-07-15 18:25:25
i_ead09892f935,c_53d0e1e79a87,both,B,2026-07-15 18:38:27
i_eab4f72200fa,c_c27ca526480e,both,A,2026-07-15 18:54:04
i_28a17a20cf0e,c_93f7b5737dae,both,A,2026-07-15 19:02:38
i_835d8a3b73f4,c_b886594abf9c,both,A,2026-07-15 19:07:13
i_4c92cf92449e,c_570c71010c18,resource_card,A,2026-07-15 19:09:24
i_527e21c6058c,c_063f52347c4e,resource_card,A,2026-07-15 19:19:17
i_f170d124af04,c_95b888fdbfc8,resource_card,A,2026-07-15 19:32:03
i_5378fdceba89,c_123dd529e9c2,resource_card,A,2026-07-15 19:33:12
i_48515de7a077,c_a411a7637235,resource_card,B,2026-07-15 19:59:09
i_6e228c6080ef,c_b4ded5a82dab,resource_card,B,2026-07-15 20:02:13
i_52c674f7be1d,c_cc6c07a7c2e4,both,A,2026-07-15 20:27:23
i_0d89df1a32e6,c_4e79eb66d8f4,resource_card,A,2026-07-15 20:29:36
i_707f99ef0312,c_9187d3a97cc8,resource_card,A,2026-07-15 20:41:52
i_601f08d46e6c,c_6b2e178abded,resource_card,B,2026-07-15 20:44:11
i_848607d48215,c_77ee656abea3,both,B,2026-07-15 20:51:39
i_fa4f32fa2d49,c_1c309dcbe887,resource_card,B,2026-07-15 20:57:14
i_469e88764250,c_7c0dc30f2841,resource_card,B,2026-07-15 21:25:49
i_d4c6b970b019,c_9e9d8157b0de,both,A,2026-07-15 21:26:11
i_da12f7f11a44,c_94e5e171ec0a,both,A,2026-07-15 21:33:22
i_578ca27f1c05,c_c90595f732fd,both,B,2026-07-15 21:37:23
i_6cf09d1d7b94,c_2a53afb434fd,resource_card,B,2026-07-15 21:42:25
i_6478a54bc70f,c_5fe8a58f85db,resource_card,B,2026-07-15 21:43:32
i_68a6a8fc7bbe,c_f9f2632a87f1,resource_card,B,2026-07-15 21:49:32
i_a1d50a929ef1,c_ebca915e3245,resource_card,B,2026-07-15 21:54:58
i_6cfd5dd62fbd,c_2c9f8f1e5339,resource_card,B,2026-07-15 22:00:36
i_8820b950a94b,c_8e4052480bde,resource_card,A,2026-07-15 22:26:21
i_ee46b5bc2fe3,c_96ebb6bd8735,resource_card,B,2026-07-15 22:37:51
i_2bdb75709f52,c_95cebf898fac,resource_card,A,2026-07-15 22:38:34
i_de2ad7845e7e,c_91805266e2ee,both,A,2026-07-15 23:21:33
i_bde0845511af,c_845c736edb8e,both,A,2026-07-15 23:45:56
i_bf2915e2ae1a,c_b4c6bf68c21b,resource_card,B,2026-07-15 23:56:32
i_1b77aa534971,c_1e0bc3d1489b,both,B,2026-07-16 00:02:39
i_d08edcd7585e,c_10a3d5dc02a9,resource_card,B,2026-07-16 00:12:54
i_2030ca0a8c2e,c_07add7510f81,resource_card,B,2026-07-16 00:52:39
i_bc464e1d4c9f,c_86cadf73841d,both,B,2026-07-16 00:55:13
i_cc93e5d178e5,c_cd25f4439bc2,both,A,2026-07-16 01:01:05
i_5b11f9645b56,c_d5e9b05fb08a,resource_card,A,2026-07-16 01:09:31
i_0f57bc071100,c_3b4f94456b1c,resource_card,A,2026-07-16 06:10:03
i_1272c45dd6cf,c_59621471923e,both,A,2026-07-16 08:00:57
i_43cbb168f1a7,c_640151915cd4,both,A,2026-07-16 08:10:57
i_4f543880a141,c_de3eb5bb1459,resource_card,B,2026-07-16 08:13:21
i_5496ccd4f927,c_2305aec7b942,both,A,2026-07-16 08:36:51
i_be1f069ce1fa,c_be4d70eec180,resource_card,A,2026-07-16 09:18:24
i_5c3da8efee22,c_6cd484aa43ea,resource_card,A,2026-07-16 09:32:43
i_31dc1eaafa9b,c_8a698f744499,resource_card,B,2026-07-16 09:47:44
i_717a10ad3d83,c_4b52faba6965,resource_card,B,2026-07-16 09:52:45
i_ed97ea1b6f9e,c_cdf3d4048699,both,B,2026-07-16 10:03:43
i_e87001598eb6,c_b1255e5c8b73,resource_card,B,2026-07-16 10:08:51
i_3837a2d328f9,c_7cbc540321c7,resource_card,B,2026-07-16 10:11:29
i_0b5c3fe9065e,c_89a0e18472a0,resource_card,A,2026-07-16 10:27:51
i_7883ac786806,c_87978c872f00,resource_card,A,2026-07-16 10:37:15
i_3146c8e4d46b,c_c317e83dd7c2,resource_card,A,2026-07-16 10:44:51
i_c6f413932609,c_8ff4f28d3d43,both,B,2026-07-16 10:51:17
i_a5612a5e1b63,c_e54e1c334194,resource_card,A,2026-07-16 11:11:00
i_db642e37cb7c,c_64a52bec6cb2,both,A,2026-07-16 11:23:57
i_fed6f5cdd66d,c_f7aa2285f7f3,resource_card,B,2026-07-16 11:26:14
i_1486610180db,c_e243f90afd9a,resource_card,A,2026-07-16 11:27:08
i_66edf6ca0f6d,c_c70465f4de7d,resource_card,B,2026-07-16 11:50:23
i_adcd0a8f7f5f,c_8cd71a7e3f41,resource_card,B,2026-07-16 12:17:46
i_1c3b785444d2,c_f3fb5cd82832,both,A,2026-07-16 12:38:47
i_d84d4e1b27c2,c_111e2e657b9c,resource_card,A,2026-07-16 12:59:30
i_bd21b13e5a0e,c_08e965639063,resource_card,B,2026-07-16 13:01:09
i_bbfc7bb92dcb,c_0f4e248006f6,both,A,2026-07-16 13:04:08
i_3de852f404d8,c_2e4795bb33dd,resource_card,B,2026-07-16 13:17:35
i_7f7a219b9af9,c_f614bae1c9c2,both,A,2026-07-16 13:20:35
i_78e7e7a5b17b,c_d82c8a728f2d,both,B,2026-07-16 13:21:46
i_ebde35ea472b,c_9a8a79607fb0,resource_card,A,2026-07-16 13:39:50
i_4ef744628ec7,c_d2989618b32f,both,B,2026-07-16 13:48:16
i_231e93b68162,c_5255ecef23aa,resource_card,A,2026-07-16 13:54:31
i_e67d9bb61308,c_b0f3707f28fd,resource_card,B,2026-07-16 14:03:50
i_4a8d2363eccc,c_f8a5c43e4c53,resource_card,B,2026-07-16 14:17:28
i_3a4e5e0afc53,c_fea43a371e2e,resource_card,A,2026-07-16 14:20:30
i_1a24a6df5b70,c_b45317d2a3dc,resource_card,A,2026-07-16 14:30:21
i_07a897accb03,c_d7f8433bdcdc,resource_card,A,2026-07-16 14:33:12
i_3379efdc3a1b,c_aa02f01f403b,resource_card,B,2026-07-16 15:10:57
i_924a751dcc41,c_5c641eaaed51,resource_card,B,2026-07-16 15:19:24
i_7a2e885ba6dd,c_f997d4f78354,resource_card,A,2026-07-16 15:32:58
i_169261238bf1,c_8ab6ee7463ae,both,A,2026-07-16 15:33:28
i_4a7a0e7ab5ac,c_9495be24d7ab,resource_card,B,2026-07-16 15:45:49
i_65ca9ff60f36,c_159e3d8c03f4,resource_card,A,2026-07-16 15:48:54
i_802ef481887a,c_ee8adecc2598,resource_card,A,2026-07-16 16:01:03
i_57c85e225020,c_a859b9bc4edc,resource_card,A,2026-07-16 16:07:29
i_63db297f5d00,c_671f2dcb506c,resource_card,A,2026-07-16 16:11:51
i_8b530f4377ad,c_b90b6631bb35,resource_card,B,2026-07-16 16:19:52
i_2588406e3ace,c_e192468ec964,both,A,2026-07-16 16:36:28
i_ee3868f85925,c_8ff248d946ce,resource_card,A,2026-07-16 16:43:04
i_5a6e2e67a818,c_ac37c8ce114d,resource_card,B,2026-07-16 16:46:13
i_326d8e41063d,c_7661ddf80040,both,A,2026-07-16 16:49:19
i_ff6dd27b32a9,c_5a25505dff99,resource_card,B,2026-07-16 17:22:36
i_3da56b07a55a,c_b4fd6a345a36,resource_card,A,2026-07-16 17:31:46
i_8e30cf63debc,c_40ef1d78077f,both,B,2026-07-16 17:35:00
i_866db1d973d6,c_6a5d8293d3b3,both,B,2026-07-16 17:47:56
i_19a730845623,c_17dca5b5d0a6,both,A,2026-07-16 18:03:04
i_03d313e9f0ea,c_98ca0db1b5ba,both,A,2026-07-16 18:09:44
i_9ffe471c76e6,c_d87499e65dec,both,A,2026-07-16 18:16:12
i_dfeeafeb3538,c_36b8b4307143,resource_card,B,2026-07-16 18:22:15
i_09ee4c5b2c3f,c_e163067677cc,resource_card,A,2026-07-16 18:28:38
i_536fbb8f27fb,c_9d4dcd13c030,resource_card,A,2026-07-16 18:28:52
i_ded81e7b049e,c_b19eb117813a,resource_card,A,2026-07-16 18:38:27
i_df781e0d00b0,c_55d4e4c8b28a,both,A,2026-07-16 18:51:31
i_7d5baf8ea9a3,c_f7d792817abf,resource_card,B,2026-07-16 18:58:41
i_b8ee654c99cf,c_6ba739c36bd1,both,B,2026-07-16 19:06:14
i_3f07d5aa31dd,c_0a3caf49409f,both,B,2026-07-16 19:15:38
i_55925b21d37d,c_637d47969f4f,resource_card,B,2026-07-16 19:34:24
i_01a1a56c0562,c_034c92e98f89,resource_card,B,2026-07-16 19:44:42
i_6e8153d7baac,c_65c7d4971137,resource_card,B,2026-07-16 19:48:35
i_4ca79e52b8ed,c_a8eb14f5e363,resource_card,B,2026-07-16 20:10:25
i_b848b53eff98,c_1ac058792744,resource_card,A,2026-07-16 20:27:18
i_2ea5e01aedb9,c_b3f685852603,resource_card,B,2026-07-16 20:35:03
i_c98e56f54b29,c_f0ac72510a84,both,A,2026-07-16 20:36:43
i_c61d87c9843a,c_5460c0880b6d,resource_card,B,2026-07-16 20:44:25
i_fa7c824269b6,c_b03e7f1bc669,resource_card,B,2026-07-16 20:46:58
i_b602868c35bd,c_62433968c833,resource_card,B,2026-07-16 20:51:50
i_a1059690ad65,c_0bedf7c667fe,resource_card,A,2026-07-16 20:57:57
i_3761ffd1ff65,c_072b8e1bd709,both,B,2026-07-16 21:04:23
i_b38ee3c50f61,c_1033cc2678c9,resource_card,B,2026-07-16 21:05:51
i_9fe567a0f80c,c_9fdc5d9f4b8a,resource_card,A,2026-07-16 21:13:19
i_a3fe42abc8ac,c_f5a727fbc2c0,both,A,2026-07-16 21:22:51
i_81764ad41a67,c_bacd1ffc02f8,both,A,2026-07-16 21:33:31
i_5fd3987fb0c5,c_45e2cec38dfa,resource_card,A,2026-07-16 22:01:29
i_1b580572a72a,c_7d75d8cca87f,resource_card,B,2026-07-16 22:01:40
i_6ca7db8597b6,c_4e1c2e9c16d3,resource_card,B,2026-07-16 22:15:45
i_4d105732e9c4,c_ceb157bf9d50,resource_card,A,2026-07-16 22:52:43
i_6c535f9de26d,c_00a3abaae9bf,both,B,2026-07-16 22:54:51
i_44f860e6cb0e,c_1c2c611b900d,both,B,2026-07-16 23:15:29
i_7de3bfed22be,c_9f84bb451be5,both,B,2026-07-16 23:40:25
i_350eb3974a50,c_ed44f9f15240,both,A,2026-07-16 23:55:23
i_1ca9fe15c654,c_e493913c61db,resource_card,B,2026-07-16 23:55:54
i_27f09783945a,c_e82455ad9d37,resource_card,B,2026-07-17 00:29:33
i_c2852e4c5728,c_f0ce31f78f97,resource_card,B,2026-07-17 00:31:29
i_6d5137cdd772,c_fd9e13415e2b,resource_card,B,2026-07-17 00:55:31
i_a4eae405b264,c_02d5f5a49ba4,both,A,2026-07-17 01:06:25
i_574748c0f9b1,c_f3114e75e2d5,resource_card,B,2026-07-17 01:12:48
i_3f91bed48eb5,c_6ad1010d6273,both,B,2026-07-17 01:22:54
i_1ea75c4cea57,c_e23b0be6599e,resource_card,A,2026-07-17 02:05:01
i_9b63e7199279,c_adea6c4b9b52,both,A,2026-07-17 02:26:19
i_6c0c63ac5ecf,c_c185923fbb91,resource_card,B,2026-07-17 02:34:47
i_1751b06e8c2e,c_64e142648687,resource_card,B,2026-07-17 02:37:29
i_1af934492425,c_4ff0e2dda327,both,B,2026-07-17 02:56:32
i_df3ca8661086,c_fc705be2d041,both,B,2026-07-17 03:42:58
i_786650fd67d5,c_2a8e610e4835,both,B,2026-07-17 04:39:13
i_b297e24505ad,c_60f7eda7719c,resource_card,A,2026-07-17 04:45:12
i_676c580cee26,c_bb9917e288d2,resource_card,A,2026-07-17 04:58:55
i_fb82990728a2,c_58a42d8d866d,resource_card,B,2026-07-17 07:40:36
i_1b64e4b982c9,c_48dedd99d3b5,resource_card,B,2026-07-17 07:41:06
i_151fd81ba17b,c_013a681cbc95,both,B,2026-07-17 07:42:04
i_4b831b89748f,c_969421f1e4fe,both,A,2026-07-17 08:20:01
i_0eed2ec19e0c,c_20d4547d9dab,both,B,2026-07-17 08:32:38
i_f79171c979c7,c_b0ebbeded912,both,A,2026-07-17 08:43:06
i_6c645b5e9ee0,c_0413db83eac9,resource_card,B,2026-07-17 08:59:11
i_e554cd3c0019,c_6c1381af4bbd,resource_card,B,2026-07-17 09:20:50
i_bd658aa5e36a,c_e7963c22fd6f,resource_card,B,2026-07-17 09:40:24
i_288679f5e0f9,c_6822e25a68f6,both,A,2026-07-17 09:44:32
i_8c5e033fca88,c_f0bc228395a5,both,B,2026-07-17 09:59:24
i_b79de1efd6f6,c_46eb49ae0c34,both,A,2026-07-17 10:24:08
i_25d28f9fdcc3,c_af50bbfbb877,resource_card,B,2026-07-17 10:32:21
i_19eff813922e,c_866fbf2e6204,resource_card,A,2026-07-17 10:51:50
i_bb1d8d880fce,c_b72039b53f28,resource_card,A,2026-07-17 10:55:13
i_b100da5e4498,c_ad20cee878c4,resource_card,A,2026-07-17 11:16:21
i_58670b222b8c,c_24a8536f7e6f,both,B,2026-07-17 11:32:18
i_9d56274bc7c3,c_65c22ff4bf8c,resource_card,A,2026-07-17 11:39:20
i_d2bc1584e0db,c_dcacdb903269,resource_card,B,2026-07-17 11:40:19
i_61355319abba,c_3c8e08fee58c,resource_card,A,2026-07-17 12:18:40
i_2fb83f8a873b,c_fcec0cc115b2,resource_card,A,2026-07-17 12:30:57
i_2a8bdf852f9d,c_82d5c783a5ec,resource_card,A,2026-07-17 12:49:16
i_0a621305a8fc,c_5b4c19c7cdd1,both,B,2026-07-17 12:50:46
i_aa2429a94eee,c_5d84099577b7,resource_card,B,2026-07-17 12:52:52
i_5293bfe38c27,c_d549c902385d,both,B,2026-07-17 13:20:05
i_939368dff372,c_ea9ddba5ec04,both,A,2026-07-17 13:40:13
i_2066b4251c20,c_e2b02b3298d2,resource_card,A,2026-07-17 13:52:59
i_be0002a49a33,c_61f8a395fce6,resource_card,A,2026-07-17 14:37:42
i_d6c3840d61f2,c_0f5a54ea5dac,both,A,2026-07-17 14:38:20
i_01d824361ba9,c_7fed2f4b600b,resource_card,B,2026-07-17 14:40:17
i_de8b09e810b6,c_9964d8cc2f70,resource_card,A,2026-07-17 14:50:06
i_a82781716d3e,c_55114341a303,both,B,2026-07-17 15:07:20
i_5b4fea5030ac,c_0b222c95a2f8,resource_card,A,2026-07-17 16:12:31
i_0f3ff52902b2,c_daf3ba36e5a5,both,B,2026-07-17 16:22:31
i_a4f38f2cf77d,c_bf4351fc9f71,both,B,2026-07-17 16:27:06
i_16dbaef6fbb3,c_4b157ff47ff8,resource_card,A,2026-07-17 16:39:34
i_4ece7696327c,c_63f2b5209028,both,A,2026-07-17 16:41:37
i_499f9ab62f16,c_f58a87b49548,resource_card,A,2026-07-17 16:45:26
i_f8dd6f4543ae,c_828d65c68ecf,both,B,2026-07-17 16:51:36
i_fead3d36f2a9,c_0cb380a75ba3,resource_card,B,2026-07-17 16:52:13
i_e06800232f08,c_10438ba93a5b,resource_card,B,2026-07-17 16:52:30
i_781d6bb699dd,c_1bb871b10a6a,resource_card,A,2026-07-17 17:03:51
i_bfacde1c61a6,c_5c856465ef85,both,B,2026-07-17 17:13:56
i_9ae63120111e,c_48ae99307651,resource_card,B,2026-07-17 17:25:00
i_e234f094bdc7,c_2f105a87d016,resource_card,A,2026-07-17 18:10:13
i_271ce5d3fac1,c_6c709171199c,resource_card,A,2026-07-17 18:12:24
i_a2d6b271bb97,c_0dfaea47fb06,resource_card,A,2026-07-17 18:26:12
i_3c1a20a8477f,c_5c55cf14157b,both,B,2026-07-17 18:33:31
i_5504396f96d7,c_72c5d307b648,both,A,2026-07-17 18:39:17
i_f9df3a7be384,c_3f5887a74136,resource_card,A,2026-07-17 18:48:13
i_ef85ddc3f24c,c_8b934238fd70,resource_card,A,2026-07-17 19:00:12
i_53632ae3e8d9,c_25bee9408b61,resource_card,B,2026-07-17 19:05:24
i_1bc79c3087dc,c_dbd89dec299c,both,A,2026-07-17 19:17:09
i_03ade0140973,c_940c6e4f42d4,both,A,2026-07-17 19:18:57
i_3bce4b80cc91,c_a6d6c5546d6e,both,A,2026-07-17 19:21:37
i_d06483a4163c,c_6131e7f66e98,resource_card,A,2026-07-17 19:34:33
i_d36770dae3cb,c_fa978c7309f4,resource_card,A,2026-07-17 19:39:42
i_0177649a2bb1,c_d968e818333d,both,B,2026-07-17 19:49:22
i_e50245631054,c_6ed9c097eb6f,resource_card,B,2026-07-17 19:49:46
i_e1b8c338f91e,c_196380a5ea18,both,A,2026-07-17 20:24:52
i_b75055360f91,c_cedbcbd7a9ed,resource_card,B,2026-07-17 20:28:05
i_45d73d6065bd,c_a64bc8c3c461,resource_card,B,2026-07-17 20:43:03
i_9aae112a28b1,c_f538f3502ffb,both,B,2026-07-17 20:47:12
i_17e751c6f273,c_cb6170d462d5,both,B,2026-07-17 20:47:44
i_5f64f95ea4ca,c_427598d872eb,resource_card,B,2026-07-17 20:56:13
i_8abebbe6d87d,c_e159cad07fb9,both,B,2026-07-17 21:02:05
i_bce1e6384709,c_1563d5ab1876,both,A,2026-07-17 21:17:36
i_0ad75ae0e8da,c_d27cb0897084,both,A,2026-07-17 21:19:05
i_85bd4dc0a921,c_45d03f93e57f,resource_card,B,2026-07-17 21:20:27
i_10c2f1bf7d7d,c_6299ff0ebb44,resource_card,A,2026-07-17 21:24:18
i_5a41b40e37b6,c_66d148329cff,resource_card,B,2026-07-17 21:28:08
i_11d5df07895d,c_315812c8818d,resource_card,B,2026-07-17 21:30:21
i_89c36ff742eb,c_43d6301c3fd7,both,B,2026-07-17 21:33:31
i_b896a62f729f,c_255c35d0268c,both,A,2026-07-17 21:42:14
i_a50818b39cbf,c_ba413b49a87c,resource_card,A,2026-07-17 21:55:18
i_7dd8d8010814,c_ae22bcfa8295,resource_card,B,2026-07-17 21:56:49
i_ab8901169045,c_fcf4e9fa45dc,both,A,2026-07-17 22:00:57
i_521ad68b4365,c_8698d7054dad,resource_card,B,2026-07-17 22:15:26
i_04740fad7684,c_eb8ce2094bee,resource_card,A,2026-07-17 22:37:19
i_2620e72df0bb,c_32ca9a7465b1,resource_card,B,2026-07-17 22:42:04
i_e711810db1d3,c_18d19ae2bfb6,resource_card,A,2026-07-17 22:44:10
i_67be9a36e2fa,c_3de81c8e9f3e,resource_card,A,2026-07-17 22:58:58
i_4fab2496d2fa,c_9f044361cbf4,resource_card,A,2026-07-17 23:08:43
i_bba4c0b3a786,c_c371ea28394f,resource_card,B,2026-07-17 23:11:43
i_e32b39295f7b,c_8e42c8e3115c,resource_card,A,2026-07-17 23:23:25
i_bc643a1abe56,c_8d55632de670,resource_card,A,2026-07-17 23:23:53
i_5650a3d7e4bc,c_519c66479d21,resource_card,B,2026-07-17 23:31:28
i_ab0afd90657a,c_cd550d3db240,resource_card,A,2026-07-17 23:38:39
i_d5eb7c8e59da,c_35e37e2d1e85,resource_card,B,2026-07-17 23:40:34
i_a7ee238235d6,c_6ce062ae296f,resource_card,B,2026-07-17 23:43:53
i_c5eb6eb56372,c_77b5c9c64e68,both,A,2026-07-17 23:50:00
i_cc9eb43d0df9,c_a414a1d4ad0a,resource_card,A,2026-07-17 23:50:34
i_8ebe382b7f18,c_dfd690afaf80,resource_card,A,2026-07-18 00:09:53
i_3a3d3eb87293,c_811af31ffb09,resource_card,B,2026-07-18 00:26:49
i_adb638536699,c_55f390322f03,both,B,2026-07-18 00:55:17
i_24e989de2de6,c_7af896c34b9d,resource_card,B,2026-07-18 00:58:42
i_4ca4c9657aed,c_bc97dbcf9859,resource_card,B,2026-07-18 01:25:57
i_63e7960c1111,c_b36179309eda,resource_card,A,2026-07-18 01:39:50
i_c919b919a152,c_a872f5e4e95b,resource_card,B,2026-07-18 04:56:04
i_de79f150feed,c_d676faf8dadb,resource_card,B,2026-07-18 06:55:25
i_1bc83de51eab,c_db09f54345ce,both,A,2026-07-18 06:58:09
i_f14aa7de95ec,c_ec22d3f77a6d,resource_card,B,2026-07-18 07:04:34
i_7e1ece983761,c_0b9f7a017b9b,both,B,2026-07-18 07:08:16
i_03109e175227,c_6f877b3ad158,both,A,2026-07-18 07:24:02
i_43a687c71dbd,c_01a6065d70ab,resource_card,B,2026-07-18 07:46:52
i_cbe958876abd,c_d675e08b07dc,resource_card,A,2026-07-18 08:07:32
i_110ac2f75f08,c_4e2bcd355999,resource_card,B,2026-07-18 08:09:20
i_3c60cf243f06,c_7c3d19af2e5b,both,B,2026-07-18 08:20:08
i_aade82b9b855,c_5d6e0ec54705,both,B,2026-07-18 08:44:44
i_90e66ab68bcc,c_6f0407899adb,both,B,2026-07-18 08:52:03
i_54e71d1e148a,c_ef230c1f0331,resource_card,B,2026-07-18 08:59:10
i_c2edd0b430a1,c_de7ac2d7e981,both,B,2026-07-18 09:03:05
i_1dda2ef3c78a,c_10ea58917feb,resource_card,B,2026-07-18 09:07:17
i_cb5d8d4b2c60,c_b9439fc202cb,resource_card,B,2026-07-18 09:42:03
i_6861dd4f9e87,c_0c2030eb568e,both,A,2026-07-18 09:43:51
i_2aeca866dde6,c_f7034ca632f1,resource_card,B,2026-07-18 10:12:49
i_047add14f5bf,c_f849dc734680,resource_card,A,2026-07-18 10:20:34
i_8a343ea1d89a,c_430ce7621e66,both,A,2026-07-18 10:28:17
i_043200b9fbc8,c_f0ea8ca22e03,resource_card,B,2026-07-18 10:37:51
i_01a0decf349b,c_205bbd113570,resource_card,A,2026-07-18 10:54:04
i_8c78b25957ac,c_3538d54dd762,resource_card,A,2026-07-18 11:21:55
i_5e3aecaadef5,c_1b472a7b2e87,resource_card,B,2026-07-18 11:34:36
i_ee7194ee39f4,c_0fc0be538844,both,A,2026-07-18 11:36:27
i_2d3a72205602,c_48d7d21b4501,resource_card,B,2026-07-18 11:54:45
i_0b4224e523d3,c_eb43531a825f,resource_card,B,2026-07-18 11:55:48
i_77c766c0b8e4,c_03daf725bd8f,resource_card,B,2026-07-18 12:01:04
i_7c8e55aa506e,c_45dddadfad0f,resource_card,B,2026-07-18 12:02:35
i_158f84fb6eb6,c_20c61f4373c2,both,A,2026-07-18 12:04:14
i_4bdf4742840d,c_99ec60bbaf03,resource_card,B,2026-07-18 12:10:27
i_9d775da0c4ae,c_e2f482c1bd47,resource_card,B,2026-07-18 12:13:48
i_9caadd25991c,c_bf5beed04064,both,A,2026-07-18 12:26:03
i_072243233ea6,c_b028c096971e,resource_card,A,2026-07-18 12:36:34
i_09559e48e05e,c_13128db4faf6,resource_card,A,2026-07-18 12:46:08
i_4b85f23bf019,c_c5397858e78b,resource_card,B,2026-07-18 12:56:10
i_cdbf04007bad,c_d1e46a357683,resource_card,B,2026-07-18 13:32:12
i_6a58b2ee3b50,c_305ff7a4e16f,resource_card,B,2026-07-18 13:32:42
i_387850189a16,c_52b9575b24c0,resource_card,A,2026-07-18 13:33:22
i_9f15fb5e930b,c_a14afb369abb,resource_card,B,2026-07-18 13:36:00
i_e2291d59113e,c_49f15fbdbe67,resource_card,B,2026-07-18 13:42:11
i_efe4252b258e,c_c33fc315a0d1,resource_card,B,2026-07-18 13:49:01
i_50ae39641a63,c_25024dd5ea35,resource_card,B,2026-07-18 13:53:25
i_cf152f693b85,c_82917efd2f48,both,A,2026-07-18 14:14:25
i_00e9e29674f4,c_5e7ed1090044,resource_card,A,2026-07-18 14:38:47
i_35dc09584e45,c_01e3281046e1,both,B,2026-07-18 15:10:07
i_aa5c4e108be7,c_2dbbd121555f,resource_card,B,2026-07-18 15:13:29
i_b9dbb95dea70,c_dbc5fbde150e,both,A,2026-07-18 15:16:22
i_95e1dc104dbd,c_bbf270d0abf7,both,B,2026-07-18 16:23:26
i_993e8f4d88c8,c_b8a3592728fd,resource_card,B,2026-07-18 16:59:09
i_abb672a8874f,c_60a2049d2cd6,both,A,2026-07-18 17:08:59
i_b0d527741595,c_d1d86e16db28,both,A,2026-07-18 17:12:23
i_82416868944d,c_59c25749621c,resource_card,A,2026-07-18 17:22:25
i_c4c60cbd2aa4,c_2d0a8b2bed69,both,B,2026-07-18 17:29:37
i_f60ce36fe818,c_5ab99dcd404b,resource_card,B,2026-07-18 17:38:18
i_80239025280b,c_33cafa6f6bdb,both,B,2026-07-18 18:11:54
i_f4d0109cfc61,c_0123cd48ef9b,resource_card,B,2026-07-18 18:19:00
i_ec8166b84cb3,c_2980b0ea9496,resource_card,A,2026-07-18 18:27:26
i_db245f1d2036,c_6ab46826ff4b,resource_card,B,2026-07-18 18:54:02
i_10f39f65d21f,c_53a27bba112b,both,B,2026-07-18 18:58:24
i_f0472c2b81aa,c_0b731aba1cb6,resource_card,A,2026-07-18 19:25:28
i_b69c1293de6e,c_0df2d62f85e2,resource_card,A,2026-07-18 19:36:03
i_5e0ff5aa986a,c_62c8109c9029,resource_card,B,2026-07-18 19:47:40
i_6dc61df581c6,c_7f835541a926,resource_card,A,2026-07-18 19:54:36
i_a0deb72cecea,c_33c8d93355cb,both,B,2026-07-18 19:58:17
i_8675ca480f74,c_d5507c8fc653,both,B,2026-07-18 20:04:15
i_33ad814992cf,c_1fae747078d5,resource_card,B,2026-07-18 20:48:53
i_2a22ca96fba4,c_04a73fdf8859,resource_card,B,2026-07-18 20:58:44
i_d205facbaa8e,c_91953b50c775,both,B,2026-07-18 21:07:49
i_54cc107ec153,c_d39956dde11d,resource_card,B,2026-07-18 21:11:26
i_3cc206fd5960,c_e0d96fc6a123,resource_card,B,2026-07-18 21:11:33
i_9a1b8f2e3e2d,c_3dfbe781614f,both,B,2026-07-18 21:15:57
i_dcb283d3ed23,c_13cdd958dd12,both,A,2026-07-18 21:22:52
i_04f9e7f921b8,c_0e4c9895a966,resource_card,A,2026-07-18 21:50:01
i_4546c9cb24ed,c_ac5d5c0f25b1,resource_card,B,2026-07-18 21:58:05
i_1bb0bb33c0a8,c_ce053e2bf7b1,both,B,2026-07-18 22:09:17
i_8a6f0d4f39d3,c_897b8d0aef18,resource_card,A,2026-07-18 22:11:54
i_5f81dc43d34d,c_d94870a341d4,resource_card,A,2026-07-18 22:15:49
i_3de087302c3c,c_9173a4a062d5,resource_card,B,2026-07-18 22:30:54
i_75d44c78725b,c_c00587bfff31,both,B,2026-07-18 22:37:43
i_67d9751f05c0,c_331c4b8240c2,resource_card,A,2026-07-18 22:44:14
i_f590376643d4,c_3d533acdbec2,resource_card,A,2026-07-18 22:51:07
i_ff103002e707,c_1394ff8d29b8,both,A,2026-07-18 22:56:31
i_7184b4fc99a3,c_397b1d7debc4,resource_card,A,2026-07-18 23:28:45
i_a12bc8f0b344,c_3984581d2bb6,resource_card,A,2026-07-18 23:54:31
i_54acab3882da,c_be8aa4505744,resource_card,A,2026-07-19 00:06:27
i_baab7b61a580,c_8ade3adcaddf,resource_card,B,2026-07-19 00:26:20
i_7dd222b991d2,c_8d24f8885284,resource_card,A,2026-07-19 00:39:28
i_a1596a197d3d,c_8291f779621f,resource_card,B,2026-07-19 02:15:17
i_d1bc464dacda,c_58eb6d697c05,resource_card,B,2026-07-19 04:36:47
i_a0b680ae6bb5,c_c4333a08b99b,both,B,2026-07-19 05:26:03
i_aa46400f72a4,c_b4c885bf2054,both,A,2026-07-19 07:43:15
i_a242d89bee18,c_8d6e27be031a,resource_card,A,2026-07-19 09:25:29
i_25ade5c90f19,c_bf171792a71a,both,A,2026-07-19 09:30:12
i_091cc2f3fcd2,c_750523999ab6,both,A,2026-07-19 09:47:03
i_cebb49653b61,c_9a8cba5d6b2d,resource_card,B,2026-07-19 09:47:37
i_f4e6e22837ba,c_c8101032ac30,resource_card,A,2026-07-19 10:00:47
i_a1a0d5b8dfab,c_3ed79fc803e3,both,B,2026-07-19 10:01:57
i_21000d85bf17,c_d0cb6070d057,both,B,2026-07-19 10:03:25
i_51f5b27a885d,c_12fbd99cc7e7,resource_card,B,2026-07-19 10:09:40
i_3ccbd9da4526,c_f157e0e73dd1,resource_card,B,2026-07-19 10:20:41
i_298f646abca2,c_14d6adcb1935,resource_card,B,2026-07-19 10:21:17
i_9073e1e001c9,c_2f99c612410d,resource_card,B,2026-07-19 10:40:12
i_dfe07fbe2811,c_4721691f3ee2,resource_card,A,2026-07-19 11:05:10
i_85e0af83d1d1,c_d930c239722e,resource_card,A,2026-07-19 11:33:08
i_0773d8c02b98,c_a77bf6a49d28,both,A,2026-07-19 11:38:29
i_9408f1e31e7c,c_59053aa2680a,resource_card,A,2026-07-19 11:44:09
i_0ce979eff599,c_aebebbcc810d,both,B,2026-07-19 12:31:52
i_9433b7792227,c_b5f3cb8766f0,resource_card,A,2026-07-19 12:45:38
i_b288ec6f5a4f,c_da264a6a0ea2,both,A,2026-07-19 12:57:11
i_e5e3b5b197b4,c_4ab58e62f893,resource_card,B,2026-07-19 12:57:17
i_4af3eb48e3d5,c_941a8bc26a02,resource_card,A,2026-07-19 13:32:36
i_914d2371669e,c_e46bcf1dcda6,both,A,2026-07-19 13:44:26
i_51b60354f1d5,c_07f270d7347d,resource_card,B,2026-07-19 13:56:08
i_a16660ed9917,c_afb4d5b06e95,resource_card,B,2026-07-19 13:56:46
i_145dc52c25f9,c_ffa3a54ec27a,both,A,2026-07-19 14:07:43
i_53f0e4106392,c_706215db5412,resource_card,A,2026-07-19 14:07:55
i_eb788ec1b81f,c_80f82f2ab236,both,A,2026-07-19 14:08:29
i_9ca60fecc764,c_3bcf6c10fc45,both,B,2026-07-19 14:10:13
i_f047ce292821,c_c8041d05664e,resource_card,A,2026-07-19 14:17:35
i_7719690e451c,c_fb440ce8d731,both,B,2026-07-19 14:27:54
i_37b3b1d6ea4f,c_2fa1faf694cf,resource_card,B,2026-07-19 14:28:49
i_3400418bd64c,c_3e96b7587260,resource_card,A,2026-07-19 14:28:59
i_63a585e3fdb1,c_76a0ba82610c,resource_card,A,2026-07-19 15:09:07
i_dcb35a3ecf6f,c_38d40fd10067,resource_card,B,2026-07-19 15:22:18
i_d62888494f78,c_0bf5b57c4948,resource_card,A,2026-07-19 15:26:09
i_d7021ff84f17,c_97be1f190dde,resource_card,A,2026-07-19 15:29:41
i_2815375c03f4,c_7a81b77b67e5,resource_card,B,2026-07-19 15:42:08
i_d0e84fc71d2a,c_503fa3bc9c42,both,A,2026-07-19 15:46:52
i_a59f454dbe4c,c_81b63ecc8944,both,A,2026-07-19 15:51:55
i_553658a946c7,c_cd4f5880fc5b,both,B,2026-07-19 16:09:27
i_69063bc143d3,c_dd5f9a39771e,resource_card,A,2026-07-19 16:11:02
i_912693f98451,c_ae4bf644241d,resource_card,B,2026-07-19 16:26:45
i_fb2f4dbe28ee,c_6a6f380620b9,resource_card,B,2026-07-19 16:42:55
i_d99f74aa855f,c_e8ac322da1ad,both,B,2026-07-19 16:50:17
i_8f852885f0c5,c_dbd35ef6b77a,resource_card,A,2026-07-19 17:00:44
i_2e2370b44a2a,c_43dfe4ab0866,resource_card,A,2026-07-19 17:05:40
i_5bd5528b2d80,c_ff3056fa8e0f,resource_card,B,2026-07-19 17:54:02
i_e31fb89ec85e,c_ef1238de99cf,both,B,2026-07-19 18:11:41
i_632f48eee962,c_ebbf79fc188a,resource_card,A,2026-07-19 18:19:34
i_27931c3b47c3,c_4542f5f751fa,resource_card,A,2026-07-19 18:31:50
i_07c32921e9ca,c_018c48744970,resource_card,A,2026-07-19 18:44:47
i_b1d470bb4fe5,c_1c513f67c8b9,resource_card,B,2026-07-19 18:55:02
i_a724c17d8f33,c_c70f94ff72cf,resource_card,B,2026-07-19 19:03:58
i_6affe8480459,c_dc4da89605a6,resource_card,A,2026-07-19 19:14:09
i_e7b6f3adeea6,c_f1a0f8f0cb43,resource_card,B,2026-07-19 19:25:50
i_6f2729ea1092,c_ad2df8f344e6,resource_card,A,2026-07-19 19:35:33
i_309acf8575dd,c_c92e68da988b,resource_card,B,2026-07-19 19:44:12
i_725308a482ed,c_e59c680b17e8,resource_card,A,2026-07-19 19:47:24
i_2eeabd6b575b,c_40c780fb4636,resource_card,A,2026-07-19 19:49:03
i_4b7474196637,c_f2da7aabf9e5,resource_card,B,2026-07-19 19:50:47
i_f16a3ec98a56,c_37925ea53ddc,both,A,2026-07-19 20:01:32
i_f8cba812c9b7,c_d732c4fca08d,both,B,2026-07-19 20:02:04
i_f559d3e48254,c_99bd8cd87c8d,both,B,2026-07-19 20:10:18
i_3ad3126152a8,c_33ba7c4ee9e6,both,A,2026-07-19 20:22:01
i_a035f4cfa94b,c_628fc2079ddf,resource_card,B,2026-07-19 20:47:16
i_664d7cf73d9f,c_4f7e4337c252,resource_card,A,2026-07-19 20:58:22
i_729e9b7bf990,c_8fcb419b0b43,resource_card,B,2026-07-19 21:34:52
i_92ee433ca8d0,c_ad0a54196196,both,A,2026-07-19 21:42:25
i_bd64c7ddfd93,c_165ee110eb0f,resource_card,B,2026-07-19 21:46:57
i_6603a5dcdf9d,c_b78987ed7527,resource_card,B,2026-07-19 21:54:18
i_de4802ab3764,c_ab30f1a93787,both,B,2026-07-19 21:57:37
i_d33960c6c96b,c_06bc74e48d09,both,B,2026-07-19 22:20:37
i_cd7162661b1b,c_6ec7c8e40fd4,resource_card,A,2026-07-19 22:29:07
i_f723ca2638ba,c_30fe1cd2732c,resource_card,A,2026-07-19 22:43:22
i_d060db398a37,c_5309fcfeadaa,both,A,2026-07-19 22:44:13
i_85e9003f05e2,c_de43099950fd,resource_card,B,2026-07-19 22:44:21
i_2114254d6973,c_d802e33a1fd2,resource_card,A,2026-07-19 22:45:34
i_3e6b2f6f0643,c_a78ec2027667,resource_card,B,2026-07-19 22:57:52
i_213e06d52169,c_9a18ae3c5049,resource_card,B,2026-07-19 23:11:10
i_5918fd15d82d,c_ca5eb4762a6e,resource_card,A,2026-07-19 23:33:20
i_443c940e7c16,c_2064b7e33040,both,A,2026-07-20 00:04:40
i_724774aced9d,c_5ccca5537319,resource_card,B,2026-07-20 00:04:55
i_045238511fbb,c_3bd67ad301e8,resource_card,A,2026-07-20 00:20:08
i_f7cb4f3f26b2,c_68285981782e,resource_card,A,2026-07-20 00:36:50
i_34752ee161b2,c_237cafb66fe9,both,B,2026-07-20 01:09:23
i_70f54c0468d3,c_b1bebe1b64f2,resource_card,A,2026-07-20 02:10:59
i_47db27a91e75,c_d242518b6ac9,resource_card,B,2026-07-20 03:12:31
i_7dd57dc0b054,c_f99cffbfd87a,resource_card,A,2026-07-20 03:53:58
i_ee2e39d39d83,c_660b7edfd4a0,resource_card,A,2026-07-20 04:41:11
i_3c04d6777960,c_df5c8eb9f02a,resource_card,A,2026-07-20 06:41:08
i_0330a23b5ffe,c_af2f3034fb9b,both,B,2026-07-20 06:58:23
i_24d7d224ae26,c_95a7c26790a4,resource_card,A,2026-07-20 08:09:14
i_317bb2a1b76f,c_73d5b8f94a8f,both,B,2026-07-20 08:22:14
i_1e9814a8177b,c_9a6b63f31159,resource_card,B,2026-07-20 08:25:30
i_87b0e2b1aaf8,c_a7b018229b9a,resource_card,A,2026-07-20 08:53:36
i_5eeaea3101bc,c_39b22116fe37,resource_card,B,2026-07-20 09:06:30
i_b6520e837ef4,c_7b31cc57cf20,both,A,2026-07-20 09:16:59
i_bd39e175c932,c_c56e50dd585f,resource_card,B,2026-07-20 09:19:15
i_03b43973c485,c_e0c226329c04,resource_card,A,2026-07-20 09:23:00
i_78463611a3b7,c_3aa7f6e7283f,resource_card,B,2026-07-20 09:25:04
i_40cd1e94d2d5,c_60d5d3d7cd3a,resource_card,A,2026-07-20 10:11:45
i_bc3d4afaacb4,c_6e7f456c4fb0,both,A,2026-07-20 10:23:13
i_6e545fe37c5d,c_d53eaeb67662,resource_card,A,2026-07-20 10:57:16
i_28fbeca4d7e1,c_78b26ccc71d2,resource_card,A,2026-07-20 10:57:20
i_174cbf4420cc,c_9ddb98c662d2,resource_card,A,2026-07-20 11:06:08
i_8d44ceacd08d,c_70c52d00d36d,resource_card,B,2026-07-20 11:08:26
i_30f3635fef6b,c_86f3acbaaccd,both,B,2026-07-20 11:15:44
i_e235e3e5ceb7,c_be1814f0a399,both,B,2026-07-20 11:19:32
i_2b5afd7a2730,c_1b5e6849fb95,both,B,2026-07-20 11:53:35
i_6c4575196a58,c_587e1c3ca9e4,both,A,2026-07-20 12:07:23
i_69daf2614db4,c_9760bc233180,resource_card,A,2026-07-20 12:36:11
i_eba8855e584c,c_c244992a94b1,resource_card,B,2026-07-20 12:50:43
i_76de6dd02178,c_edd415c4c0eb,resource_card,B,2026-07-20 12:54:47
i_e16cae4a7107,c_f814c604a5ad,resource_card,B,2026-07-20 12:56:01
i_64e80a4dd1da,c_4e80532c5582,both,A,2026-07-20 12:59:28
i_a0b51e9398a3,c_bd7aa1b26bb2,resource_card,A,2026-07-20 13:01:27
i_21e565a81f68,c_2d0f807de072,resource_card,A,2026-07-20 13:15:04
i_86c907109fe8,c_4e095b85f3dd,resource_card,B,2026-07-20 13:31:24
i_21916e67239c,c_6e8a8a054fe9,both,B,2026-07-20 13:31:56
i_1e1fe3ae1a6d,c_d6ecede75e30,both,A,2026-07-20 13:49:17
i_b353cc186002,c_e4656f2155c2,both,A,2026-07-20 14:17:05
i_4a6001a8382d,c_c6d6547486c1,both,B,2026-07-20 14:21:39
i_2f9978a66a2d,c_507214d6c8e0,both,A,2026-07-20 14:22:15
i_11eb25a9ecf4,c_1a7ae5645334,resource_card,A,2026-07-20 14:26:56
i_60992cf72df5,c_dfcae969f1c4,both,A,2026-07-20 14:32:53
i_0b306b0aa040,c_b1d7268bf0cf,both,B,2026-07-20 14:35:48
i_f3fda0c51164,c_310cbac76435,resource_card,B,2026-07-20 14:38:01
i_4140f0f94c9f,c_7d8495a890f6,resource_card,A,2026-07-20 14:56:58
i_d06e5ee69349,c_912dac1ef8c3,resource_card,B,2026-07-20 15:05:32
i_0131b41e8c23,c_ffd6b96ff2be,resource_card,A,2026-07-20 15:27:31
i_1b20cb7a5643,c_becf14944c8c,resource_card,A,2026-07-20 15:44:33
i_72209d6e7425,c_e5134ff0165b,resource_card,B,2026-07-20 16:33:10
i_5ea32382f136,c_51bad6d4c50a,resource_card,A,2026-07-20 16:33:13
i_8c31a97c4a46,c_f7b737f8fad0,resource_card,A,2026-07-20 16:38:54
i_5045a6d6467d,c_98379ff4b176,both,A,2026-07-20 16:54:06
i_954f95f03b84,c_f13764ba4f43,resource_card,B,2026-07-20 17:06:35
i_2ec40b219be5,c_b39874ceb7e2,both,A,2026-07-20 17:25:07
i_7960772dd591,c_d8d92e95c83d,resource_card,B,2026-07-20 17:39:14
i_1fe9932bdf01,c_9971df0cd8ac,resource_card,A,2026-07-20 17:49:30
i_2295f0074f91,c_0ca4416eea98,resource_card,A,2026-07-20 18:11:05
i_0c43437bfb22,c_8c5de58bced2,resource_card,A,2026-07-20 18:28:06
i_007059fa334b,c_82913ddfc08d,resource_card,B,2026-07-20 18:30:19
i_3d21b9529c19,c_0b1d5204fa3d,resource_card,B,2026-07-20 18:32:44
i_50834d328f03,c_e39db60bd6cc,both,A,2026-07-20 18:33:38
i_db9fe22e7e7b,c_500c75f8e9de,resource_card,A,2026-07-20 19:15:44
i_3635bc0665b5,c_7a385bf41f4a,resource_card,A,2026-07-20 19:22:25
i_00beed0e1835,c_e0a80dbaecac,resource_card,A,2026-07-20 19:31:09
i_18417a3af502,c_70e11415fd46,resource_card,A,2026-07-20 19:40:42
i_7822e9306e3d,c_36d557f02cc9,resource_card,B,2026-07-20 19:42:44
i_4d0c5e5c27d1,c_7f7d42f0132a,resource_card,A,2026-07-20 19:47:58
i_dbbe9e155ec5,c_09c21c517000,resource_card,A,2026-07-20 19:49:30
i_f49ec203eb74,c_be7a45a4f93c,resource_card,A,2026-07-20 20:13:33
i_8e17e9799ec7,c_299c975c0b69,resource_card,B,2026-07-20 20:15:34
i_742dc3ad8ce0,c_f34be1c607bc,resource_card,A,2026-07-20 20:16:04
i_79c6658cb390,c_bd904727dd5f,resource_card,B,2026-07-20 20:26:01
i_6d7359b2f51a,c_22f489b8215a,resource_card,A,2026-07-20 20:35:40
i_3c16693ed48b,c_2db83ac67741,resource_card,B,2026-07-20 20:37:45
i_ae9bb8be922c,c_f286f880dac9,resource_card,B,2026-07-20 20:45:57
i_701ed60ec3f7,c_3505849df289,resource_card,B,2026-07-20 20:52:49
i_7105a4226644,c_26554938eeb5,resource_card,B,2026-07-20 21:02:04
i_b632dd035583,c_484b9beef805,both,B,2026-07-20 21:03:51
i_1f4be2df8a6e,c_b745e53a228e,resource_card,A,2026-07-20 21:12:27
i_f09476a7dff5,c_637ff5017b7d,resource_card,B,2026-07-20 21:15:49
i_4ab1f4d02f00,c_cb618332290c,resource_card,A,2026-07-20 21:29:05
i_e9d0750e877f,c_f0ab21e33261,resource_card,B,2026-07-20 21:31:57
i_e4807d3d3cbd,c_16e567790150,resource_card,A,2026-07-20 21:55:01
i_5809d3844c66,c_a4c4e794843d,both,B,2026-07-20 21:56:19
i_f4819c64c5c2,c_b6b1eba3b67c,both,A,2026-07-20 22:12:45
i_5af1bf9d8aa6,c_6bc109b5e49b,both,B,2026-07-20 22:23:27
i_49cbb61ef1c8,c_95a7baf122aa,both,A,2026-07-20 22:25:20
i_16ea620a1cf0,c_78f35bd8f20d,resource_card,B,2026-07-20 22:31:01
i_f3befd1682ee,c_a8d1035cfd38,both,A,2026-07-20 22:38:35
i_98c6e3ec99f4,c_8caffa1ba927,resource_card,B,2026-07-20 22:58:16
i_daa674be656b,c_601cdaee3982,resource_card,A,2026-07-20 22:59:22
i_71071ffa1982,c_0ef264408429,both,B,2026-07-20 23:24:51
i_cdf2df21d0f8,c_d3602b8ea081,both,B,2026-07-20 23:32:18
i_88253c2031a3,c_21c37f2852a1,resource_card,B,2026-07-21 00:15:37
i_f22557676841,c_65709f2f3e9c,resource_card,A,2026-07-21 00:20:14
i_6ff8969046a0,c_fa3914c60350,both,A,2026-07-21 00:28:30
i_095f7b027f0d,c_4412eb267c1b,both,B,2026-07-21 00:40:52
i_31ea94abd8f8,c_192f7f803e5f,resource_card,B,2026-07-21 02:22:01
i_c974c17558c1,c_0b668ae98e76,resource_card,A,2026-07-21 02:42:38
i_30fe9d44c225,c_4670afe16316,both,A,2026-07-21 03:28:14
i_0ddfbe5acaed,c_5b6867642e55,both,B,2026-07-21 04:05:22
i_3a7a822a9745,c_a92ba0fdd7d6,resource_card,A,2026-07-21 04:17:25
i_74c75f04c656,c_b5d5548960bc,resource_card,A,2026-07-21 04:57:17
i_0bad8057007a,c_8b6cbad39d6d,both,B,2026-07-21 05:00:16
i_28d7091e652e,c_bb18a01050d3,resource_card,B,2026-07-21 06:20:49
i_ebfbde82aca6,c_c9d0869c0f87,both,B,2026-07-21 09:26:47
i_83d46543ecc0,c_c64f1016ceb9,both,B,2026-07-21 09:32:07
i_8bcbc97fe0d4,c_d3554b63be32,resource_card,A,2026-07-21 09:50:16
i_acab16c62364,c_1910457cde43,resource_card,B,2026-07-21 09:51:27
i_89dd527138d9,c_8bbf98bb4197,resource_card,B,2026-07-21 09:55:14
i_2a39d82129de,c_ef92f5d40aba,both,A,2026-07-21 09:57:22
i_5269a1fedd85,c_fe7394c169a2,both,A,2026-07-21 10:02:28
i_4af267cc7fb9,c_3c690fe2a9f7,both,B,2026-07-21 10:11:09
i_023ae6477592,c_fca235c70309,resource_card,B,2026-07-21 10:13:35
i_bbab3e4895a9,c_cc40b5ed04ac,resource_card,A,2026-07-21 10:16:49
i_f761518bf33a,c_8e6be57c2bd4,both,A,2026-07-21 10:27:28
i_3633560635b9,c_ac4aa34243f1,resource_card,B,2026-07-21 10:51:38
i_af59640a7d7a,c_be61b3d35169,resource_card,B,2026-07-21 10:52:52
i_8e732088b8a7,c_25d92d0d1f96,both,A,2026-07-21 10:59:25
i_21e759cb5ccd,c_005c4b135e5c,resource_card,A,2026-07-21 11:01:57
i_9bc608a744da,c_cafa3735474e,resource_card,A,2026-07-21 11:12:40
i_06ceeb1da9dc,c_c28b37fa1969,resource_card,B,2026-07-21 11:23:38
i_95d59cc1e893,c_cc3744b4f941,resource_card,B,2026-07-21 11:24:07
i_29a366a1eb5d,c_f2c27c8851ec,both,A,2026-07-21 11:26:41
i_c059830ed3f2,c_5105d77261ee,resource_card,A,2026-07-21 11:46:17
i_43cfd1b5dac3,c_f6b644f0bd93,resource_card,B,2026-07-21 11:47:44
i_9aff6d9b808c,c_db90cbdd3af0,resource_card,A,2026-07-21 11:58:47
i_5abbf9b259ca,c_f8784a353c3c,resource_card,A,2026-07-21 12:38:03
i_8dcfbb1aab90,c_2a4aaf4b1d14,resource_card,A,2026-07-21 12:43:05
i_54a3c01a78c2,c_f0222867b84d,both,B,2026-07-21 12:43:53
i_ffbe5b670848,c_576b62335e98,resource_card,A,2026-07-21 12:48:16
i_bb75aa454108,c_fe8acb62ef5e,both,A,2026-07-21 12:51:40
i_29b4b0a9b942,c_944be3bd9d4c,resource_card,A,2026-07-21 12:56:16
i_e59d7c1dbf42,c_db8f0d136ac9,resource_card,B,2026-07-21 12:56:50
i_86839ca2b59a,c_4422e5f2346c,both,A,2026-07-21 13:06:24
i_e8b5363f033f,c_881003004cb7,both,B,2026-07-21 13:06:44
i_f9a5bbdeddf6,c_5fdc46ab27b1,resource_card,B,2026-07-21 13:21:01
i_c7a27a6348d2,c_e4ef76d01e35,resource_card,B,2026-07-21 13:34:42
i_4faad18c2138,c_980682950b5c,resource_card,A,2026-07-21 13:40:02
i_db13bddf7da6,c_a0e6f73c14f3,both,B,2026-07-21 13:47:36
i_b84bf0dc5e10,c_9ba9e8d26056,resource_card,A,2026-07-21 14:35:11
i_bc1c49008dc7,c_3a9aeb36c4b0,resource_card,A,2026-07-21 14:54:19
i_40d4c50911b4,c_514da6e49256,both,A,2026-07-21 14:55:50
i_6062d3750ac8,c_a269ffaf3342,resource_card,A,2026-07-21 14:58:50
i_3547572c9d55,c_63493b1ca4d8,resource_card,A,2026-07-21 14:58:54
i_36a145691c5f,c_14054c0b4a95,resource_card,B,2026-07-21 15:00:13
i_f4f462a18e66,c_09e651387a5c,resource_card,A,2026-07-21 15:02:26
i_bbbb60317772,c_3d363eebd9ef,resource_card,B,2026-07-21 15:10:26
i_58da5f720a17,c_bee0b9ce9434,both,A,2026-07-21 15:29:32
i_22d5db89a751,c_6c2533f514a4,resource_card,A,2026-07-21 15:53:51
i_23f3bdebfcde,c_2fb1c578a74e,resource_card,A,2026-07-21 15:57:50
i_b7ca92723355,c_d34fa70970f3,both,B,2026-07-21 15:59:34
i_0ddb97215d01,c_dda2946da750,resource_card,A,2026-07-21 16:05:43
i_6c6871021279,c_4871ef42c9e5,both,B,2026-07-21 16:06:26
i_191912c64b89,c_cdd2da9001f0,both,A,2026-07-21 16:17:36
i_9b2e14f5140d,c_ce3fee242d65,resource_card,B,2026-07-21 16:22:03
i_976701b66f3e,c_2abb89377e4a,resource_card,A,2026-07-21 16:23:46
i_8597d59fdb66,c_ea1d8ec61640,both,A,2026-07-21 16:33:01
i_32cd1932245f,c_d0ac300e5ba4,both,A,2026-07-21 16:41:43
i_ac5e82c690d3,c_19ead221fbf7,resource_card,B,2026-07-21 16:44:19
i_37fe5ccc1251,c_0ebe00d5fe62,resource_card,A,2026-07-21 16:48:06
i_768edfd9763e,c_79a271927f00,resource_card,A,2026-07-21 16:57:09
i_ff0b070cb417,c_15d07889a1ea,both,A,2026-07-21 16:57:17
i_f86a785d6a80,c_3255d10bddac,both,A,2026-07-21 16:59:26
i_317b1a170590,c_fd31ea17655f,resource_card,B,2026-07-21 17:19:57
i_9c78b6702c19,c_cacc751bc6af,both,B,2026-07-21 17:31:36
i_410e6c0a90b4,c_2633d471bb2d,resource_card,B,2026-07-21 17:39:32
i_64c4d277a0e9,c_b5d62e141e77,both,B,2026-07-21 17:53:22
i_1ed15ffdc73e,c_a9dd83b68bbb,resource_card,B,2026-07-21 17:55:30
i_a091a2a635fb,c_3d837d063ffd,both,B,2026-07-21 17:58:43
i_6430049b5514,c_45ba22ccd362,resource_card,A,2026-07-21 18:02:38
i_621861a32c54,c_4f44644b8762,resource_card,A,2026-07-21 18:06:19
i_6670fc64d029,c_8606f1bb3479,both,B,2026-07-21 18:10:37
i_7909a1a769e1,c_051976854df0,both,A,2026-07-21 18:12:30
i_540f1503f2f1,c_21d9d3789b3a,resource_card,A,2026-07-21 18:18:55
i_5b3e0a7fa358,c_d655ac7410c1,resource_card,B,2026-07-21 18:26:01
i_075c3f443e24,c_04f91fa7a1b2,resource_card,A,2026-07-21 18:44:28
i_9d2c9c7f09b4,c_519bf90ab3cb,both,B,2026-07-21 18:46:03
i_fbf8b55a1819,c_517c28a4faaa,resource_card,A,2026-07-21 19:03:19
i_d4358ae48385,c_07a49b5522c6,resource_card,A,2026-07-21 19:14:08
i_ecd3f49cb82b,c_6950cb301cab,resource_card,B,2026-07-21 19:22:39
i_4809caed3219,c_8609082dca4c,both,A,2026-07-21 19:30:16
i_2e78d28a95e6,c_9ca20df05e1f,resource_card,B,2026-07-21 19:55:16
i_ce31077b3dce,c_899c7538957d,resource_card,B,2026-07-21 20:13:02
i_c57119eb5c05,c_aad4ea330ef8,both,A,2026-07-21 20:17:41
i_57fd22a4c6eb,c_c81fb459d58c,resource_card,A,2026-07-21 20:21:18
i_b48da455d142,c_df8279b729cb,resource_card,B,2026-07-21 20:32:13
i_7db5b41febdc,c_8de5fd10c5ed,resource_card,B,2026-07-21 20:32:46
i_ab18c04ca48d,c_6ed1292e83d8,both,A,2026-07-21 20:35:42
i_681db1958110,c_b72742bfe414,resource_card,A,2026-07-21 20:42:01
i_b39c5ab30dca,c_a8112017be66,resource_card,A,2026-07-21 20:45:41
i_284c77ceefda,c_ffaf6df59237,resource_card,B,2026-07-21 20:47:58
i_b45110db1ea4,c_46fd9bfb3011,resource_card,B,2026-07-21 21:37:05
i_629e2c031094,c_cc0977ab7d82,resource_card,A,2026-07-21 22:00:48
i_c548240323ef,c_e8b579a0d12d,resource_card,B,2026-07-21 22:07:51
i_450b29927bf5,c_73482d1a6e8c,resource_card,A,2026-07-21 22:21:52
i_8be160b2ffbb,c_cccf93b2f9a6,both,A,2026-07-21 22:38:19
i_24a1fd48afac,c_e7273fe3e5aa,both,A,2026-07-21 23:17:42
i_00de3b5e5354,c_fa33d3e35365,both,B,2026-07-21 23:23:33
i_ba9ede2aa572,c_6d61b39a9c4e,resource_card,A,2026-07-21 23:27:19
i_cb455ddc83f0,c_5d54bc254ea5,both,B,2026-07-21 23:40:58
i_5b1468178bbf,c_10e0aaae53b1,resource_card,B,2026-07-21 23:43:25
i_e44605aac170,c_a6928c67495f,resource_card,B,2026-07-21 23:49:23
i_fd04f38bf179,c_5cba70b81797,both,B,2026-07-21 23:55:19
i_81431f731bcc,c_acc597e4b063,resource_card,B,2026-07-22 00:20:21
i_4cccc53db9d9,c_2162d6fc7616,resource_card,A,2026-07-22 00:27:48
i_7504e682461f,c_429748431e7c,resource_card,A,2026-07-22 00:56:13
i_1ed1ff62dcb4,c_64663f08438e,both,A,2026-07-22 02:16:12
i_d2739ea573b9,c_a09dba60a29c,resource_card,A,2026-07-22 02:38:31
i_6fff7a6ce1fb,c_db7267b6e384,both,A,2026-07-22 02:58:42
i_ec1b35946f31,c_da9f797f1120,resource_card,A,2026-07-22 03:12:33
i_ccff98d7ab68,c_a968c2a77fad,both,B,2026-07-22 03:14:21
i_50dacc5aa2d5,c_8e7381ec5729,resource_card,B,2026-07-22 04:10:23
i_21f9ce6162dc,c_18cab62f1e20,resource_card,A,2026-07-22 05:18:51
i_714fb2af8f7e,c_a1973f7216b9,resource_card,B,2026-07-22 06:54:48
i_9c49631d7d11,c_5d494a45bb86,both,A,2026-07-22 07:13:47
i_92049e2589db,c_9040308006c6,resource_card,A,2026-07-22 07:14:11
i_546b7468cdc2,c_ea080f34e841,resource_card,B,2026-07-22 07:23:36
i_7ce0f015aab3,c_27818a1b34ce,both,A,2026-07-22 07:32:29
i_135147026db0,c_b8b246e08361,resource_card,B,2026-07-22 07:51:47
i_0ecfed19bef7,c_acdc23fe84d8,resource_card,A,2026-07-22 08:21:53
i_2f9eac78a782,c_181bbc4f0c58,resource_card,A,2026-07-22 08:45:55
i_9a5e49c62fdc,c_efd260a8c4fc,both,A,2026-07-22 08:46:14
i_b72d39b9d775,c_d5b68482c659,both,B,2026-07-22 08:49:07
i_855dc88aee2b,c_37faa1cc689a,resource_card,A,2026-07-22 08:51:05
i_e1d80f361ac3,c_c25ecd478942,both,A,2026-07-22 08:51:24
i_bceaba7e85ea,c_6fbd3290f6fe,both,A,2026-07-22 09:02:06
i_a3bfae024e6f,c_69a7eaf76087,both,B,2026-07-22 09:26:34
i_8e4555b411a2,c_249132d8a0ae,resource_card,A,2026-07-22 09:37:05
i_d2bb2f02fda5,c_d16279b88cae,both,A,2026-07-22 09:49:38
i_1c173f19d06e,c_50e40ed6dcc0,resource_card,A,2026-07-22 10:03:53
i_9f4ff5c7e1f7,c_0d4e057318ac,both,A,2026-07-22 10:07:14
i_ff03c09c5795,c_4ea1dd11ae1f,resource_card,B,2026-07-22 10:15:30
i_7f5bf76cb2de,c_0634f06dff09,resource_card,B,2026-07-22 10:39:15
i_6bb131cc5961,c_caf21f72bb2e,both,A,2026-07-22 10:43:58
i_f76585f6e708,c_e4730da1bf41,resource_card,B,2026-07-22 10:45:36
i_2396a1dbc063,c_3e05df621d15,resource_card,B,2026-07-22 11:31:42
i_9ac17fbccd2a,c_49df19ef6183,both,B,2026-07-22 11:31:57
i_91d2691ef95b,c_9e15a971f0dc,resource_card,A,2026-07-22 11:34:01
i_9b88b6ad7b99,c_9e78a3f0ce66,resource_card,A,2026-07-22 11:45:37
i_252fa6e1572a,c_3f2054e5b852,both,A,2026-07-22 11:48:23
i_cbb991fdb169,c_9264e45036ea,resource_card,A,2026-07-22 12:01:47
i_11f7a20cbfdf,c_5626d3b59bef,resource_card,B,2026-07-22 12:31:33
i_3d6c0854b6b8,c_a29699f5ddc7,both,B,2026-07-22 12:46:25
i_1cc98ec34827,c_92ba56fc4317,resource_card,B,2026-07-22 12:47:30
i_efb404fb9cc6,c_13b03292f10b,resource_card,B,2026-07-22 13:32:50
i_105809289416,c_6a1c756c1e28,both,A,2026-07-22 13:36:36
i_d0bd0a44637c,c_f1b0b31d545b,resource_card,B,2026-07-22 13:50:23
i_4b14273681f0,c_7f7ff9c30e1c,both,A,2026-07-22 13:57:11
i_c4be71494180,c_16b844527cf4,resource_card,A,2026-07-22 14:16:57
i_5fdce052fb2c,c_ec6b52e52193,resource_card,B,2026-07-22 14:19:34
i_e8ca017b8182,c_74debfa442c7,resource_card,B,2026-07-22 14:19:47
i_68b9114f97ec,c_d7645923f4b5,resource_card,B,2026-07-22 14:30:04
i_a5ec09b89f70,c_c2b91256ced7,both,B,2026-07-22 14:47:32
i_24d88b688fe9,c_fb6cd16f4fda,both,A,2026-07-22 14:47:55
i_03ba4aebd7ff,c_6388bd29031e,resource_card,A,2026-07-22 15:00:26
i_cb0f97941cf3,c_bc1d44d16710,resource_card,A,2026-07-22 15:02:59
i_ba9319de16ff,c_1afe522db798,resource_card,A,2026-07-22 15:08:49
i_d22e283719ce,c_f9074d4fd938,both,A,2026-07-22 15:49:33
i_4784e3933e23,c_498b146cacc2,both,A,2026-07-22 16:01:41
i_a4b2a36bf299,c_86f317c1eeee,resource_card,A,2026-07-22 16:07:57
i_ec83aad7b2a0,c_aa9162df481e,resource_card,A,2026-07-22 16:28:34
i_b3086560cbf7,c_360447b192b2,both,A,2026-07-22 16:29:12
i_6d761070e397,c_472bc29eefc5,resource_card,B,2026-07-22 16:38:10
i_d8bf9d64025f,c_18ed4046885f,both,B,2026-07-22 17:02:28
i_b63123587b8a,c_dc8bb39c4caa,resource_card,A,2026-07-22 17:02:40
i_e858be7f2082,c_1cb56d763b1d,resource_card,B,2026-07-22 17:14:48
i_9ee7d6ed2805,c_be5c9585f4a6,resource_card,A,2026-07-22 17:26:48
i_0ee51421e14e,c_a917017dc301,resource_card,B,2026-07-22 17:37:44
i_66aa6e69a4f5,c_fc725ca31a2a,both,A,2026-07-22 17:38:28
i_ea50dd28180e,c_9b4af0b1f404,resource_card,A,2026-07-22 17:39:36
i_df393f438b06,c_36ea674449a8,resource_card,A,2026-07-22 17:50:04
i_9161da0fdb96,c_5e790da1c5aa,resource_card,A,2026-07-22 17:57:27
i_70753d6127cb,c_2aea2c757e41,resource_card,B,2026-07-22 18:10:12
i_04581564c622,c_2b56f31d40b4,resource_card,A,2026-07-22 18:15:39
i_b7f3f1996c2c,c_ffb241537fc2,both,A,2026-07-22 18:29:02
i_3b0be5986b06,c_3f397a5b453a,both,A,2026-07-22 18:39:25
i_8718daacec0f,c_52f1e8dfb41f,both,B,2026-07-22 18:49:50
i_df43eb05f9e8,c_2de1a3100798,resource_card,A,2026-07-22 18:52:14
i_ebbbc4a7ec2c,c_2a66fa51e959,resource_card,B,2026-07-22 19:10:26
i_a52d2e451b66,c_92436363e4b0,resource_card,A,2026-07-22 19:26:13
i_5820f3686b18,c_267a83b9b379,resource_card,B,2026-07-22 19:51:25
i_ed2626875f36,c_987c701dc521,resource_card,B,2026-07-22 19:55:41
i_db42570cbb3f,c_1dfdd1a46d8e,resource_card,A,2026-07-22 20:02:32
i_3c8d5dc2c1fb,c_ce5cee761c7e,resource_card,A,2026-07-22 20:05:11
i_f611360b9ad9,c_32216e721391,resource_card,B,2026-07-22 20:18:03
i_6655d45a3f3d,c_ed88c690bb8f,both,B,2026-07-22 20:20:53
i_64bba061d771,c_a4f07143f0e2,resource_card,A,2026-07-22 20:24:18
i_d1501c41a523,c_5af39cd84fb2,resource_card,A,2026-07-22 20:35:16
i_ed0c53ed8cde,c_d1e479627fc9,resource_card,B,2026-07-22 20:37:08
i_ca89570841e9,c_90b4ab4d4896,resource_card,A,2026-07-22 20:37:35
i_54f514632885,c_45d0f39d640f,resource_card,B,2026-07-22 20:44:15
i_df4384fd1031,c_09ca86085c30,resource_card,A,2026-07-22 20:51:58
i_52f8f11d2c9c,c_5ae2a0bfb189,resource_card,B,2026-07-22 20:54:11
i_08776643203c,c_9b156f0ba19f,both,B,2026-07-22 21:03:16
i_5cc5380338b5,c_1a8dd286a74b,resource_card,B,2026-07-22 21:03:58
i_ce7a7fedcc3c,c_03b02426ef53,resource_card,B,2026-07-22 21:09:49
i_ba2620a85074,c_5877c6da7544,both,A,2026-07-22 21:32:23
i_90c8e965c332,c_d7d8f3325d45,resource_card,B,2026-07-22 21:36:12
i_76d04e343e60,c_56180f481444,resource_card,A,2026-07-22 21:49:53
i_5d0eb756e6f2,c_c70797112985,resource_card,B,2026-07-22 22:01:28
i_4903ed4a6deb,c_0a81774f9171,resource_card,B,2026-07-22 22:02:34
i_d28af5f89279,c_64861c4b3309,resource_card,B,2026-07-22 22:04:50
i_b0093d0bfa1a,c_e3289dd5a049,resource_card,B,2026-07-22 22:07:50
i_b65159c8a56a,c_1d83efb21692,both,A,2026-07-22 22:19:08
i_d3e89a87ba99,c_e011d44406b1,both,B,2026-07-22 22:35:29
i_d54b4f682eb0,c_454aafb92068,resource_card,A,2026-07-22 22:47:01
i_059fbe2a3771,c_4cb107a4c122,resource_card,A,2026-07-22 22:47:19
i_f2e71489e042,c_15b9366b502c,resource_card,A,2026-07-22 23:38:02
i_9dab40e36f60,c_ee853ea8fafa,resource_card,A,2026-07-22 23:40:59
i_a121ca9bd365,c_fa79a3880a7b,resource_card,B,2026-07-22 23:48:42
i_eb88b00e1671,c_d158c8784087,resource_card,B,2026-07-23 00:39:55
i_11b78304596f,c_33ca0284aa6b,resource_card,B,2026-07-23 01:17:24
i_86ff04699a0f,c_2b8c60fa9b6e,resource_card,A,2026-07-23 02:13:59
i_9c924c9e8c2b,c_61c880847d7b,both,B,2026-07-23 03:41:25
i_191b062f0747,c_e540124b89ff,resource_card,B,2026-07-23 05:36:43
i_32fc31baa078,c_348798a1767b,resource_card,B,2026-07-23 07:18:24
i_f59f23c5301d,c_dc96ec5eb917,resource_card,B,2026-07-23 07:28:20
i_ad65b4bbd1b4,c_f79eac563565,both,B,2026-07-23 07:49:20
i_94bb1fb435f3,c_e712197c0d38,resource_card,A,2026-07-23 07:54:19
i_cedcae8c38a0,c_63e0c103e338,both,A,2026-07-23 08:02:55
i_59cc0d3a59c5,c_9c57d676274e,both,A,2026-07-23 08:21:19
i_e5f3b14b10d7,c_92a439f2136c,resource_card,A,2026-07-23 08:26:03
i_60e983ffa106,c_15843ae468eb,resource_card,B,2026-07-23 08:28:29
i_be5fb0f55772,c_149bca933ca6,resource_card,A,2026-07-23 08:45:39
i_7c6316f1f66d,c_f9a1bde39287,resource_card,B,2026-07-23 08:59:28
i_666371e6d396,c_66678828657d,both,B,2026-07-23 09:08:14
i_512f1b076e4b,c_f9ace0ecaaf8,resource_card,A,2026-07-23 09:11:26
i_2e56c7c9ced0,c_835c2a34544a,resource_card,A,2026-07-23 09:21:44
i_705ad63b7511,c_6a62f50b7122,resource_card,A,2026-07-23 09:25:23
i_e5a3a21fd236,c_98c582c81040,resource_card,A,2026-07-23 09:32:03
i_4d01f27dd76d,c_ef0c46a54835,resource_card,B,2026-07-23 09:34:02
i_24837429aa41,c_1cbc19dba85f,both,B,2026-07-23 09:55:19
i_88a99566709e,c_cbd1ba0fdb8b,both,B,2026-07-23 10:08:03
i_e11dc8c1f2e6,c_1aeb6c8fbe8a,both,A,2026-07-23 10:20:14
i_cb5be8f243cb,c_d1fb250baad0,resource_card,A,2026-07-23 10:53:24
i_2c6d0c15663d,c_1d6550bbba9c,resource_card,A,2026-07-23 11:01:35
i_4714bba777ef,c_a9f269bf4d91,resource_card,B,2026-07-23 11:07:20
i_b7ee0227d191,c_4422075da265,resource_card,B,2026-07-23 11:23:02
i_faf2bd0b2fc8,c_306c6bd09d80,resource_card,A,2026-07-23 11:41:56
i_fe498b28bf97,c_c1d67a34c181,both,B,2026-07-23 11:54:18
i_0f9d1536bd6e,c_fb49b6fc744f,resource_card,B,2026-07-23 11:55:37
i_29a8074870c3,c_502a924e7cad,both,B,2026-07-23 11:58:52
i_78fda22509f1,c_1a1ba1a04424,both,A,2026-07-23 12:04:18
i_cd49d827dde3,c_97824eed27c4,resource_card,A,2026-07-23 12:17:34
i_98ad1db24045,c_61ea112e3aab,resource_card,B,2026-07-23 12:24:12
i_85e5256f681f,c_88bba6d720cc,both,A,2026-07-23 12:29:40
i_085ef83049d8,c_b8c596f07aab,both,B,2026-07-23 12:32:05
i_4da2f70f1f1d,c_4e155b10f608,resource_card,A,2026-07-23 13:12:33
i_d9635e69c52f,c_2d9d0ffa68cd,resource_card,B,2026-07-23 13:20:06
i_9468b817876a,c_3e489e7807cb,resource_card,B,2026-07-23 13:32:46
i_c1a33afc055d,c_bd024336695e,both,A,2026-07-23 13:40:03
i_93a92ff94983,c_5a4d7c46e4b7,resource_card,B,2026-07-23 13:57:55
i_b1a3263ccd30,c_15ab03045ec8,resource_card,A,2026-07-23 14:06:45
i_91c439eb7437,c_9669ac9d9cca,resource_card,A,2026-07-23 14:26:30
i_7eb449f5e23d,c_4cbb4633336c,resource_card,A,2026-07-23 14:30:13
i_e7a6a597d1e9,c_02656ffe5821,both,B,2026-07-23 14:40:17
i_8edadc7a7e52,c_e28504e9a304,resource_card,A,2026-07-23 14:42:34
i_1a4f0d179c4e,c_767fe2e7eaf1,resource_card,B,2026-07-23 14:48:56
i_22442fa40d0b,c_58ec4b9c3ce2,both,A,2026-07-23 14:57:00
i_9b2c24edfd38,c_a1c22427e78c,both,A,2026-07-23 15:13:58
i_b04937ce349f,c_325f0a2bccfa,resource_card,A,2026-07-23 15:16:05
i_01bd1208933b,c_bf255d4a9c5a,resource_card,A,2026-07-23 15:16:08
i_46b810447128,c_fac288354e86,resource_card,A,2026-07-23 15:39:48
i_3964c54f9fce,c_286b6137a6f6,both,A,2026-07-23 15:46:30
i_7ea6dfd4ab42,c_610eae8861e5,resource_card,B,2026-07-23 16:51:58
i_5211e46ac0d3,c_5694d78e9b4a,both,A,2026-07-23 16:56:43
i_05bf7beb0ece,c_85b1a2c92135,both,B,2026-07-23 17:07:38
i_47ff3d9a09c5,c_a452fe2576cc,both,A,2026-07-23 17:12:18
i_ca6bd917c14b,c_a23c2b84c4b2,resource_card,A,2026-07-23 17:15:05
i_b2c32163c1b8,c_6de60d464b94,resource_card,A,2026-07-23 17:20:45
i_5af991beaf24,c_bf6d2a7a6ef6,resource_card,A,2026-07-23 17:33:40
i_240d7bc805f8,c_906e1b346591,resource_card,B,2026-07-23 18:07:03
i_c86a0a9c3c55,c_d0deea5224bb,resource_card,B,2026-07-23 18:15:35
i_6a86cce61201,c_1b03c3e3f591,resource_card,B,2026-07-23 18:22:31
i_2e25c8ebc449,c_c2bf88d923f9,resource_card,B,2026-07-23 18:25:45
i_8310e08abf3a,c_f2b9625781bb,both,B,2026-07-23 19:04:04
i_94e471183ad2,c_6970ebf2368f,both,B,2026-07-23 19:11:49
i_914e5b3ad09f,c_8116a6d3ec18,resource_card,A,2026-07-23 19:21:36
i_bc50d843d2fc,c_f34f49bb6200,resource_card,A,2026-07-23 19:23:04
i_45bff9cfdec3,c_912e1beab491,both,B,2026-07-23 19:56:37
i_57a45682ad95,c_314e117cdf63,resource_card,B,2026-07-23 20:01:29
i_8855dd8385f0,c_ab3d4135287a,resource_card,A,2026-07-23 20:02:27
i_045c3de87214,c_8b14a78186ce,resource_card,A,2026-07-23 20:02:46
i_684c205a55d7,c_9fc962b05b75,both,B,2026-07-23 20:08:33
i_4898cc777a78,c_8927e1c9b190,resource_card,A,2026-07-23 20:13:18
i_c2496cd3abec,c_39b6433a19ce,both,A,2026-07-23 20:24:26
i_291921fce42e,c_cd06cab599d5,both,B,2026-07-23 20:32:56
i_0c26a1da322e,c_a901eef330f2,both,A,2026-07-23 20:33:49
i_56ad3fd776b4,c_e18099e59c7b,resource_card,B,2026-07-23 20:36:26
i_9d2f5e010694,c_31d40ed68887,resource_card,B,2026-07-23 20:42:08
i_985f1aa47b85,c_fd28c3795f4f,resource_card,B,2026-07-23 20:46:04
i_29d416e741ec,c_8e352ad9bdb6,both,A,2026-07-23 20:48:40
i_da4a65c889d6,c_2a13765558d2,both,A,2026-07-23 20:50:01
i_11f0c4a5bbf5,c_308046d3351b,resource_card,B,2026-07-23 20:58:27
i_d381907f4d67,c_8d3822bcacb1,resource_card,B,2026-07-23 21:01:05
i_735bf2bc5fff,c_a2f99d1391a4,both,A,2026-07-23 21:07:21
i_f364310282a3,c_e17ae532f402,both,A,2026-07-23 21:11:06
i_1e4f72587347,c_dd38117fc916,resource_card,A,2026-07-23 21:26:49
i_d0d2b495ddf4,c_6808f6aa0a31,resource_card,B,2026-07-23 21:39:32
i_40040017023c,c_aee553d5d130,resource_card,A,2026-07-23 21:49:42
i_f82ffae30975,c_d44eaba301d5,resource_card,B,2026-07-23 21:57:55
i_3c5de6c7c83f,c_324d4c8543f0,resource_card,A,2026-07-23 22:00:59
i_1011db1096ff,c_96145be2a74d,both,B,2026-07-23 22:06:28
i_29f22604b625,c_fa9fc21c7edc,resource_card,A,2026-07-23 22:06:35
i_5b6f2ce866cb,c_84875ba20035,resource_card,B,2026-07-23 22:11:19
i_0ff3f308d9ee,c_f6303865882d,both,B,2026-07-23 22:31:00
i_637ea0484591,c_c0727806630f,resource_card,B,2026-07-23 22:51:41
i_873d2462348a,c_51812da5b75e,resource_card,A,2026-07-23 23:18:11
i_fa68b209e86b,c_4b2c92d863a6,resource_card,A,2026-07-23 23:44:18
i_8659178765ab,c_2718b8a1d90d,resource_card,B,2026-07-23 23:53:59
i_5397488c2927,c_a6e25c2932b6,resource_card,A,2026-07-24 00:08:30
i_4d6cdef8e1bd,c_69de9e9bde8a,resource_card,A,2026-07-24 01:13:46
i_c9fe10a2bdb1,c_c3fff763d4c9,resource_card,B,2026-07-24 02:31:33
i_4ed9232769f7,c_bcd41ba4b585,resource_card,B,2026-07-24 03:37:08
i_3668682809f6,c_7448677e0c98,both,A,2026-07-24 04:54:17
i_32a8436ee9cd,c_252f16efac23,resource_card,B,2026-07-24 04:54:55
i_94276d502664,c_ad0a2d7946a2,resource_card,A,2026-07-24 05:37:13
i_f679ba3552d7,c_95ad8ba1e032,resource_card,A,2026-07-24 06:02:01
i_419e7c146379,c_9a3cf6a72f2f,resource_card,B,2026-07-24 06:15:31
i_ad3d516914b9,c_71c06828a219,resource_card,B,2026-07-24 06:43:39
i_f1d3c39929e3,c_56eb52904b72,resource_card,A,2026-07-24 07:31:32
i_a1529e1495a2,c_43c1210a8a56,both,A,2026-07-24 07:51:09
i_2c2847818117,c_1d23d57b58ca,resource_card,A,2026-07-24 08:33:14
i_da4772294d62,c_cdef284f6d94,both,A,2026-07-24 09:01:41
i_f38facd3ffe7,c_03b8ebe5cbeb,resource_card,B,2026-07-24 09:07:52
i_40b383ef3da9,c_f32c24fe075b,resource_card,B,2026-07-24 09:10:49
i_16848a6238de,c_a0b929a0f1b1,resource_card,B,2026-07-24 09:12:00
i_5e90f6855ff5,c_9cb0050397c9,resource_card,B,2026-07-24 09:16:03
i_74e75d3b514d,c_343eb0bb7d4a,both,A,2026-07-24 09:44:49
i_2431bba308b4,c_3a3948392786,resource_card,A,2026-07-24 09:51:07
i_05e98b0631a4,c_9c7b128ad2dc,resource_card,A,2026-07-24 09:58:32
i_0f8fb1dfd056,c_fed12792c18b,both,B,2026-07-24 10:15:30
i_abf666dfc6ca,c_01d9252f29d1,both,B,2026-07-24 10:25:08
i_1d608fceb17c,c_48de9acac523,resource_card,B,2026-07-24 10:33:40
i_7e8acdc80cc7,c_7f69ba016ab5,resource_card,B,2026-07-24 10:38:01
i_c1f31cc5845d,c_ec75e343b252,resource_card,A,2026-07-24 10:55:31
i_2029c23060e1,c_6e928b9e4e10,both,A,2026-07-24 11:08:32
i_a30c2698db19,c_733fcb827cb7,both,B,2026-07-24 11:12:14
i_c1b7a2f85c6d,c_8681d9154d24,resource_card,A,2026-07-24 11:14:30
i_029bbffa7593,c_384e7c7a7eb1,both,B,2026-07-24 11:36:34
i_b02da8ac7bef,c_5f7dd7011754,resource_card,A,2026-07-24 11:53:23
i_eedf06b877d9,c_2cb78a9113b4,resource_card,A,2026-07-24 11:53:58
i_843937519fea,c_ef8b77be2b22,both,A,2026-07-24 11:54:15
i_607bcfa0b880,c_6c3036d6bb90,resource_card,A,2026-07-24 12:06:44
i_2b561e3287bb,c_37e5eba54e7b,both,B,2026-07-24 12:06:51
i_23cc1d31f860,c_90505847d904,both,A,2026-07-24 12:18:34
i_3f3bdae5cf65,c_13e088d8aeba,resource_card,A,2026-07-24 12:37:36
i_a7335e215733,c_87f56ac7c2cc,both,A,2026-07-24 13:27:18
i_dea277b5a7ef,c_6648d5860809,both,B,2026-07-24 13:39:49
i_397b22cfdce7,c_b83262bb2a09,resource_card,B,2026-07-24 14:04:06
i_e784820995a1,c_88fd61ebc419,resource_card,B,2026-07-24 14:15:55
i_1178dc902cc8,c_2d1564653da7,resource_card,B,2026-07-24 14:54:36
i_bec633293568,c_b901b253ab2e,resource_card,A,2026-07-24 14:58:58
i_251bd240940b,c_1cb0c053d350,resource_card,A,2026-07-24 15:37:55
i_1a35974cdf1e,c_37845b369ad5,resource_card,B,2026-07-24 15:38:50
i_05e0cf4105ce,c_3c7c64433d0a,resource_card,A,2026-07-24 15:39:00
i_fb78d7dc417f,c_b2bc6006dbfc,resource_card,A,2026-07-24 15:54:23
i_589dd8a0312e,c_88ca7485de1f,both,B,2026-07-24 16:03:03
i_853b7299cb79,c_e6c39dd20a58,both,A,2026-07-24 16:08:27
i_b7e7e9f977a3,c_fbd1b2c2b162,resource_card,A,2026-07-24 16:13:15
i_cd4516cf3652,c_b7703dda98ca,both,A,2026-07-24 16:15:40
i_c145025a1738,c_c882193d7986,resource_card,A,2026-07-24 16:17:53
i_06ff19026a16,c_1daadab6e2db,resource_card,B,2026-07-24 16:17:56
i_b2e17f9c8a68,c_eedafb3070fa,resource_card,A,2026-07-24 16:35:03
i_f8494470da0b,c_8fcb3ab8526a,resource_card,A,2026-07-24 16:47:56
i_696b04c80dda,c_1aa481c79119,resource_card,B,2026-07-24 16:48:44
i_58b1e4dc386f,c_2ed9f3b86b4e,both,A,2026-07-24 16:50:55
i_9117a800b434,c_f0f4b332d580,resource_card,A,2026-07-24 16:54:47
i_035aa75a4d8d,c_a379346891af,resource_card,B,2026-07-24 17:02:43
i_e37fcbb4ced3,c_fdc2bf1b0a05,resource_card,B,2026-07-24 17:03:28
i_86220cfa6819,c_01308c07552e,resource_card,A,2026-07-24 17:09:15
i_e842e16b6303,c_415fb9e51f0b,resource_card,B,2026-07-24 17:10:13
i_ae1ec4022196,c_3093fe28bbbb,both,B,2026-07-24 17:55:20
i_fc76db117f89,c_c4efe185b690,both,A,2026-07-24 18:20:02
i_6968eb2fe276,c_664a516ef342,resource_card,A,2026-07-24 18:23:03
i_709633e8f7fe,c_ec77ef79a89b,both,B,2026-07-24 18:30:47
i_15db8bf2a174,c_6014213ee559,resource_card,B,2026-07-24 18:30:43
i_7953d4c3e2f2,c_d9405f77aba2,both,A,2026-07-24 18:31:44
i_36041ae88820,c_3870ad201d3e,resource_card,A,2026-07-24 18:36:17
i_313b89bbca0d,c_b22e95258408,both,A,2026-07-24 18:57:41
i_8cb85057406b,c_03e6654d7a69,resource_card,B,2026-07-24 19:00:38
i_ce47dd587ce1,c_f52a4b9d9daa,resource_card,A,2026-07-24 19:00:58
i_e57d9adeb808,c_c042eabefd34,both,A,2026-07-24 19:10:49
i_b54ca1547197,c_3a0e826c5c56,resource_card,A,2026-07-24 19:27:34
i_36b4167686e9,c_3f11194e65ca,resource_card,A,2026-07-24 19:33:45
i_6f9be9881968,c_b1c41af214ce,both,A,2026-07-24 19:47:33
i_1c819da45100,c_a82d15583072,resource_card,A,2026-07-24 19:47:52
i_c18f43622545,c_8cdd3d7aaa52,both,A,2026-07-24 19:55:17
i_ee620f6cee51,c_2025902871e1,both,B,2026-07-24 19:56:55
i_bcfd053666a9,c_63969bedba24,resource_card,A,2026-07-24 19:57:14
i_f6f61f397788,c_ce09dfce0014,both,A,2026-07-24 20:04:11
i_707f2dc6cd10,c_9eb518cc3ebe,both,A,2026-07-24 20:04:22
i_bba9efe1a9f0,c_caa20d075d88,resource_card,A,2026-07-24 20:08:02
i_02f9c410fa1a,c_f109fa733052,both,A,2026-07-24 20:08:15
i_89c9148005ea,c_4bcba6f2ff3a,both,A,2026-07-24 20:10:48
i_fca479e4df19,c_14926f8a3c1a,resource_card,A,2026-07-24 20:11:47
i_daa9a7bc374e,c_ce1743450d2d,both,B,2026-07-24 20:13:55
i_e0f4c81e29da,c_bf2bb836f488,resource_card,A,2026-07-24 20:22:45
i_30116379869e,c_39bd8a9dfe98,resource_card,A,2026-07-24 20:26:29
i_3a9953c39980,c_cad815bb20f3,resource_card,B,2026-07-24 20:33:42
i_3ead86de81a6,c_0d72c115d0b9,resource_card,B,2026-07-24 20:44:19
i_b930f450bce8,c_9c25ecce97e9,resource_card,B,2026-07-24 20:46:11
i_d7b7d68f3fa2,c_27b96726d9ee,resource_card,A,2026-07-24 21:20:40
i_5320c55e5cd4,c_1cfe4a676569,both,B,2026-07-24 21:24:18
i_8d9c7b7c15bc,c_12511112a8be,resource_card,A,2026-07-24 21:34:43
i_5e89173183d6,c_4fcd05f38418,resource_card,A,2026-07-24 21:43:58
i_a9dfd844fd93,c_bea05f509468,both,A,2026-07-24 21:48:22
i_28fcc83edf85,c_c3d97e479658,both,A,2026-07-24 21:54:12
i_8b71db6701e5,c_36b10d3e02fb,resource_card,B,2026-07-24 21:56:43
i_25bdf4f5ed3f,c_8e3eb6278b16,resource_card,A,2026-07-24 21:57:56
i_86a03edc5600,c_bcccee5655ed,resource_card,B,2026-07-24 22:01:31
i_e8c48a5c346e,c_30cfbc10afc4,both,A,2026-07-24 22:01:57
i_e2976635523e,c_c9a5e46f8cd1,resource_card,B,2026-07-24 22:03:34
i_531d205a1c43,c_836a4a74929d,resource_card,B,2026-07-24 22:05:48
i_5ed602ff4898,c_30e0b10cae39,both,B,2026-07-24 22:10:10
i_755ecf564144,c_e3c2ed0ac70e,resource_card,A,2026-07-24 22:27:01
i_7548f4bdd6bf,c_9325837bbced,resource_card,B,2026-07-24 22:35:27
i_1cafae6805a1,c_163db197d774,both,A,2026-07-24 22:55:34
i_0248f02b77b1,c_b5fe2f781942,both,A,2026-07-24 23:14:59
i_aea0a3ab2731,c_3ed4e41a2b11,resource_card,B,2026-07-24 23:30:23
i_ef516e59aa8d,c_beb5133931ba,resource_card,A,2026-07-25 00:03:16
i_3112fa187fc0,c_64fe54005dca,both,A,2026-07-25 00:06:41
i_5bc9f25becf3,c_e04a1d8314f4,resource_card,A,2026-07-25 00:21:13
i_da497dbfa5e3,c_74cb9635fb82,resource_card,A,2026-07-25 00:26:06
i_d44510e0e4aa,c_24a3ae907b58,resource_card,A,2026-07-25 01:47:23
i_90b9574b4ea2,c_3fc37f4d649d,resource_card,B,2026-07-25 02:20:54
i_40b6c7deb471,c_f95f9972873c,resource_card,A,2026-07-25 02:20:55
i_2f868c804950,c_991b2a7dfd98,resource_card,A,2026-07-25 03:12:04
i_d63680ba86ce,c_ac3dab044870,resource_card,A,2026-07-25 03:19:55
i_1e42d5295580,c_dd379c787d24,resource_card,A,2026-07-25 04:21:54
i_61fbf9f60cb4,c_3ccd6f280396,resource_card,A,2026-07-25 06:28:07
i_82584e1e1e29,c_3bdf3727a429,both,B,2026-07-25 07:49:52
i_2ac2d2a1d3cf,c_f06773f9c021,both,B,2026-07-25 08:06:06
i_1d8f0d4a06db,c_d4703754bc9d,resource_card,B,2026-07-25 08:08:59
i_baa6ac9eaac5,c_59be1a5583ca,resource_card,A,2026-07-25 08:21:03
i_8d1de34a5292,c_2663bf19272b,resource_card,B,2026-07-25 08:35:56
i_50cff670b4cf,c_4665edd3c93f,resource_card,B,2026-07-25 09:05:24
i_bf1d84570776,c_d51cf4e63f76,resource_card,A,2026-07-25 09:19:13
i_1cdd203c18aa,c_80dc6c31f6f0,resource_card,A,2026-07-25 10:01:45
i_ebdbc2c45e3a,c_268388bb7d51,resource_card,B,2026-07-25 10:03:11
i_1c44a32447ea,c_65e4f53862ac,both,A,2026-07-25 10:17:21
i_435410a4758b,c_fe790437f371,resource_card,B,2026-07-25 10:41:30
i_579ae8f772f2,c_4a4da8193d81,both,B,2026-07-25 10:43:46
i_86efc44d6100,c_22e1f54c628b,both,B,2026-07-25 10:53:50
i_6c9b7d8a62d8,c_670267378a1e,resource_card,A,2026-07-25 11:00:57
i_172ad5202b7a,c_d4b03b60799f,resource_card,B,2026-07-25 11:03:05
i_e2cb378f0d62,c_40ddfe43d26b,resource_card,B,2026-07-25 11:48:22
i_1e986859f5a5,c_5cf1c4eeafc3,resource_card,B,2026-07-25 11:50:29
i_30f75558527b,c_7b6fd61ba802,resource_card,A,2026-07-25 12:49:19
i_9b428d4b59a6,c_f936fd33be9c,resource_card,A,2026-07-25 13:00:36
i_dbd86f50edef,c_6ba0ed16e51d,resource_card,B,2026-07-25 14:04:21
i_6a0c802b09ed,c_a55c09941e01,resource_card,B,2026-07-25 14:24:15
i_132bc8d43c21,c_9375c6deaf89,resource_card,B,2026-07-25 14:38:04
i_6ff36eb7eee1,c_b6250b9fff40,both,A,2026-07-25 14:49:11
i_1be6342b20be,c_27f4cf63a4ae,resource_card,A,2026-07-25 15:06:46
i_bccea548f31d,c_9719be10e1b3,resource_card,B,2026-07-25 15:35:20
i_fcd6dc062464,c_22cf6b42f271,resource_card,B,2026-07-25 15:40:02
i_7e1b3dadfe38,c_ed6c421201f9,both,B,2026-07-25 15:55:07
i_33f918351f00,c_25c1a14ed31b,both,B,2026-07-25 15:55:52
i_617114e0ba92,c_b5299f8efd87,resource_card,B,2026-07-25 16:08:51
i_aa2a70ea4778,c_50a7d07887c3,both,B,2026-07-25 16:17:56
i_1447ead25e11,c_bbc2b7b0e03c,resource_card,A,2026-07-25 16:45:13
i_d1e086f99fed,c_6f3fca17ffe2,resource_card,A,2026-07-25 16:57:36
i_75c06f2f2e0e,c_e56659d02489,both,B,2026-07-25 16:58:20
i_f83fd2968fc6,c_fa27367ef63d,both,B,2026-07-25 17:01:59
i_848449760afc,c_302bbaf1789d,resource_card,B,2026-07-25 17:05:51
i_df3cf0705976,c_1f36194c3cae,resource_card,A,2026-07-25 17:11:05
i_11f4c048edac,c_e3cafcee2192,both,A,2026-07-25 17:12:37
i_4b48534235f8,c_c09e72569d83,resource_card,B,2026-07-25 17:45:41
i_683491849600,c_a4962076a6d5,both,B,2026-07-25 18:01:45
i_df8430aba488,c_655444b52bbf,resource_card,B,2026-07-25 18:05:42
i_51c9269e14b7,c_0beb25b7c9f4,resource_card,A,2026-07-25 18:09:03
i_4916c17c85c8,c_f6f596fa3073,both,B,2026-07-25 19:12:25
i_f6c675155efd,c_0caa73a6198f,resource_card,B,2026-07-25 19:16:15
i_9980c57c1a50,c_200e5149f302,both,A,2026-07-25 19:21:55
i_ffe278df413b,c_11231ab86b45,resource_card,B,2026-07-25 19:26:23
i_419ccc358dd0,c_ac4118ed7e82,both,A,2026-07-25 19:33:35
i_d9206d898efa,c_861f8c2f2fd3,resource_card,B,2026-07-25 19:36:50
i_d0a5302522da,c_e523212c45de,resource_card,A,2026-07-25 19:39:42
i_de91c187ec9d,c_a5bbf17267e9,resource_card,B,2026-07-25 19:41:38
i_2ef117d5ef91,c_58633ffa57c7,both,B,2026-07-25 19:42:26
i_7f7021b49598,c_b2df7a15bab6,resource_card,A,2026-07-25 19:49:01
i_b4676f64270e,c_25bb92a3833f,resource_card,B,2026-07-25 19:55:10
i_52bc65ad3141,c_05e6d703beca,resource_card,A,2026-07-25 19:57:47
i_b6ccb6964cd7,c_f08d4c26bb24,resource_card,A,2026-07-25 20:01:50
i_49f9ca779bec,c_de38e889fba6,resource_card,A,2026-07-25 20:13:44
i_7963dab5bcca,c_ac3e7fbdc4d7,resource_card,B,2026-07-25 20:44:35
i_32f11fb27447,c_bfeae2486d86,both,A,2026-07-25 20:51:06
i_5dd1b1d6b784,c_6c283628a673,resource_card,B,2026-07-25 20:57:11
i_e2814c9c42ef,c_20b741b95b59,both,B,2026-07-25 21:17:30
i_75c133334b3d,c_0d8f47e294f3,resource_card,B,2026-07-25 21:17:49
i_f52dcd9bd319,c_cccdedeea47b,both,B,2026-07-25 21:18:40
i_7a8d8c04a96d,c_b9c199ebb0a4,both,A,2026-07-25 21:20:26
i_994c3a458756,c_85540b450526,resource_card,A,2026-07-25 21:35:47
i_b59a7cfdb8bb,c_303b2d24e574,resource_card,A,2026-07-25 21:43:15
i_23d64fbbe471,c_7d997f86aebc,resource_card,A,2026-07-25 21:44:05
i_6b349fc95971,c_c8cfd8e5c82c,resource_card,A,2026-07-25 21:46:20
i_a6a9fc0f5177,c_0298b5b9c4a7,resource_card,B,2026-07-25 21:48:25
i_42fe5a12092f,c_061d11cdf961,resource_card,B,2026-07-25 21:52:12
i_a528aea5a263,c_fa26a397dd6a,resource_card,A,2026-07-25 22:35:12
i_57ec7102866a,c_05fcc68de2e6,resource_card,A,2026-07-25 22:48:19
i_22fbfd5bbcb8,c_fe46aeab669b,resource_card,B,2026-07-25 22:53:54
i_410807b9cef8,c_c9cedb50821a,resource_card,A,2026-07-25 23:22:41
i_04a330e431f3,c_34b3451a747b,resource_card,B,2026-07-25 23:31:59
i_7c7c18dd7370,c_25444ac8b947,resource_card,B,2026-07-26 00:28:03
i_17bdfbcc9a49,c_f53cbfa206f5,resource_card,B,2026-07-26 01:26:20
i_9f04a7382589,c_d67ec092703b,resource_card,B,2026-07-26 01:31:09
i_ff88c1ac50e2,c_233e95a0c6f6,resource_card,A,2026-07-26 01:36:16
i_ecf9c301fc88,c_7d92cac6e7b7,both,B,2026-07-26 04:06:53
i_4d3f10b83f9e,c_30dcf595fffe,resource_card,A,2026-07-26 05:01:28
i_1298f75d26b4,c_9d3e10b29c54,resource_card,A,2026-07-26 07:19:04
i_bc017efbbf75,c_f74599430213,both,B,2026-07-26 07:32:56
i_2aec59fcc54b,c_5d5dd0919e25,both,B,2026-07-26 07:44:18
i_01283edd6cf2,c_f9e5f404ebbb,resource_card,B,2026-07-26 07:49:34
i_a426ee1279d4,c_ed2d183a4be7,resource_card,B,2026-07-26 08:18:51
i_be8200d84c03,c_59979146a47e,resource_card,A,2026-07-26 08:31:33
i_3b566ec0dec8,c_2dcb7d3ed2a1,resource_card,B,2026-07-26 08:47:01
i_e6077d3ecbe8,c_5ed959d29620,both,A,2026-07-26 08:51:17
i_8dcad083fe23,c_11dc0bc1c27b,resource_card,B,2026-07-26 09:04:24
i_6e84f7595abc,c_35d867ec7b48,resource_card,A,2026-07-26 09:32:34
i_117a387ef14c,c_682c55a03d98,both,A,2026-07-26 09:34:59
i_81621bb34ecb,c_770c0b66f98b,resource_card,B,2026-07-26 09:41:55
i_991e75fc5988,c_d0aa35f0947d,resource_card,B,2026-07-26 09:59:31
i_b6c00ed1f0ca,c_b9a28c8576e7,resource_card,B,2026-07-26 10:06:36
i_80c04661918d,c_9b905e5d8b06,both,A,2026-07-26 10:37:20
i_47be9807be0c,c_5cb9b0d26b93,both,B,2026-07-26 10:43:01
i_546e9d848e17,c_631e57a9e4b2,resource_card,A,2026-07-26 10:59:35
i_2b63267b6dcc,c_05c8e41e65dd,resource_card,B,2026-07-26 11:02:35
i_f1cd3decc763,c_664ded85dc37,resource_card,B,2026-07-26 11:11:27
i_c5fb80de2e08,c_65a18a018265,resource_card,B,2026-07-26 11:20:48
i_98ab8c518e5e,c_4d3d44896069,resource_card,B,2026-07-26 11:30:21
i_97605a64a0d2,c_3d80a77c3148,resource_card,A,2026-07-26 11:38:30
i_b0a65473c05e,c_7253b6a58e67,resource_card,B,2026-07-26 12:02:43
i_3c36cf4eb084,c_fc334867c684,resource_card,A,2026-07-26 12:09:51
i_7da29921d3c7,c_45abf69a21e2,resource_card,A,2026-07-26 12:19:26
i_2ba44a80a467,c_c830c5bde5fd,both,B,2026-07-26 12:26:51
i_773ced02e374,c_2be3a9061d27,resource_card,B,2026-07-26 12:53:34
i_142dbf68bf19,c_0458405a6158,both,A,2026-07-26 13:00:56
i_b3781d0f89f3,c_9ae7e720e0a4,both,A,2026-07-26 13:06:54
i_e2a735ab00fe,c_72e24865814e,resource_card,A,2026-07-26 13:22:49
i_514eee983c35,c_16d4e38e9f56,both,A,2026-07-26 13:32:46
i_224897a93aeb,c_5df8f14a1309,both,B,2026-07-26 13:40:45
i_ecb0a9f644a5,c_ca66e6dcb742,resource_card,A,2026-07-26 13:59:48
i_fdbbdc35aa98,c_46c0b9d240e1,resource_card,B,2026-07-26 14:17:21
i_e22cf8a37782,c_681bdb116fc6,both,A,2026-07-26 14:41:45
i_a2f9d8180b8d,c_4b16a17af33c,resource_card,A,2026-07-26 14:45:44
i_bcc02ebd0a50,c_ca4d584adbe3,resource_card,B,2026-07-26 14:48:07
i_b7b162e22489,c_cb1ef07826e2,resource_card,A,2026-07-26 15:35:46
i_875a0d347ce0,c_3c8a5384f86e,resource_card,A,2026-07-26 15:54:15
i_5f5d0d37f74d,c_d81fc8a95545,resource_card,B,2026-07-26 16:11:05
i_56abebeaa11d,c_31d6c85421a8,both,A,2026-07-26 16:16:08
i_1b260e0c3f6c,c_d4c39f06dcf0,resource_card,A,2026-07-26 16:22:13
i_018116601a40,c_6e6d0de63c44,resource_card,A,2026-07-26 16:33:50
i_3d79f1bd53b1,c_842f594fdf07,both,B,2026-07-26 16:47:58
i_031d26e2cd1f,c_2340a2b0910f,resource_card,B,2026-07-26 16:50:51
i_bb5b77506883,c_822aa7e3927e,resource_card,A,2026-07-26 16:54:40
i_5dba8821cf6c,c_b37936910178,both,A,2026-07-26 17:04:09
i_e3ef5ecb54eb,c_e2f817347922,resource_card,A,2026-07-26 17:14:09
i_9802f1ee4029,c_4ea13d1aa069,resource_card,B,2026-07-26 17:22:17
i_e522e1ebad12,c_3752bce97885,both,B,2026-07-26 17:25:45
i_57150472be2d,c_576ac4d26b92,resource_card,A,2026-07-26 17:28:23
i_4f0bc494e819,c_fe11b5f28ad0,resource_card,A,2026-07-26 17:30:25
i_f7657bce0f98,c_995b4a3c2855,both,B,2026-07-26 17:31:12
i_347569335d02,c_1da083801171,resource_card,B,2026-07-26 17:36:25
i_307707360df4,c_9c789d6d1e94,both,A,2026-07-26 18:22:11
i_d4aa7c6f8e74,c_96bc9cb66eee,resource_card,A,2026-07-26 19:00:05
i_20904afbb316,c_78546061cf4a,both,A,2026-07-26 19:16:33
i_35f9544a57d6,c_899e4331d9fb,resource_card,B,2026-07-26 19:19:59
i_143eb5d314b7,c_b89dc7a0249a,both,A,2026-07-26 20:01:40
i_2241c1b3ddd0,c_7e87525130e0,both,A,2026-07-26 20:07:54
i_4e6a9b3f4248,c_fe3161d881be,resource_card,A,2026-07-26 20:10:48
i_b3d2226cc377,c_a42a8cc27454,resource_card,A,2026-07-26 20:12:38
i_27a40daa0d52,c_a0caca1d6e3e,resource_card,A,2026-07-26 20:42:58
i_cb171a2de0c5,c_727d987bc509,resource_card,B,2026-07-26 21:22:15
i_756e4110e4eb,c_3d55acc5ea31,resource_card,B,2026-07-26 21:27:33
i_f1b115aca54c,c_cda8e4aece9e,resource_card,A,2026-07-26 21:28:50
i_15ec663c5286,c_de2f20a8d5b9,both,B,2026-07-26 21:51:30
i_714cf7bb05a3,c_bf2c601ac289,resource_card,B,2026-07-26 21:55:38
i_adcb54b70eca,c_b3fc618767ce,resource_card,A,2026-07-26 22:16:02
i_93d38fe54027,c_536b37cc9919,both,B,2026-07-26 22:26:06
i_956d58ceef9f,c_601e1e10c75e,both,A,2026-07-26 22:33:08
i_68451985dd6c,c_aaf08907b6f5,both,B,2026-07-26 22:35:41
i_9357e3ac960d,c_fa32c130b623,both,B,2026-07-26 22:37:11
i_e0937767c105,c_24b627c5f3e7,resource_card,B,2026-07-26 22:42:02
i_8e2a1e23a3fd,c_3ce8093a0401,resource_card,B,2026-07-26 23:05:28
i_aa3fecaefeef,c_8f0420bcee6c,both,A,2026-07-26 23:28:11
i_ee77ca89ce07,c_84874b9b9940,resource_card,A,2026-07-26 23:33:11
i_d8497fd25c8e,c_58e03099a689,resource_card,B,2026-07-26 23:42:40
i_f3c0ea9d81aa,c_1cbb7d82a424,both,A,2026-07-26 23:58:48
i_b8a0ec4e7747,c_e46b0dce3cf3,both,B,2026-07-27 00:01:10
i_5b589d2550fb,c_c1881a56fa61,both,B,2026-07-27 00:09:08
i_b2ea27abda87,c_c2c484432111,both,B,2026-07-27 00:40:24
i_449a402f486a,c_b21ce3bd98d2,resource_card,A,2026-07-27 01:27:09
i_1e62b89462b8,c_7a36362656eb,resource_card,B,2026-07-27 01:51:26
i_46bae4426c26,c_8972c6854228,both,A,2026-07-27 01:58:16
i_bdd035c58c02,c_fe255760dfb8,both,A,2026-07-27 02:11:39
i_3836e3f50b13,c_b46952bab797,both,B,2026-07-27 02:44:54
i_e32ca8bcea3a,c_3c8165bf16a2,resource_card,A,2026-07-27 06:01:08
i_e75726d59828,c_f6df16380a19,resource_card,B,2026-07-27 06:09:25
i_37da7739e4ef,c_b89bb4662702,both,A,2026-07-27 06:25:23
i_12f53f40aaeb,c_34d2ab119bb4,both,A,2026-07-27 07:00:47
i_9136b8fdd06e,c_e5233cd61c6f,both,B,2026-07-27 07:13:44
i_15ed31e6ae29,c_067f5e20fc6e,both,A,2026-07-27 07:30:24
i_ca2844d3458f,c_743377e7ccaf,both,B,2026-07-27 07:52:31
i_b9a0ba16507b,c_026987fda1ba,both,A,2026-07-27 07:56:11
i_46e2c802bb29,c_91efb2fe069b,both,B,2026-07-27 08:15:08
i_94637132cb84,c_d10d2d665a0d,both,B,2026-07-27 08:38:39
i_f902ab5ac256,c_339aab670bb9,resource_card,B,2026-07-27 08:40:25
i_0436c3683347,c_26b4d8fad5b4,resource_card,A,2026-07-27 08:57:56
i_37aaf1229c3a,c_2c4a4750bc0f,resource_card,B,2026-07-27 09:03:52
i_aa46febf0e40,c_e637c8d85d46,both,A,2026-07-27 09:06:27
i_1e84ef7356a2,c_f6e484fa3d3b,resource_card,B,2026-07-27 09:11:40
i_7f3d12ef58a5,c_c63259bfd33e,resource_card,A,2026-07-27 09:27:58
i_2c879ccb7bf0,c_86d060c2fd18,both,A,2026-07-27 09:30:23
i_3f49ee442b2c,c_c9d1a209edc2,both,A,2026-07-27 09:47:15
i_6a0c0ca882af,c_839b2010a956,both,A,2026-07-27 09:48:01
i_01338286fb96,c_3e609c6a3945,both,B,2026-07-27 09:52:16
i_8af99b24bc2c,c_d7265848e1d5,resource_card,B,2026-07-27 09:56:39
i_64b85c79e5f3,c_07763e31561c,resource_card,A,2026-07-27 10:02:48
i_d4546296f98a,c_6318e19efcde,both,A,2026-07-27 10:22:44
i_4904da78a030,c_ab8613cdf99a,resource_card,A,2026-07-27 10:27:07
i_b8406a2d9f90,c_f543d0f088a2,both,A,2026-07-27 10:31:13
i_be185c9f7f16,c_37c9ffdc0999,both,B,2026-07-27 10:32:05
i_ec1378c03dd7,c_aeb41b84c6aa,resource_card,A,2026-07-27 10:34:08
i_fb821d798a28,c_52cfba07726d,resource_card,B,2026-07-27 10:37:48
i_0e1403110f13,c_dbe8eb3c0363,both,B,2026-07-27 10:50:26
i_cfdeb1682bd2,c_b43fabfab089,both,B,2026-07-27 10:51:27
i_0a6ba9298f23,c_5651a5d9c69b,resource_card,B,2026-07-27 11:03:50
i_7d961bac759b,c_e00e49a85441,both,B,2026-07-27 11:15:09
i_6c60095cf28c,c_70c3464d1762,both,A,2026-07-27 11:27:05
i_0e29af7ce14d,c_a4ae57d62c0a,resource_card,A,2026-07-27 11:28:56
i_5138b1a95c55,c_826171190421,resource_card,B,2026-07-27 11:41:09
i_53e87f567c8c,c_87bc0bfc34a6,resource_card,A,2026-07-27 11:44:31
i_efb4fe71ddd7,c_53f4714bcf5d,both,B,2026-07-27 12:05:20
i_1bd7e31b4270,c_c9a61a0db11c,resource_card,A,2026-07-27 12:33:50
i_145e39927045,c_172f4ebd5819,resource_card,B,2026-07-27 12:34:24
i_1b687a18958f,c_220a85a63c3a,resource_card,A,2026-07-27 12:36:26
i_dd3d3c21161d,c_20b0ce6bedc4,both,A,2026-07-27 12:40:26
i_1ab719d9ca4a,c_8bac077b8f14,resource_card,A,2026-07-27 12:42:29
i_ad8f8e287682,c_50a87592e03a,resource_card,A,2026-07-27 12:55:39
i_2550517f4f7f,c_8241b9ae6ed5,both,B,2026-07-27 13:17:03
i_8b6e491c0c82,c_069c82115cb4,resource_card,A,2026-07-27 13:19:10
i_1f60f192890b,c_f60b5a921d9a,resource_card,A,2026-07-27 13:19:05
i_f7c638959942,c_4362dc776ae0,resource_card,A,2026-07-27 13:23:46
i_4bd5304a4094,c_97db964e9387,resource_card,B,2026-07-27 13:40:03
i_20e71137ebe1,c_8bd82b89c860,resource_card,A,2026-07-27 13:46:41
i_147e8df77024,c_3340c96c39e1,resource_card,B,2026-07-27 13:47:03
i_1075b51d6297,c_feb7942446f0,both,A,2026-07-27 14:06:23
i_6511c779d61f,c_6e50e7775e50,resource_card,A,2026-07-27 14:10:54
i_0c5f4b809641,c_c4575648ade4,resource_card,A,2026-07-27 14:14:11
i_bc29bcd960f3,c_453345f43c75,resource_card,B,2026-07-27 14:49:18
i_0c4a179e6b38,c_396948c92c79,resource_card,B,2026-07-27 15:10:51
i_af6884aec32d,c_565cc7bb52b1,resource_card,B,2026-07-27 15:32:16
i_a8d08b6dff70,c_4feb0e75a60f,resource_card,B,2026-07-27 15:58:12
i_b8c90f8d8364,c_d17c1024a1e3,resource_card,B,2026-07-27 16:30:32
i_9363c319af17,c_e6ef3812192f,resource_card,B,2026-07-27 16:31:13
i_e6e48e09bce3,c_4807f7e5f8b6,resource_card,A,2026-07-27 16:50:13
i_9e790bdb188f,c_13120024c16d,both,B,2026-07-27 17:00:46
i_636afebe9ad3,c_b643e723d066,resource_card,A,2026-07-27 17:01:09
i_feca7ac37a10,c_e41deb477c6f,both,B,2026-07-27 17:14:52
i_2c85968fa2b3,c_63332b4addbc,both,A,2026-07-27 18:05:01
i_18fba7ae3ea1,c_1cfa92e68095,resource_card,B,2026-07-27 18:06:34
i_1a93dd5bd51e,c_f743c4e60f3d,resource_card,B,2026-07-27 18:11:48
i_5ebdaa8b0f3f,c_8d08a24c97a3,both,B,2026-07-27 18:11:58
i_27aab7ddde0d,c_cf47095f67fd,resource_card,B,2026-07-27 18:13:04
i_10f4d87d1016,c_f15f0de92fd3,resource_card,B,2026-07-27 18:21:44
i_e2fbab0b08b6,c_6b74c101f1fd,resource_card,B,2026-07-27 18:48:25
i_272258f915b4,c_7c2634f832f2,resource_card,A,2026-07-27 18:54:59
i_08912f3c5807,c_15ed38df6071,both,B,2026-07-27 19:06:07
i_4dda8f7cd6b1,c_f8c63c143ef5,resource_card,B,2026-07-27 19:20:35
i_267f90fc31d6,c_595bea357cbe,both,A,2026-07-27 19:28:47
i_a243cd7aef04,c_83a93470a4a2,resource_card,A,2026-07-27 19:30:13
i_e11bab14d28b,c_536552a3ea92,resource_card,A,2026-07-27 19:32:31
i_6bb96e0a3bfd,c_0663a4826ff1,resource_card,B,2026-07-27 19:56:12
i_8fb292963937,c_28d62e27abe8,both,A,2026-07-27 20:19:26
i_5f48877c49b9,c_1ba437608b9a,resource_card,A,2026-07-27 20:31:05
i_1011b5af3468,c_3ebf0efe2140,both,A,2026-07-27 20:35:02
i_d83dff24a0e0,c_2ebed10a8191,resource_card,B,2026-07-27 20:37:11
i_0cb73bc872b6,c_e968bcdc83f0,both,A,2026-07-27 20:49:30
i_a3d73c5ef13b,c_cf9ff508377f,resource_card,B,2026-07-27 20:57:08
i_1176328e2923,c_0c5e6b77d3d4,resource_card,A,2026-07-27 21:03:50
i_ca2f7870d0c7,c_5ec271f8e176,both,A,2026-07-27 21:06:43
i_73d45a07f7ca,c_5adcda9c0026,resource_card,A,2026-07-27 21:17:34
i_da5c19c299f5,c_57b9fce3a75b,both,B,2026-07-27 21:19:01
i_85ca0fd70bd7,c_7379b122bf2d,resource_card,B,2026-07-27 21:22:58
i_97f201dfee23,c_b68c70dda1bc,both,A,2026-07-27 21:23:13
i_a78398a5fa6a,c_7d486f136619,both,B,2026-07-27 21:24:07
i_d442e6276b76,c_c9aa197af56f,both,B,2026-07-27 21:37:25
i_06c180c4ad40,c_c8a1795947f1,resource_card,B,2026-07-27 21:42:47
i_f5b72c23e4e8,c_a96010306915,resource_card,B,2026-07-27 21:55:48
i_3371e4e2a198,c_20578dc6c25d,resource_card,B,2026-07-27 22:04:20
i_d4596dbd4b86,c_01920d4a5772,both,A,2026-07-27 22:09:47
i_4eaa60626e84,c_be5006700d12,resource_card,A,2026-07-27 22:18:23
i_138a506853e4,c_90c8933f7a6f,both,B,2026-07-27 22:24:24
i_c1a65b94ba29,c_5fa1ac5770cc,resource_card,A,2026-07-27 22:36:07
i_c398e3dcbedc,c_5792a502874d,both,B,2026-07-27 22:43:26
i_837f30ad7887,c_49d0935b6dca,both,A,2026-07-27 22:46:56
i_08cc46f63bd1,c_5dcfe670cb03,resource_card,B,2026-07-27 22:51:51
i_bd10b4c13850,c_2ba7453a30bf,resource_card,B,2026-07-27 23:59:53
i_34347e7c4fa9,c_23232cce8356,resource_card,A,2026-07-28 00:08:36
i_3d640fed0237,c_ce82753c20da,resource_card,A,2026-07-28 00:34:38
i_54edefbce6ef,c_e4503b63b0c1,resource_card,B,2026-07-28 00:36:30
i_c3df8d7eacd0,c_52d7f1dfe241,both,B,2026-07-28 01:47:39
i_03ebcc2dd18f,c_d5bf6d8014aa,resource_card,A,2026-07-28 02:10:43
i_0768bfcd4784,c_00e5cbf5783b,resource_card,B,2026-07-28 02:39:21
i_188ce22dca95,c_7963fde74fa7,resource_card,B,2026-07-28 02:43:48
i_d762ed4744d5,c_e839adebc6d5,resource_card,B,2026-07-28 02:46:13
i_188c3059d34f,c_b0a679466d84,both,A,2026-07-28 02:54:36
i_f7ad1ada47a9,c_b23c61242fc8,resource_card,A,2026-07-28 03:26:23
i_0f7b8acf9741,c_ef02d99fa9c5,resource_card,B,2026-07-28 04:56:34
i_4e451ab64e35,c_8c7b0ac2a3cd,both,B,2026-07-28 06:08:43
i_64e71f69b1b9,c_7d7abf953edd,resource_card,B,2026-07-28 06:35:57
i_b6970a1837c2,c_12e5fbf0eb4f,resource_card,B,2026-07-28 07:05:01
i_73dd16dcab12,c_275d64570185,both,B,2026-07-28 07:57:33
i_1f71a1669708,c_6732e397cfdb,both,B,2026-07-28 08:12:10
i_23b9588e986c,c_7ebcd7d30d8f,both,B,2026-07-28 08:52:41
i_1615aa979084,c_279dbd78ccce,resource_card,A,2026-07-28 09:20:01
i_5da82ac2f397,c_51fdb8cf3864,resource_card,A,2026-07-28 09:30:23
i_0b7b1f31e3af,c_356ce7d85f33,resource_card,B,2026-07-28 09:51:19
i_2f568d7ed09b,c_b2a71d9a2246,resource_card,A,2026-07-28 10:00:26
i_bd8524bd8923,c_eaf5c825b683,resource_card,B,2026-07-28 10:29:43
i_71f12b09e550,c_0823b8598a0f,both,B,2026-07-28 10:37:08
i_ee273e54e1d3,c_a761fc5d5a05,resource_card,B,2026-07-28 10:44:58
i_bf1882f18033,c_1b41e8a0dd2e,resource_card,A,2026-07-28 10:56:04
i_aa7fd606fa39,c_4b8cb8c8dc61,resource_card,B,2026-07-28 11:01:28
i_18fb7c3b4c02,c_092dc7963195,both,B,2026-07-28 11:04:06
i_c876b84f5abb,c_7c9b64c176d1,both,B,2026-07-28 11:08:30
i_567bb8af02c4,c_64594d96d650,resource_card,A,2026-07-28 11:18:44
i_41a625d1fe89,c_cb86f2b8b92f,both,B,2026-07-28 11:30:21
i_b1db556bd636,c_85e4cd63f172,resource_card,A,2026-07-28 11:38:25
i_a3a4a136d50c,c_52f62a804dff,both,B,2026-07-28 12:35:22
i_9b6a84d513ee,c_08335d789f01,both,B,2026-07-28 12:41:37
i_ac35bada6ad8,c_9331a2ee3bbd,resource_card,B,2026-07-28 12:49:00
i_acbb50fda5a1,c_3d953af710f7,both,B,2026-07-28 12:51:52
i_072b27e03b8e,c_eccd6102f2de,resource_card,A,2026-07-28 13:02:15
i_d1d998b1be7f,c_7b4301fe3be9,resource_card,B,2026-07-28 13:02:27
i_3b4985de6eb8,c_7c5bf7a8b360,resource_card,A,2026-07-28 13:02:35
i_e55486b1095d,c_f0e03e1447fa,resource_card,A,2026-07-28 13:03:38
i_22a7ff64e6b2,c_ffd0e263c4f1,resource_card,B,2026-07-28 13:09:03
i_57fb2ad178b3,c_408655cf4086,resource_card,A,2026-07-28 13:15:31
i_c5339d08b23b,c_436a5a099e81,resource_card,B,2026-07-28 13:18:23
i_395d1acd178f,c_e26c2b9dfd57,resource_card,B,2026-07-28 13:40:18
i_154150fc2840,c_c6258c35dfac,resource_card,A,2026-07-28 14:03:46
i_513f69551094,c_8b4d54cd2f06,resource_card,A,2026-07-28 14:12:10
i_5946b442f289,c_590ee322dabf,resource_card,B,2026-07-28 14:14:46
i_7b4a9847b58c,c_90017d4cd65c,resource_card,A,2026-07-28 14:16:06
i_344dc90d789b,c_ff40b2a934c2,resource_card,A,2026-07-28 14:45:40
i_1a2715485b6a,c_14475f91d877,both,B,2026-07-28 14:52:01
i_6ab1105336f6,c_4344c459e247,resource_card,B,2026-07-28 15:17:37
i_f2370b0bc530,c_ec59b0501fc7,resource_card,B,2026-07-28 15:36:12
i_a96848a65cc8,c_0029035b0881,resource_card,B,2026-07-28 15:37:04
i_2504d192af48,c_f1079ca08ebe,both,A,2026-07-28 15:38:08
i_e092eca8830a,c_8f06686da7f6,both,A,2026-07-28 15:38:35
i_45000303f7f4,c_f1fab747f771,both,B,2026-07-28 15:55:05
i_508db2bccb94,c_e77a37d5c413,both,B,2026-07-28 16:10:38
i_b15a1696494e,c_0fb656ada59b,resource_card,B,2026-07-28 16:29:54
i_0e6ffc1c7b2a,c_b88d98c1c8b2,both,A,2026-07-28 16:34:05
i_a1f0e4e2241e,c_558a2a42b067,resource_card,B,2026-07-28 16:39:14
i_5da3edfb6863,c_3bb1b6033b93,resource_card,B,2026-07-28 17:12:33
i_b715db15a884,c_cd7bd26a4c87,both,B,2026-07-28 17:28:40
i_fcc6b1c329d6,c_eab3036e4560,resource_card,A,2026-07-28 17:48:13
i_667eccfc4071,c_7740791a0f40,both,A,2026-07-28 18:09:29
i_d1577410650c,c_8688bd21022c,resource_card,A,2026-07-28 18:15:43
i_f6fcad3e616b,c_18bf1bc15afa,resource_card,A,2026-07-28 19:10:09
i_e21024ffa7bb,c_8e01132965fb,resource_card,B,2026-07-28 19:20:48
i_8e4ea5f4ba4c,c_2cba9ab24031,both,B,2026-07-28 19:25:03
i_04be6d4a552e,c_93f7a98ae3f0,resource_card,A,2026-07-28 19:34:46
i_da2a11d2194c,c_9828be11934f,resource_card,B,2026-07-28 19:42:27
i_648b19493eb9,c_a7bf8fd0f7d5,both,B,2026-07-28 19:42:36
i_877afd858e59,c_254bd5620b0f,resource_card,B,2026-07-28 19:45:19
i_5db05dadd992,c_ba97c697168e,resource_card,A,2026-07-28 19:45:55
i_1273f8e879a3,c_60157ca8b0d2,resource_card,A,2026-07-28 20:08:03
i_aafbb0116fbd,c_36084ea4aa3c,resource_card,A,2026-07-28 20:15:51
i_00f4df9091cb,c_d72a0017f899,resource_card,B,2026-07-28 20:18:23
i_6ceb39f44804,c_69eff904cc95,resource_card,B,2026-07-28 20:27:59
i_fd3639960903,c_7fec2f01a3c0,resource_card,A,2026-07-28 20:31:06
i_6af64f110ae0,c_e36ac211071b,resource_card,B,2026-07-28 20:36:38
i_4f18b1aeda3f,c_4d8b5df50b01,resource_card,B,2026-07-28 20:39:20
i_31b41bd30cb1,c_18057bb5f1e4,resource_card,A,2026-07-28 20:41:46
i_dda712e87a7b,c_c6342614b290,resource_card,A,2026-07-28 20:42:22
i_0789f8533b58,c_5070622a1f4a,both,A,2026-07-28 20:44:49
i_6e80b794eb19,c_0fa506f8b723,resource_card,B,2026-07-28 20:48:28
i_1e63813a5668,c_0085e2c18fb0,resource_card,A,2026-07-28 20:52:02
i_9af22d874232,c_69b30b37c434,both,A,2026-07-28 20:52:20
i_cc3b1607dfdc,c_698895c10e11,both,B,2026-07-28 21:01:38
i_c08087686db0,c_a6e2957a1a75,resource_card,B,2026-07-28 21:05:26
i_9fe6537ebc47,c_f3399aeb4197,resource_card,B,2026-07-28 21:07:40
i_23a22e48584b,c_1a8c7bc546b7,both,B,2026-07-28 21:21:05
i_661b83d75349,c_f90d47a77f04,both,A,2026-07-28 21:27:36
i_2ee64bb43250,c_30b9e6167c89,resource_card,B,2026-07-28 21:30:43
i_8cf6458bc9fb,c_079918dc9f18,resource_card,A,2026-07-28 21:37:58
i_f77017bc6a4c,c_8e8d641d8b77,both,B,2026-07-28 21:43:46
i_914fd98fb599,c_d8fa4bfd6e54,both,A,2026-07-28 21:47:40
i_10af4cffe28e,c_a886e87bce47,resource_card,B,2026-07-28 21:49:27
i_066a8707b7b7,c_6f2ac81538a1,resource_card,B,2026-07-28 22:08:14
i_f8406a86a22b,c_ac13b1c6f3df,resource_card,B,2026-07-28 22:10:21
i_f1626ac19a55,c_f3b7a78991d0,resource_card,A,2026-07-28 22:36:50
i_dc8650e3be87,c_e481dc8de901,resource_card,B,2026-07-28 22:54:05
i_829201aca98f,c_d99f202bea4e,resource_card,A,2026-07-28 23:03:36
i_9fd489f44f5c,c_80ec687cfd6d,resource_card,B,2026-07-28 23:18:19
i_a44c2fc6e4dc,c_46db23a86f0e,both,A,2026-07-28 23:34:47
i_cacdbca40ea4,c_33fa00525a33,resource_card,B,2026-07-29 00:34:03
i_7cb399ee2e3e,c_8d738fbcfc7c,resource_card,A,2026-07-29 02:13:41
i_5de6ba94c67b,c_6c1d93f6c6c1,resource_card,B,2026-07-29 02:56:58
i_4be84a740fa0,c_6152b2151268,both,A,2026-07-29 03:12:01
i_4df7c26a279b,c_0457a036e471,resource_card,B,2026-07-29 03:15:06
i_8eb5e6f42de2,c_f6b065f93235,resource_card,B,2026-07-29 03:36:11
i_3713a467304f,c_7e252cc27adf,resource_card,B,2026-07-29 03:41:56
i_89de1ea996d6,c_2c4bc5008cc7,both,B,2026-07-29 03:42:35
i_570d2aa646d4,c_1b66b33acb14,resource_card,A,2026-07-29 05:04:24
i_1774e0fa6ffb,c_3e49d2b17600,resource_card,A,2026-07-29 05:40:26
i_aa6b36cda179,c_87370634c1de,resource_card,A,2026-07-29 07:46:27
i_cdbbf5ea9263,c_43472b218a03,resource_card,B,2026-07-29 07:52:15
i_f258d6bb871f,c_03850c2cbcc9,both,B,2026-07-29 08:00:02
i_68125c73b525,c_ba10cf2cc6f1,resource_card,B,2026-07-29 08:04:43
i_5e5a12bc1e60,c_7cf343ca22e5,resource_card,B,2026-07-29 08:18:50
i_68be393f8c8d,c_f3cd49492c8a,both,A,2026-07-29 08:43:23
i_43b5e0b31a48,c_68389cbdf2e8,both,A,2026-07-29 08:54:34
i_5e5c9d416e58,c_4e2404a4468e,resource_card,A,2026-07-29 09:01:00
i_49f77a601b52,c_988da5272284,resource_card,A,2026-07-29 09:15:33
i_794bbaeb1893,c_0b7db09b7097,resource_card,B,2026-07-29 09:38:30
i_ccb3bf89ea32,c_43c4482a0802,resource_card,A,2026-07-29 09:49:02
i_9c723e7c2ad4,c_1274db11fefe,both,A,2026-07-29 09:50:25
i_e2fe27bf1cf2,c_779d9f41a313,both,B,2026-07-29 09:51:38
i_7e771df63137,c_9ef6f67ea8d7,both,B,2026-07-29 09:53:51
i_a04911dff8a1,c_0ce277c80a57,both,B,2026-07-29 09:54:02
i_61a8eb38c231,c_f7943330117a,resource_card,A,2026-07-29 10:04:00
i_28292df2d73e,c_4524cbfbe2d8,resource_card,A,2026-07-29 10:12:05
i_27c1e08753e3,c_50c5af4b6264,resource_card,A,2026-07-29 10:18:00
i_05e84b526f68,c_6d2ce5b923a6,resource_card,A,2026-07-29 10:20:04
i_8067c634338a,c_1db2916fc45c,resource_card,A,2026-07-29 10:20:14
i_a09d9c3ddc41,c_97b4e963a338,both,A,2026-07-29 10:56:24
i_01385bf8c5ba,c_b73ccc668809,resource_card,B,2026-07-29 11:02:12
i_c7112751f4c5,c_7571a7bf6977,both,B,2026-07-29 11:30:05
i_94fffe1c4036,c_63787d449796,resource_card,A,2026-07-29 11:30:41
i_cb0c6430bf3d,c_e4f4a33542a8,resource_card,A,2026-07-29 11:38:21
i_ba5f28d1d7f8,c_d979e85f18bb,resource_card,B,2026-07-29 11:42:44
i_02b143812f13,c_7944e35876c4,resource_card,A,2026-07-29 11:54:17
i_c19727e599ee,c_73b5699c9a8a,resource_card,A,2026-07-29 12:03:51
i_64713e09aa11,c_b3d65551872d,resource_card,B,2026-07-29 12:16:05
i_e8791503ca32,c_4e6df2920891,resource_card,B,2026-07-29 12:17:21
i_eaea5cf214ab,c_3158a6aa3b87,both,B,2026-07-29 12:37:10
i_dfe2181ce076,c_bde387f4808d,both,B,2026-07-29 12:47:16
i_01469c49a47e,c_0986e9cb0453,resource_card,B,2026-07-29 12:52:29
i_95abe92937bf,c_756460ba81cb,resource_card,B,2026-07-29 12:52:58
i_b94810f0adf2,c_95dbba66cf2a,resource_card,A,2026-07-29 12:59:23
i_c5e249e3533d,c_6e9db721b1fa,resource_card,A,2026-07-29 13:31:21
i_2c932f823686,c_38fb34f6146b,resource_card,B,2026-07-29 13:34:25
i_0daaaf56ae7f,c_9f8fab04e861,resource_card,B,2026-07-29 13:38:09
i_2cf14f08b5d8,c_b718cc31a540,both,A,2026-07-29 13:47:11
i_44cef0a783a4,c_fe360dcef884,resource_card,A,2026-07-29 13:55:01
i_089846ff3b66,c_d338428db942,resource_card,A,2026-07-29 13:56:13
i_e60f765e3956,c_0955ee548edf,resource_card,B,2026-07-29 13:58:08
i_d383137b3a33,c_3915b71a4783,resource_card,B,2026-07-29 14:03:53
i_7f38268d121d,c_741db27211a1,resource_card,B,2026-07-29 14:11:13
i_bb7473ac4039,c_80d35b63c38d,resource_card,B,2026-07-29 14:11:22
i_b234ead688bc,c_9713375d1ea8,both,A,2026-07-29 14:26:14
i_1ae49d1ce990,c_e4750eef477c,resource_card,A,2026-07-29 14:43:31
i_c8d556fc99b1,c_a21f6116da67,resource_card,B,2026-07-29 15:02:17
i_1105b5798cf5,c_d86cee68cf01,resource_card,B,2026-07-29 15:03:56
i_7c1ca20a45e1,c_1d375285277a,both,A,2026-07-29 15:05:15
i_2df8016c8a00,c_881e31d85762,resource_card,A,2026-07-29 16:24:20
i_678967024962,c_8779dc0b463d,both,B,2026-07-29 16:46:46
i_c8f44a8c02f2,c_b4fcfb6e86ae,both,A,2026-07-29 16:51:44
i_21726c5046da,c_8d1be07ded5e,resource_card,A,2026-07-29 16:52:12
i_916f61f6696d,c_78dc1f6e8657,resource_card,B,2026-07-29 17:26:17
i_87d51850eb0f,c_293987e67410,both,A,2026-07-29 17:35:35
i_69f70cb180c6,c_f4acec3512e2,resource_card,A,2026-07-29 17:39:26
i_e1cfce79ec4a,c_75fe4caf1552,resource_card,A,2026-07-29 17:41:25
i_2208bcd30b10,c_1a7469a672c8,both,A,2026-07-29 17:52:31
i_13955ce12f15,c_deeb4dc7f237,both,B,2026-07-29 17:54:14
i_747ea654c2e3,c_397a76dd1630,both,A,2026-07-29 17:56:15
i_3250ceea3bbf,c_62f8fa058b1f,resource_card,B,2026-07-29 18:17:10
i_98a1dbfc767d,c_0fb7c80a36b9,both,B,2026-07-29 18:19:17
i_78ddde92042d,c_b0a5504e74fc,resource_card,A,2026-07-29 18:20:42
i_4a7f75b5c72d,c_7996bf821040,resource_card,A,2026-07-29 18:23:01
i_2ffd50a641b6,c_c1f00f952cdc,resource_card,A,2026-07-29 18:32:08
i_e8d52e76a061,c_02dd5ed7fbc2,both,A,2026-07-29 18:33:11
i_68ae6b411dfd,c_d077cfa1115a,resource_card,A,2026-07-29 18:33:09
i_d24035ffc35b,c_f8b6d2462efc,resource_card,A,2026-07-29 18:35:43
i_188cb3a311bf,c_2ad5c4adc603,resource_card,B,2026-07-29 18:43:15
i_7086d9b5a30e,c_759ea6da9c48,both,A,2026-07-29 18:51:16
i_422b0d2506cb,c_edb1289fe044,resource_card,A,2026-07-29 18:57:47
i_b1954ddecce9,c_d95e11e7f91b,resource_card,B,2026-07-29 19:06:46
i_725bfb763d3d,c_bbabe1fc2fc1,resource_card,B,2026-07-29 19:08:31
i_f4d692814e80,c_abd0a45a7736,both,A,2026-07-29 19:09:30
i_1f2ed054e7c5,c_eb7fc96c8af5,both,B,2026-07-29 19:11:39
i_fb45d2267e5e,c_bb6b7536eb75,both,B,2026-07-29 19:27:38
i_cf53e3f16ea2,c_9adbe9e0a5a1,resource_card,B,2026-07-29 19:54:28
i_af6b135af20d,c_d0f471d5f639,resource_card,B,2026-07-29 20:00:58
i_0951f4cbc81f,c_0497238efcf3,both,B,2026-07-29 20:14:04
i_e36a8cd72941,c_a5c4c2089b0d,resource_card,B,2026-07-29 20:17:46
i_76086e667781,c_38eee25801ac,both,A,2026-07-29 20:23:23
i_7305f9e47d43,c_2b0d3de7405e,resource_card,A,2026-07-29 20:31:18
i_4e56293ad3be,c_cd6ba5ca18d8,resource_card,A,2026-07-29 20:35:47
i_da607ad6e0b9,c_7139ac3bd8bf,resource_card,B,2026-07-29 20:38:19
i_226e3b53e56e,c_35985aeac129,resource_card,B,2026-07-29 20:39:05
i_44ff95a951f2,c_74e989cfd3cf,resource_card,B,2026-07-29 20:47:39
i_379f7879d804,c_5211e3f2c189,both,B,2026-07-29 20:51:21
i_e3ecc792bb69,c_a42ac7c43e6a,resource_card,A,2026-07-29 20:54:16
i_88860e016a18,c_fff943c98775,resource_card,B,2026-07-29 20:54:46
i_d3ecb3ba535d,c_6adf0591d049,resource_card,B,2026-07-29 21:04:57
i_657eb87ebbfe,c_65e5a3c03dfb,resource_card,B,2026-07-29 21:08:43
i_047fc7b11f4a,c_0af802a562f9,both,B,2026-07-29 21:47:18
i_2cdec8521731,c_43db676089e3,resource_card,B,2026-07-29 21:53:15
i_01f604c4e374,c_def115ac5211,resource_card,B,2026-07-29 21:56:31
i_fcd4426aec26,c_8c3a6bba149c,resource_card,A,2026-07-29 21:59:48
i_dbd12ff54869,c_c312fdffc6dc,resource_card,A,2026-07-29 22:07:56
i_da802cdf1836,c_d94926ed5e82,both,A,2026-07-29 22:18:47
i_63eb2c129e1d,c_4656a8ea2c71,both,B,2026-07-29 22:22:01
i_8510cbecaeaa,c_ac9d3037bcb4,resource_card,A,2026-07-29 22:37:25
i_3ba765663701,c_d2f04d0ede69,resource_card,B,2026-07-29 22:38:56
i_881b045294df,c_58edccd69321,resource_card,B,2026-07-29 22:53:29
i_58b89f6c6036,c_5a9e347888c5,resource_card,B,2026-07-29 22:58:55
i_7564761d9716,c_72c0cf6ab96d,both,B,2026-07-29 23:28:24
i_6991e54160c7,c_b64574f4feba,both,A,2026-07-29 23:34:15
i_e0f140f11e37,c_de1cceeb90d2,resource_card,A,2026-07-29 23:58:26
i_fda63f1b347c,c_26299118b7ca,resource_card,A,2026-07-30 00:07:04
i_ffd248e4dcd6,c_13a6fc0db4a7,both,B,2026-07-30 00:21:53
i_5899853ad78e,c_9643ca988e66,both,A,2026-07-30 00:37:34
i_510ac060c96a,c_52c7bd1a8f77,resource_card,B,2026-07-30 00:52:23
i_3f569d79bc5c,c_f46dd6291954,resource_card,A,2026-07-30 00:53:11
i_2cce42a575b6,c_927c0aa91be9,resource_card,B,2026-07-30 01:26:02
i_c4034aa1eb56,c_f9c25f31f116,resource_card,A,2026-07-30 01:34:44
i_0ccf366b3bd0,c_819e76160f16,resource_card,A,2026-07-30 03:40:11
i_f7e116537cc0,c_e78504994ddc,resource_card,A,2026-07-30 03:50:40
i_7283356d85bb,c_0e9287cb702d,resource_card,B,2026-07-30 04:06:04
i_2b77b178443e,c_3b8bcbe845c2,both,A,2026-07-30 05:48:35
i_f6ecd9b30c75,c_c6f0f2bd9c85,resource_card,B,2026-07-30 07:06:41
i_92361e18b23e,c_27c705cbf466,resource_card,A,2026-07-30 07:16:20
i_68965110f898,c_432d16f58642,both,A,2026-07-30 07:18:24
i_26867e4cdc4b,c_2be289522138,both,A,2026-07-30 07:25:41
i_ec7942f0f127,c_c5d01f930176,resource_card,A,2026-07-30 08:10:02
i_2ada4187bb79,c_1dc49fb3be87,resource_card,B,2026-07-30 08:17:15
i_80c96381d8e0,c_ae0cbce4bf1c,resource_card,A,2026-07-30 08:19:48
i_6fab51a7fedd,c_61cc018641ed,both,B,2026-07-30 08:20:29
i_fcd250716ce5,c_3f0ff4a0058e,resource_card,A,2026-07-30 08:52:59
i_f9a0b40e529a,c_bf1142a44494,both,A,2026-07-30 08:54:56
i_fbc36af8b8ae,c_369230c71cef,both,B,2026-07-30 09:16:50
i_4322ed223b44,c_e2dda97f07ef,both,B,2026-07-30 09:28:08
i_af4cccbfc352,c_428647bdf20d,resource_card,B,2026-07-30 09:45:22
i_89f28e52bed0,c_d5963012b45e,resource_card,A,2026-07-30 09:47:09
i_6820685968e5,c_a44c2521d9d4,both,A,2026-07-30 09:47:59
i_0ddb7a7e4959,c_b5c4a6f26c17,both,B,2026-07-30 09:58:13
i_af920ff6b68c,c_e6efb1645a8f,both,B,2026-07-30 10:00:53
i_978fbd2ae761,c_50dd3c7825a5,resource_card,B,2026-07-30 10:12:13
i_bbb96c923651,c_cb94a7afdf2d,resource_card,B,2026-07-30 10:26:46
i_f3abaac7f6f7,c_94a75332b95a,both,A,2026-07-30 10:31:38
i_53bce0c96053,c_28b696a77df4,resource_card,A,2026-07-30 10:34:52
i_f35fa6d71cd2,c_af27e34637cc,resource_card,A,2026-07-30 10:36:27
i_5967b985fdb5,c_bed2affac9f4,resource_card,A,2026-07-30 10:50:29
i_863c80f7bfec,c_17be96182ec6,resource_card,A,2026-07-30 10:53:32
i_4cfe1dfb6e57,c_a1bc209c0d9b,resource_card,B,2026-07-30 10:57:25
i_9dae9559b5dc,c_179b2da314e3,resource_card,B,2026-07-30 11:03:51
i_86bd9119a8c9,c_1379a48c17f9,resource_card,B,2026-07-30 11:29:12
i_663b71e2323e,c_04589c8abc34,both,A,2026-07-30 11:38:03
i_d1913d49bd21,c_3bdf12cce802,resource_card,A,2026-07-30 12:02:39
i_d34931610ae6,c_4b2ba3a711bc,both,A,2026-07-30 12:04:31
i_417ef9220b6f,c_a5ca4ccaae6a,resource_card,A,2026-07-30 12:22:36
i_deb2e10bb6a0,c_b18c145cc335,both,B,2026-07-30 12:27:18
i_7eccb329a27f,c_84dfdd9bccd8,resource_card,A,2026-07-30 12:43:52
i_5cf180c2f0ac,c_b600fcc1b1ae,resource_card,A,2026-07-30 12:44:49
i_2dcffa08e80f,c_1cba2f314b0a,resource_card,A,2026-07-30 12:53:35
i_2c2cfe295422,c_27057d56962d,resource_card,B,2026-07-30 13:09:10
i_fef9db1988d0,c_457db6008dc9,resource_card,B,2026-07-30 13:23:24
i_2f225c69eaac,c_45efc300e1fb,both,B,2026-07-30 13:31:33
i_f56b86e93d5a,c_a6318c51dea5,resource_card,B,2026-07-30 13:34:48
i_8164eca3fb36,c_c3bd7fa8fe1a,resource_card,A,2026-07-30 13:38:29
i_f8ebb3fc2a3a,c_f1cfa956e3fb,resource_card,B,2026-07-30 13:44:09
i_3590dcb88cc4,c_0cd2672b82c1,resource_card,B,2026-07-30 14:06:05
i_552298e35262,c_0d7604de373d,both,B,2026-07-30 14:07:03
i_07f8bbc55171,c_92a43e30a8cc,both,A,2026-07-30 14:26:58
i_1624969aeab7,c_fee35dd65692,resource_card,A,2026-07-30 14:33:49
i_2bc369392787,c_999c044496e4,both,A,2026-07-30 14:33:56
i_f0cd1de25a9b,c_9c614dce30cf,resource_card,B,2026-07-30 14:34:07
i_97523c4b5bec,c_b2c327005ae3,both,B,2026-07-30 14:46:06
i_4f649cf3af97,c_4b321963192f,resource_card,B,2026-07-30 14:49:54
i_e158b444d9f2,c_07e5a3508b75,both,B,2026-07-30 14:58:11
i_a4808e83da01,c_3bfb3cca5643,resource_card,B,2026-07-30 15:00:33
i_741f74ab1bb3,c_20c38d51cca3,both,B,2026-07-30 15:16:08
i_c709edf03d4c,c_a8d94ffdf852,resource_card,A,2026-07-30 15:17:53
i_11879470ab85,c_ae6e9537d993,resource_card,B,2026-07-30 15:31:58
i_aca952a96a7c,c_99ca6559f10e,both,A,2026-07-30 15:42:18
i_39c18bfb9776,c_8bd92d2ac03e,resource_card,A,2026-07-30 16:12:45
i_61df5171eeeb,c_e5b366757947,resource_card,B,2026-07-30 16:17:38
i_b8bb795423bd,c_c1be1e04fa58,resource_card,A,2026-07-30 16:28:06
i_25155188ad28,c_bd8430aefa7e,resource_card,A,2026-07-30 16:28:34
i_1bb7fc5efd67,c_46e1c6fd4f03,resource_card,B,2026-07-30 16:36:40
i_df1591d1cf16,c_cafd7839bede,both,A,2026-07-30 16:44:32
i_ea59f02a5eec,c_157e5a1c9da2,both,A,2026-07-30 16:45:55
i_56b5a7580d8d,c_207643aa6004,resource_card,A,2026-07-30 16:48:48
i_dbf78fe9b3df,c_793875a3054b,both,B,2026-07-30 16:51:15
i_169b21f68a27,c_a63dd17e6b1f,resource_card,B,2026-07-30 16:59:02
i_82cb07fcc216,c_e641f4c07d49,both,B,2026-07-30 17:20:26
i_acac8663fdb5,c_6211f2546844,both,A,2026-07-30 17:29:35
i_a58d6aa2b57c,c_bfe603899c7e,resource_card,A,2026-07-30 17:33:20
i_2c2d363bc6dc,c_d4b3f76a5831,resource_card,B,2026-07-30 17:44:10
i_38f6cf4f9a88,c_d6632ec8d8da,resource_card,A,2026-07-30 17:46:13
i_9b5443af6f51,c_d33d23941649,resource_card,B,2026-07-30 18:07:28
i_0f03ca2d7b17,c_13a9191f1cf6,resource_card,A,2026-07-30 18:13:33
i_3cb6ff2bc39f,c_105f0cd2307e,both,A,2026-07-30 18:24:14
i_95a399f5237c,c_992b23d65db1,both,B,2026-07-30 18:40:26
i_dc704427ca64,c_1305be8be9bd,both,B,2026-07-30 18:49:11
i_3e3fb151970c,c_c1130152d7c3,resource_card,B,2026-07-30 18:55:38
i_9a2bd90974fa,c_7fc890b99893,both,B,2026-07-30 18:59:48
i_275a9af7b5d2,c_212e16f20547,resource_card,B,2026-07-30 19:00:53
i_09af5c75fd0c,c_5b902eefcfd0,resource_card,A,2026-07-30 19:02:30
i_0d544394096b,c_2d24d9c3c101,resource_card,B,2026-07-30 19:15:48
i_bad0b4a63683,c_3315c52a5c92,both,A,2026-07-30 19:21:41
i_a4e75b4d642e,c_804bb7a79d55,resource_card,B,2026-07-30 19:25:47
i_5919eacfd4f8,c_9f1d71d2952d,resource_card,B,2026-07-30 19:27:37
i_02ce9363e90f,c_020de492e03a,resource_card,A,2026-07-30 19:43:39
i_958f0296bb2d,c_c1f6847d253f,both,B,2026-07-30 20:03:52
i_82ac5913fe7a,c_cb115f8aae2e,both,A,2026-07-30 20:06:11
i_a9576700090e,c_416168038ce9,resource_card,B,2026-07-30 20:06:04
i_756d1b4cefcd,c_2e91f74b5d6a,resource_card,A,2026-07-30 20:12:17
i_0e580316e5ee,c_74b7e6abde86,resource_card,A,2026-07-30 20:50:33
i_d881d21c4b4c,c_cc48ef73ff48,both,A,2026-07-30 20:50:43
i_0d4ee3645a51,c_03626909fc61,resource_card,B,2026-07-30 20:58:14
i_a38951ff532c,c_096c3f90a856,resource_card,A,2026-07-30 20:58:35
i_fa0e14d15074,c_a4835d8941f5,resource_card,B,2026-07-30 21:00:49
i_0844aed90400,c_51038b1011e4,both,A,2026-07-30 21:09:38
i_4aa6d960dfc8,c_1ced14994f3c,resource_card,A,2026-07-30 21:10:17
i_d8249397e572,c_32189fbec134,both,A,2026-07-30 21:12:43
i_8836be12d065,c_853d07f060c2,resource_card,A,2026-07-30 21:17:15
i_225bdbc631d0,c_4a0f7187d8e5,resource_card,B,2026-07-30 21:25:04
i_7e2e1a0b7c96,c_44bc52174964,both,A,2026-07-30 21:34:26
i_f42d8d24f646,c_aa79aafc3a15,both,B,2026-07-30 21:39:17
i_d0eca6320e36,c_238daee8570d,resource_card,B,2026-07-30 21:51:21
i_d943427e1134,c_ed77fd633f15,resource_card,B,2026-07-30 22:15:42
i_64297193e8a3,c_07fcfdcc3a54,resource_card,A,2026-07-30 22:37:36
i_fe20b6989d2c,c_c2c7fb1b5568,resource_card,A,2026-07-30 22:42:39
i_4ddbd6934f3f,c_158717e0a799,resource_card,B,2026-07-30 22:49:37
i_d0e25dca864f,c_77c6283d039c,resource_card,A,2026-07-30 23:15:44
i_31e0fbcd59d6,c_c4bc4c754b71,resource_card,B,2026-07-30 23:17:00
i_82b2080c8040,c_83df19650df5,resource_card,B,2026-07-30 23:21:49
i_9e1a4a86908d,c_54c617e55c98,resource_card,A,2026-07-30 23:30:49
i_185846a58d82,c_95c818e47ff7,resource_card,B,2026-07-30 23:50:27
i_36dfe8f91747,c_6125294555ef,both,B,2026-07-30 23:56:13
i_34ff3c3fa397,c_c9455b93219d,resource_card,B,2026-07-31 00:04:44
i_b4d5c5840618,c_83a141a6fdf0,resource_card,A,2026-07-31 00:05:22
i_db251900b5ca,c_623fe7299338,resource_card,A,2026-07-31 00:07:29
i_b45c38a09590,c_dd2b00799c58,resource_card,A,2026-07-31 00:31:19
i_946e16c65cfa,c_63cdaecbfc38,both,A,2026-07-31 00:54:14
i_b6359a9c2443,c_c9bf935ae943,both,B,2026-07-31 01:17:26
i_6bcfd3a2052c,c_057416d5f706,both,A,2026-07-31 01:20:16
i_ccfd7a8a1c86,c_7e764c811abf,resource_card,B,2026-07-31 01:42:27
i_34e1f4a46274,c_b9913db6a22e,resource_card,A,2026-07-31 01:53:54
i_e35a21e123e6,c_dfc5bab97c0d,both,B,2026-07-31 02:10:05
i_7716241e577a,c_6cbfd0136b76,resource_card,A,2026-07-31 03:31:27
i_2e09ef20b9d7,c_518e6fd25d39,resource_card,B,2026-07-31 05:43:14
i_066385333ab7,c_9c462a25cb4c,both,A,2026-07-31 06:05:38
i_8efe883c1a95,c_ae08c0285767,resource_card,B,2026-07-31 06:22:08
i_ac9529b5b9b0,c_fe21b1004450,resource_card,A,2026-07-31 06:23:15
i_c82c0bae6f65,c_eb4d84171b37,resource_card,B,2026-07-31 06:23:26
i_072131b2d0f5,c_03c793a6d7c5,resource_card,B,2026-07-31 06:51:47
i_547eb63da544,c_2dd423d4196a,both,A,2026-07-31 06:58:19
i_c1bf5cba587c,c_23f6c4842571,resource_card,B,2026-07-31 07:00:41
i_04b62857240b,c_399f1234ced1,both,B,2026-07-31 07:07:10
i_9e3934e30b75,c_b4b6718b4311,resource_card,B,2026-07-31 07:07:41
i_59f008560525,c_2f1ca076f1c8,resource_card,A,2026-07-31 07:09:30
i_cac1e3da42bf,c_83b8e9bf9e6d,resource_card,B,2026-07-31 07:12:29
i_0e3fbf7c1d7b,c_cac20669b5ee,both,A,2026-07-31 07:29:42
i_5a7aee465983,c_9646214d54c3,both,B,2026-07-31 07:32:57
i_02d642d3ae5d,c_d3b799685f7a,both,A,2026-07-31 07:38:19
i_5ff97419757f,c_f2832ecc982a,both,A,2026-07-31 08:02:16
i_08519e40281a,c_63a32e4a92e6,resource_card,A,2026-07-31 08:08:08
i_d13e81537250,c_e8f0df21c0d0,resource_card,A,2026-07-31 08:09:13
i_abd0ee9f735a,c_b730c4e61418,resource_card,A,2026-07-31 08:17:41
i_19d683fb86d2,c_7e8c3b1a2860,both,A,2026-07-31 08:18:06
i_4d1a34528e69,c_352b653b4574,both,A,2026-07-31 08:26:25
i_285be4fb4a1c,c_be8382c64842,resource_card,A,2026-07-31 08:27:27
i_3bbc1bd3d765,c_b45d56d93016,resource_card,A,2026-07-31 08:30:01
i_95c1b9c9d140,c_25caea69e784,both,A,2026-07-31 08:33:44
i_67211ab009f4,c_cd39cfa3d933,resource_card,B,2026-07-31 08:40:24
i_f5f2e0991b70,c_d0c8a48e8688,resource_card,A,2026-07-31 08:46:55
i_81c7a36349fb,c_b51bcf2b26ca,both,A,2026-07-31 08:56:53
i_6738afc4cf4f,c_53f07ef03e2a,resource_card,A,2026-07-31 09:06:42
i_945b620c3a49,c_a6bff80b33c4,both,A,2026-07-31 09:07:44
i_ccfc1ee43821,c_6d42d48f5817,both,B,2026-07-31 09:10:41
i_72880662d8a9,c_6acd195a035f,resource_card,B,2026-07-31 09:10:57
i_73724fe8f92e,c_639072b807cd,both,B,2026-07-31 09:13:59
i_3295625f59df,c_c22ce707a7fd,both,B,2026-07-31 09:15:28
i_43c33b28481d,c_5af66cb5dd82,both,A,2026-07-31 09:25:21
i_25921d967c4b,c_8b7936f6560e,both,A,2026-07-31 09:33:06
i_2ea256eb720c,c_3d7479ff89b7,resource_card,B,2026-07-31 09:52:49
i_ec40ff99ab49,c_c90973345a47,both,B,2026-07-31 10:19:03
i_0c1c3b8e7cf7,c_ddbf06ea0aba,resource_card,A,2026-07-31 10:20:09
i_7a472192bde3,c_dac0dba3d1ac,both,A,2026-07-31 10:25:41
i_407e20702dc8,c_ae7938512e77,resource_card,B,2026-07-31 10:29:16
i_a00d7f06e945,c_bdf3f0180361,both,B,2026-07-31 10:38:54
i_378436853db4,c_0bb9fa094bd5,both,B,2026-07-31 10:47:34
i_247e027b5622,c_6adfd84c63c9,both,B,2026-07-31 11:01:26
i_9f9fa2ffe9c8,c_39964402cbe7,resource_card,B,2026-07-31 11:04:50
i_27bea340eb27,c_50210fe03181,resource_card,B,2026-07-31 11:05:16
i_44cb890bbf07,c_8e39c8c9fa0a,resource_card,A,2026-07-31 11:05:26
i_e605b44ba4d5,c_57f6c2e27ed1,both,B,2026-07-31 11:10:05
i_a99bd39652db,c_dd75d9c33196,resource_card,A,2026-07-31 11:28:00
i_ad46f44805f8,c_d633600834d1,both,B,2026-07-31 11:40:50
i_6ec4d0f5bec2,c_10ed4a408822,resource_card,A,2026-07-31 11:45:40
i_6d63b6724ab9,c_b1adb94371ba,resource_card,A,2026-07-31 11:51:06
i_e7c5791aaed1,c_cf30daff2f2b,resource_card,B,2026-07-31 11:58:43
i_e491b313b438,c_5b4a43246587,both,B,2026-07-31 12:01:50
i_d0bbb0eb6281,c_9a7cc91dd57a,resource_card,A,2026-07-31 12:09:27
i_8dedc99c5506,c_287ec4198067,resource_card,B,2026-07-31 12:13:59
i_784593ef2365,c_dc22a6c5f1bd,both,B,2026-07-31 12:14:16
i_64122524f055,c_b3b4539cfbe8,both,A,2026-07-31 12:22:59
i_3098b0a5fb31,c_4a622fda98b4,both,A,2026-07-31 12:30:37
i_cf6a4bba20fc,c_0e9a67381ab1,both,B,2026-07-31 12:44:57
i_13b8dd45c986,c_e6f9b0161112,resource_card,A,2026-07-31 12:50:41
i_91d12874b984,c_54c371fe0b43,resource_card,B,2026-07-31 12:58:20
i_0c864e896079,c_7572aee09baf,both,B,2026-07-31 13:02:37
i_92fa19f05256,c_806c534ecf4b,both,B,2026-07-31 13:04:25
i_21d25289a075,c_c83d19222290,resource_card,A,2026-07-31 13:09:55
i_09505de19275,c_c5d8c5295171,resource_card,B,2026-07-31 13:10:33
i_0707a99d5f63,c_97b988aa5efe,resource_card,A,2026-07-31 13:19:35
i_bafc49080574,c_c84cdcc40083,resource_card,B,2026-07-31 13:22:29
i_ac0d35a7eb54,c_f7c840838257,both,B,2026-07-31 13:23:26
i_49ca25714f9f,c_07f0a721c401,resource_card,B,2026-07-31 13:28:20
i_56e34e16cec6,c_ab7e70d20e9e,both,A,2026-07-31 13:38:13
i_b84d672c7850,c_cb06d9f08007,both,B,2026-07-31 13:38:56
i_f9dd37e102b9,c_60934c01c389,resource_card,B,2026-07-31 13:40:21
i_a0362f616b30,c_5f972e065552,both,A,2026-07-31 13:41:30
i_f719293d31b3,c_931f926ff583,resource_card,B,2026-07-31 13:41:53
i_b65dca493590,c_f62d311bc29f,resource_card,B,2026-07-31 13:48:44
i_b13e2b357918,c_17832450abf2,both,A,2026-07-31 14:06:01
i_8cda3fe46e12,c_4514f427cc9c,both,A,2026-07-31 14:18:10
i_ebcf5f121af0,c_e7848256d29e,resource_card,A,2026-07-31 14:18:56
i_1d1f35dcbc69,c_8cdbfab6b6ed,both,B,2026-07-31 14:31:44
i_5f0d34a98b8e,c_3d72c03f6ff2,both,A,2026-07-31 14:35:32
i_0c39c15118ef,c_63dce83ee4c2,resource_card,A,2026-07-31 14:36:20
i_2d587de0e2f1,c_07bee30303fe,resource_card,A,2026-07-31 14:41:22
i_c7634038e1ff,c_5b79ee191530,resource_card,A,2026-07-31 14:42:16
i_197eb5b56998,c_9acf69e52b1a,resource_card,A,2026-07-31 14:54:11
i_35e3fe6419e8,c_a0b4ccfffe8e,resource_card,A,2026-07-31 14:55:18
i_5e5e1447f177,c_d38d7a625bae,both,A,2026-07-31 15:00:54
i_d782fa23d434,c_52f8b68267ce,resource_card,A,2026-07-31 15:03:26
i_f3b44cf4b5ea,c_6f1369f54dc8,both,A,2026-07-31 15:06:54
i_b2730c1c1f65,c_8ae7b4bbd101,resource_card,B,2026-07-31 15:11:56
i_758b94063c0b,c_f898959663e5,resource_card,B,2026-07-31 15:13:17
i_6f98e97e6bc7,c_3acff2a7c103,both,B,2026-07-31 15:15:35
i_ca9098db6d23,c_3214c42eeb1f,both,B,2026-07-31 15:32:46
i_3156382eb22f,c_d0ca9922f620,resource_card,A,2026-07-31 15:33:01
i_af67386ecd4f,c_403bbb37bbb0,both,A,2026-07-31 15:33:10
i_9fab04e6d00b,c_08887d98f327,resource_card,B,2026-07-31 15:49:38
i_41e9f5c903db,c_00930de60fff,both,B,2026-07-31 15:56:39
i_00af34a397e8,c_dff61532a144,resource_card,A,2026-07-31 16:04:16
i_d64a56025da9,c_de2b9342e283,resource_card,B,2026-07-31 16:08:46
i_d960e43b1705,c_c1e09a4062a6,resource_card,A,2026-07-31 16:20:19
i_01ecf32abe30,c_f8646c3808d8,resource_card,A,2026-07-31 16:20:40
i_a7afe7ef4d8a,c_806bc36dc995,resource_card,B,2026-07-31 16:42:44
i_ddb65070e969,c_8e6b3bf77a39,both,B,2026-07-31 16:45:44
i_8dd79cad91dc,c_39a568d57f65,both,B,2026-07-31 16:46:00
i_5efb2bbbc5b7,c_59ce1fb76ab7,both,B,2026-07-31 16:54:02
i_b9103ccf83c9,c_8c1027ac219c,both,A,2026-07-31 16:57:41
i_a8a4d325e2f1,c_bcd2f0f924ad,resource_card,B,2026-07-31 17:02:32
i_74d10ef60542,c_7fa47596e100,resource_card,A,2026-07-31 17:04:42
i_5062fec9a310,c_2aa52cfcbb72,both,A,2026-07-31 17:07:47
i_50eb01587765,c_54d1a2f6740c,resource_card,A,2026-07-31 17:07:54
i_ec4c1c6b20e7,c_17e54cd145a1,both,B,2026-07-31 17:09:09
i_f9578199939d,c_dbef2b0fecb4,both,A,2026-07-31 17:11:39
i_845c27649812,c_eee617e347ff,resource_card,B,2026-07-31 17:20:00
i_9572a3c9b3a5,c_659c917cb828,both,A,2026-07-31 17:20:32
i_ea633e2b5562,c_883d385fd145,resource_card,B,2026-07-31 17:20:32
i_9ca69b34323a,c_52ef0b94da35,resource_card,B,2026-07-31 17:25:24
i_121f9dffc096,c_1822d96dd668,both,A,2026-07-31 17:29:19
i_089437c785a6,c_4a67037eed76,both,A,2026-07-31 17:38:19
i_4f55ef91c8cb,c_e9ed833b1a8c,both,A,2026-07-31 17:46:58
i_e3a6396a3333,c_e0c848e6fb19,both,B,2026-07-31 17:53:10
i_7a901063bdfe,c_16959b580747,both,B,2026-07-31 17:59:46
i_75a124b9a030,c_f8b4704aa0f5,resource_card,B,2026-07-31 18:07:56
i_5af48e76dd9c,c_ba5f189c921b,resource_card,B,2026-07-31 18:10:11
i_fdcc68a88911,c_a4218bf82ac7,both,B,2026-07-31 18:11:10
i_146ae38af343,c_b91334b33b84,resource_card,A,2026-07-31 18:11:24
i_2c5f1baebfe1,c_cd5aa5ea73f8,both,A,2026-07-31 18:35:10
i_39bd10aaa84f,c_33fd5fb0dcbc,resource_card,A,2026-07-31 18:36:49
i_e6c2b46ef5b1,c_24cb1de6a338,resource_card,A,2026-07-31 18:41:47
i_fc170ce63e97,c_49e9f3325c62,both,A,2026-07-31 18:42:14
i_c92860c6f0e3,c_a8ace62da0d3,resource_card,B,2026-07-31 18:54:59
i_3f73f57d15dd,c_acafbb7bfd5b,resource_card,B,2026-07-31 19:00:48
i_8e169f8dc042,c_90be845ee32e,both,A,2026-07-31 19:21:15
i_01ac48b3c205,c_0221d1bf5fc3,resource_card,B,2026-07-31 19:21:45
i_df6d5b46cb8d,c_bfafb4851031,both,B,2026-07-31 19:24:07
i_d99859714a86,c_2fd3733299f3,both,B,2026-07-31 19:31:12
i_624a24cd372f,c_efd992af63ef,resource_card,B,2026-07-31 19:36:53
i_88772fd206c1,c_7407db0b90e8,resource_card,A,2026-07-31 19:42:49
i_ef0d567accce,c_a4497e9f72ee,resource_card,A,2026-07-31 19:43:43
i_468c0220cdd6,c_d0f110d83e85,resource_card,B,2026-07-31 19:45:49
i_43e2b075a1d1,c_41db9012f33f,resource_card,B,2026-07-31 19:50:52
i_b66aabe0a56b,c_fe87a12a2403,both,B,2026-07-31 20:00:38
i_8fd239a77565,c_5667ea29d0e5,both,B,2026-07-31 20:02:15
i_b811da5c5029,c_fcb38d777721,both,B,2026-07-31 20:03:22
i_ac433bd0498e,c_bff7c42b522e,resource_card,A,2026-07-31 20:06:57
i_5a1f8ba80b98,c_00517f3f24a9,resource_card,B,2026-07-31 20:09:38
i_da0d751d30c4,c_109153cbfed0,resource_card,A,2026-07-31 20:12:54
i_c40fbde95dee,c_266a8dde3441,both,B,2026-07-31 20:19:20
i_f9d6f2f1bbc6,c_032db64e6cd9,both,B,2026-07-31 20:27:46
i_842163c38fc6,c_75d3e97b3e8d,resource_card,B,2026-07-31 20:29:51
i_10631da9a105,c_42af02d34d88,both,A,2026-07-31 20:34:37
i_b5e0e2355503,c_ee1e4dd96d0c,resource_card,A,2026-07-31 20:39:00
i_0625dbfb62aa,c_b5acc216f1a2,both,A,2026-07-31 20:54:15
i_88c98def4892,c_b7bb9a364985,both,B,2026-07-31 20:59:19
i_96219b9422c2,c_79a04ff8d370,resource_card,A,2026-07-31 21:01:12
i_98f881afc77f,c_c49e24794dce,resource_card,A,2026-07-31 21:01:43
i_958c268a9bbc,c_fae264ac3ad1,resource_card,B,2026-07-31 21:02:18
i_9050790378b1,c_34521670a799,resource_card,B,2026-07-31 21:04:34
i_7147544a2c08,c_9ad16d698665,resource_card,B,2026-07-31 21:06:32
i_1c1a7827e722,c_bc3ee108136c,both,A,2026-07-31 21:14:01
i_7cc9d841fb7a,c_17fd5b251028,resource_card,A,2026-07-31 21:19:46
i_50e898d69248,c_e0e26a1c76b8,resource_card,A,2026-07-31 21:23:26
i_2a61905b5a20,c_696a3deb7645,resource_card,B,2026-07-31 21:23:45
i_987e64aaeb51,c_0096a3d72dc4,both,A,2026-07-31 21:25:37
i_b12a2899f6de,c_ddc9d37b560c,both,A,2026-07-31 21:27:57
i_ad5082e9e0d1,c_fcf823cd93d6,both,A,2026-07-31 21:38:04
i_d5b23f02fff3,c_1cee9c507545,resource_card,B,2026-07-31 21:42:08
i_70fa5dc20948,c_9a49334af4c3,both,B,2026-07-31 21:43:49
i_eee6807f35e1,c_87bf8222b9e9,both,B,2026-07-31 21:45:49
i_7833c5ba6c93,c_939b79016d6c,both,A,2026-07-31 21:47:22
i_371dc8557e73,c_82004d4e7aaa,both,A,2026-07-31 21:53:23
i_77a2b6e3a568,c_91d512df7fb4,resource_card,A,2026-07-31 21:53:52
i_7d9bbb4a927a,c_ec628157d4ee,both,A,2026-07-31 21:54:03
i_06eb679d8a92,c_3e9ffc333aa8,both,A,2026-07-31 21:54:50
i_aa49a3853e6e,c_7892bc949859,resource_card,B,2026-07-31 22:11:30
i_3dd5ec6b2aa2,c_28678b2e3711,resource_card,B,2026-07-31 22:12:06
i_982ea99e7b61,c_a1b3d1713ec1,both,B,2026-07-31 22:12:50
i_90c102bc6753,c_3fe9f4a877c5,resource_card,B,2026-07-31 22:19:01
i_0476d382fba7,c_8811fbd80e92,resource_card,A,2026-07-31 22:19:56
i_5a433c5d7864,c_3652091b7d6c,both,A,2026-07-31 22:25:21
i_dd4ea5347b27,c_ceeb777defcb,resource_card,B,2026-07-31 22:27:56
i_e2bfc97ac015,c_9b14f92cff41,resource_card,B,2026-07-31 22:29:40
i_e510d7f0ec38,c_4c3b2459231f,resource_card,B,2026-07-31 22:31:57
i_f2a03ce82f33,c_1e3679d87386,resource_card,A,2026-07-31 22:44:32
i_8718dbe42e8e,c_75f1719fbff0,resource_card,A,2026-07-31 22:58:31
i_a2bf328f98ab,c_b545c215610a,both,A,2026-07-31 23:10:53
i_6654db9e3c05,c_d072ab40ae6e,resource_card,A,2026-07-31 23:16:35
i_433de85a9a9e,c_1e965fa62176,resource_card,A,2026-07-31 23:21:55
i_a1dd7c1a3021,c_ba740148af29,both,B,2026-07-31 23:54:44
i_4ebdff53f30a,c_f60b2eaf055c,resource_card,A,2026-08-01 01:10:28
i_687cf781b3f3,c_da7e47e501e4,both,A,2026-08-01 01:31:46
i_2c3593a35955,c_c667868f0ad4,resource_card,A,2026-08-01 01:36:21
i_92065df9b8aa,c_ddeb1231d0ec,both,A,2026-08-01 02:38:50
i_083e2a75a15b,c_9a3d1bb609be,resource_card,A,2026-08-01 02:43:44
i_023dafed45c6,c_4186a0d57553,both,B,2026-08-01 03:00:12
i_a7be4b78eab5,c_262ef84f5c3a,resource_card,A,2026-08-01 04:27:21
i_b6817abc2255,c_fc9a88185c64,resource_card,A,2026-08-01 05:37:57
i_e30d293b2420,c_374746c1340f,both,B,2026-08-01 06:34:02
i_966d522626b4,c_965e0cdea4ae,both,A,2026-08-01 06:48:55
i_dd0ec66d5dbf,c_d53f43109ef1,resource_card,B,2026-08-01 07:27:29
i_a0d19d01ec95,c_5d486d9e1569,both,B,2026-08-01 07:36:31
i_8fde80fa8246,c_ef632f958293,both,B,2026-08-01 07:44:04
i_05eea8a3308f,c_3a258a8b8a7c,both,A,2026-08-01 07:52:13
i_8763eabaa483,c_4e2c2c671538,both,A,2026-08-01 07:53:20
i_7ed122f3c670,c_cb559bccf9ac,resource_card,A,2026-08-01 08:18:05
i_c562de5def0f,c_600cb995b390,both,A,2026-08-01 08:38:53
i_c40b43c3824a,c_18f0d01a7442,resource_card,A,2026-08-01 09:02:27
i_3622415f2050,c_b62f466a515a,both,A,2026-08-01 09:03:25
i_1d38a13adf51,c_053417180809,both,B,2026-08-01 09:09:56
i_99cd655d055c,c_05c0e62cee05,resource_card,B,2026-08-01 09:10:02
i_58bc1ab34584,c_54ce2f21b53b,resource_card,B,2026-08-01 09:12:09
i_a6d17a16b738,c_efc34b59526b,resource_card,B,2026-08-01 09:20:32
i_09275cb5b0a3,c_0c968665b06d,both,B,2026-08-01 09:27:42
i_7647a2695a12,c_ab5e348e9894,both,A,2026-08-01 09:38:28
i_02daa500be35,c_4597a179f391,resource_card,B,2026-08-01 09:46:44
i_81d937a6a1ec,c_956224e0f8fc,resource_card,A,2026-08-01 10:12:22
i_cb688e3f17ab,c_7fbd41f0c515,resource_card,B,2026-08-01 10:14:33
i_16ddacb839f5,c_31564587100e,both,A,2026-08-01 10:22:43
i_44b5649c4486,c_b1e74246e98f,both,B,2026-08-01 10:27:02
i_e58e85ee9a61,c_644f43f6111d,resource_card,B,2026-08-01 10:32:25
i_b9ac57ce6ae9,c_c9508eb4ca24,both,A,2026-08-01 10:33:29
i_2603830e6268,c_afe9743fcde0,resource_card,A,2026-08-01 10:35:05
i_f3a9d0eca851,c_b71d897aa88f,resource_card,B,2026-08-01 10:39:53
i_efc569274139,c_78c0f402c44f,both,B,2026-08-01 10:51:14
i_73fdf5b607cf,c_96a51f812c19,both,B,2026-08-01 11:15:20
i_3763d9dedda7,c_11cacb2161cf,both,B,2026-08-01 11:25:01
i_8d9807193827,c_30678d373a72,both,A,2026-08-01 11:25:22
i_f2cf51b49a2d,c_571815fcbd20,both,A,2026-08-01 11:27:21
i_ce21d3dd8e50,c_ff707cfe833d,both,B,2026-08-01 11:30:31
i_2cc384eec6e1,c_e904d9aa77f6,both,A,2026-08-01 11:36:30
i_6d9e01451d84,c_3f44ab852e6e,both,A,2026-08-01 11:40:14
i_5b728c0472b4,c_15a8af58128b,both,B,2026-08-01 11:44:50
i_cbc0d346909d,c_6aebd3d4535b,both,B,2026-08-01 11:45:06
i_4cd98d02e32f,c_14f05d34237c,resource_card,A,2026-08-01 11:49:22
i_c7b8049ab68d,c_338e63b68638,both,A,2026-08-01 12:00:17
i_2a2fa5ce1449,c_a1f02db38ad8,resource_card,A,2026-08-01 12:08:11
i_bbe645d481fb,c_8928d606333f,resource_card,B,2026-08-01 12:15:18
i_80ca598f5017,c_a38aa9fb0838,both,A,2026-08-01 12:22:43
i_5ee087d4619f,c_95afe21db0c8,both,A,2026-08-01 12:24:00
i_b8515d0dc604,c_b430562bba21,resource_card,B,2026-08-01 12:25:15
i_58319048ca8e,c_667883887391,both,B,2026-08-01 12:29:48
i_d0584da18ff2,c_136e94243c48,resource_card,A,2026-08-01 12:31:19
i_ee5299f1ea42,c_874975524812,resource_card,A,2026-08-01 12:35:44
i_a3e61546cc66,c_29798a390458,resource_card,A,2026-08-01 12:37:56
i_a2562ce0a9ab,c_d38eb1d7d17d,both,B,2026-08-01 12:42:46
i_207c553faac7,c_dafea486752a,resource_card,A,2026-08-01 12:45:18
i_d70edc2a3b46,c_c2138ac2a2b4,both,A,2026-08-01 12:49:48
i_587104e9914d,c_e244d512661c,resource_card,A,2026-08-01 12:54:53
i_67eadbb56dd7,c_2a0d9b0f5254,resource_card,A,2026-08-01 13:04:16
i_cfbc256b635b,c_1ed9af3b5b34,resource_card,A,2026-08-01 13:05:46
i_9830c1764010,c_f939c85e7787,resource_card,B,2026-08-01 13:09:14
i_c37c33355d0e,c_8396691d84dc,resource_card,A,2026-08-01 13:11:16
i_2fc6fd08ab76,c_32bf2a3468ae,both,A,2026-08-01 13:15:06
i_296fb9b204e7,c_4e1a375a0785,both,B,2026-08-01 13:18:50
i_18d66fe1662a,c_49cfd22280e7,both,B,2026-08-01 13:35:16
i_57512f187876,c_7c5da6154ff4,resource_card,A,2026-08-01 13:48:39
i_07ad34f0211b,c_76b1cb08cacf,resource_card,B,2026-08-01 13:52:17
i_747712e11af9,c_d17bfbbbb49f,both,B,2026-08-01 13:54:48
i_06bc6fb45098,c_98c2ad20070b,resource_card,B,2026-08-01 13:56:10
i_f949f177b9e6,c_33797b5668dc,resource_card,A,2026-08-01 13:58:21
i_cee66a68a9aa,c_01e29f6cf967,resource_card,B,2026-08-01 14:08:47
i_290e8d378bf1,c_ba14357351ee,both,A,2026-08-01 14:13:53
i_4c70e72584e1,c_5d548e897c06,both,A,2026-08-01 14:16:52
i_297c7793653a,c_fecf9af7c056,both,A,2026-08-01 14:22:24
i_18e6cdf85b68,c_b6a8b461312d,both,B,2026-08-01 14:22:26
i_a6189f8ef5c9,c_e6a091b66d65,both,B,2026-08-01 14:27:17
i_aa04c5704461,c_ae42d3a5d71a,both,A,2026-08-01 14:29:58
i_77450842d548,c_9c7b919c28fc,both,A,2026-08-01 14:45:09
i_ff014a3b9b53,c_2c69e2e86876,resource_card,A,2026-08-01 14:49:40
i_5f03209c800e,c_b16b7014fef7,both,B,2026-08-01 14:53:19
i_b4ca83fb57a9,c_1a64c1c12340,resource_card,A,2026-08-01 15:02:42
i_99bf97906681,c_471687d1ef6f,both,B,2026-08-01 15:05:56
i_a68ea445f0ce,c_e01a7a6638bc,both,A,2026-08-01 15:10:56
i_9ca5e1c919b1,c_ba8f82bcd69a,resource_card,A,2026-08-01 15:12:19
i_239dd09b873c,c_c707a84a454e,resource_card,A,2026-08-01 15:20:56
i_f52377946675,c_1c9c93a62db6,both,A,2026-08-01 15:26:23
i_0aa08125ea91,c_1f55ab3ad273,both,B,2026-08-01 15:29:08
i_3b2629d2679e,c_0e0f73e59a5a,both,A,2026-08-01 15:52:37
i_46959a2c78fe,c_624f1b291cf1,resource_card,B,2026-08-01 16:05:21
i_39e0483214c6,c_0ea75108ab3b,both,B,2026-08-01 16:16:06
i_b2113a223a4d,c_b91d3b8ccc07,both,B,2026-08-01 16:25:29
i_f5defb7bf04c,c_b0b365d946b5,resource_card,B,2026-08-01 16:26:53
i_b1b99dae95a1,c_564b165ffbcf,both,B,2026-08-01 16:26:58
i_0f38fad5b80d,c_9451416e6122,resource_card,A,2026-08-01 16:37:19
i_192fd8c10cdb,c_2910166a6643,resource_card,B,2026-08-01 16:52:03
i_fa4152ae1c5a,c_e0853f357ff7,resource_card,B,2026-08-01 17:00:59
i_07cf2c4dbc1e,c_fb618011fc16,resource_card,A,2026-08-01 17:05:26
i_0fa25325f4a2,c_d3b9f012bd85,both,B,2026-08-01 17:07:30
i_ffaf0ee96c1e,c_d6c082fec00d,both,B,2026-08-01 17:14:22
i_7d4ca051dc21,c_d5cd038069ab,both,B,2026-08-01 17:20:08
i_4bd407c89410,c_cc7e4768c2df,both,B,2026-08-01 17:23:32
i_907b5a694f46,c_580831ee6690,both,A,2026-08-01 17:26:36
i_491c496ab680,c_99bf17a823c9,both,B,2026-08-01 17:26:50
i_cfe07dac6cab,c_e00653c125e3,both,B,2026-08-01 17:28:07
i_0e76b6b2bec8,c_18c307b2e758,both,A,2026-08-01 17:30:02
i_38a4fab69273,c_9346971c37d9,resource_card,B,2026-08-01 17:32:20
i_dc6155ab3934,c_c2abb0e58d80,resource_card,A,2026-08-01 17:34:16
i_5322b7b9a323,c_358c97296f22,resource_card,A,2026-08-01 17:39:50
i_0235c12fe97a,c_9aa05e8271ca,resource_card,A,2026-08-01 17:44:54
i_97dad8b3dc75,c_35f5f9b9c81a,both,A,2026-08-01 17:50:17
i_ebacc82b2493,c_63d75ca78397,both,B,2026-08-01 17:53:36
i_50c917b79ba4,c_168df46ebd3f,resource_card,B,2026-08-01 18:00:32
i_f08ff84cee4e,c_dc33bee872f8,resource_card,A,2026-08-01 18:01:01
i_5cf47fd860c3,c_9fd1ae67c2aa,both,A,2026-08-01 18:01:49
i_d2e9bb7099de,c_b14dcff6c7be,resource_card,A,2026-08-01 18:02:47
i_2811419704f1,c_524cbd04a271,resource_card,B,2026-08-01 18:10:01
i_1dc5a8b2ca0d,c_841bfd73433c,both,A,2026-08-01 18:18:32
i_6ef927e30558,c_95ed444e74fe,both,A,2026-08-01 18:26:26
i_11e39ccd560e,c_40f542495c77,resource_card,B,2026-08-01 18:35:16
i_8a3d3188b8f1,c_8c1ad72f3afa,resource_card,A,2026-08-01 18:42:56
i_29ff5d0c7818,c_6fef2dac9e5a,resource_card,A,2026-08-01 18:43:30
i_5f77c4b440c4,c_6a8cabccdab5,both,B,2026-08-01 19:06:54
i_ddbdfa9cafca,c_4b128595920a,both,A,2026-08-01 19:11:16
i_4b13d24fbcbc,c_ad08a95293f7,both,B,2026-08-01 19:12:56
i_3b387d0b4ed8,c_71294a948c9f,both,B,2026-08-01 19:22:03
i_52e753bb2000,c_76e05d4bffe2,both,A,2026-08-01 19:30:30
i_b8cbf29e9f82,c_9966639e6e1e,resource_card,A,2026-08-01 19:32:07
i_cd801b4470b7,c_5ac64843c3d1,both,B,2026-08-01 19:49:18
i_ad005426014a,c_6c2245a79fa0,both,A,2026-08-01 19:50:08
i_688064031043,c_45b49522e648,resource_card,A,2026-08-01 19:56:54
i_73897fd1ac7e,c_dddbb8b49183,resource_card,B,2026-08-01 20:00:38
i_feb2d36f55f5,c_69859d7124b0,both,A,2026-08-01 20:12:14
i_c03826afd689,c_426f9dfd6b77,both,B,2026-08-01 20:17:57
i_2721ed824acf,c_654b7f23f71b,both,B,2026-08-01 20:18:18
i_024347449ca7,c_e5b853ae0492,both,A,2026-08-01 20:30:01
i_6fc4c8f9e89b,c_403599147f74,both,A,2026-08-01 20:36:01
i_ca6d5402d9e3,c_090546b6aedb,resource_card,B,2026-08-01 20:38:20
i_123f945d6622,c_12e9cae917ba,resource_card,A,2026-08-01 20:42:57
i_c1b98a97a059,c_1eea47eeb8e2,both,A,2026-08-01 20:57:16
i_d1ad70669798,c_1360ad2d257f,both,B,2026-08-01 20:58:27
i_16e99af886e1,c_df7dc32e0b34,resource_card,A,2026-08-01 21:01:08
i_d42695f419f8,c_fe02beee63f7,resource_card,B,2026-08-01 21:01:31
i_35662ea69243,c_3e193d0dc61d,resource_card,B,2026-08-01 21:02:55
i_9dcf362cacb9,c_1a426cb4d7db,both,B,2026-08-01 21:05:15
i_deee092b0f82,c_3857667ca69c,resource_card,A,2026-08-01 21:10:53
i_b9ed97243176,c_7ee8f6346aa3,both,B,2026-08-01 21:13:53
i_58c1ed5d43cc,c_0cd27a4ae9ec,resource_card,A,2026-08-01 21:15:16
i_4dd728e59709,c_02bf8eefbb02,resource_card,A,2026-08-01 21:20:48
i_1dc88a8e19c5,c_4347a0c7b01d,resource_card,B,2026-08-01 21:25:34
i_3e8932dd52de,c_5390781e60a4,resource_card,A,2026-08-01 21:33:16
i_10298eff7611,c_4748fe6a8967,resource_card,B,2026-08-01 21:35:44
i_336c2c2fc832,c_3b1a27e3d302,both,A,2026-08-01 21:45:06
i_759557f299ae,c_483c4b360510,both,A,2026-08-01 21:55:00
i_087cdfd8309e,c_0d3a46b274f9,resource_card,B,2026-08-01 22:01:44
i_f909665ab679,c_d43594e4eab5,both,B,2026-08-01 22:18:38
i_b0df8d834c31,c_236e06ea8cbd,both,B,2026-08-01 22:18:52
i_997595b184ea,c_f1c5869caaea,both,A,2026-08-01 22:20:02
i_baa9d55f67e7,c_6c27a642de8a,resource_card,A,2026-08-01 22:22:47
i_121afe750069,c_7301e476a9f2,resource_card,A,2026-08-01 22:23:23
i_5c9e24f0e705,c_fb5a0a53a8b2,resource_card,A,2026-08-01 22:26:18
i_f1fc1cf15b53,c_040d61ef7e4d,both,B,2026-08-01 22:30:56
i_59844f04190f,c_b1b10a25077f,resource_card,B,2026-08-01 22:36:31
i_d74816b95eed,c_959274f03494,resource_card,A,2026-08-01 22:42:13
i_8733fd0e12ff,c_ce1482663792,resource_card,A,2026-08-01 22:47:31
i_6fff9b17a775,c_0f1c4ef69865,both,B,2026-08-01 22:51:07
i_200c3f11530d,c_ca50ccbce588,resource_card,A,2026-08-01 22:51:13
i_5a08d3cd2476,c_75496069c64b,both,B,2026-08-01 22:53:44
i_b0f59b34b3d7,c_f2521c67092d,both,B,2026-08-01 22:54:23
i_7a87db5798c7,c_bf6c123a9c35,resource_card,B,2026-08-01 23:00:25
i_69b125f809d9,c_a79d290b4996,both,A,2026-08-01 23:05:00
i_2c81d43b0754,c_9432b8358029,both,B,2026-08-01 23:11:37
i_597ff553ba7d,c_105174301713,both,B,2026-08-01 23:16:56
i_238dc42daa93,c_6b530bd12347,both,B,2026-08-01 23:26:48
i_382242858751,c_f640ebac1e07,both,B,2026-08-01 23:52:24
i_a0a1da1ea9a2,c_0658080dac63,both,B,2026-08-01 23:55:12
i_e5c386cd9da2,c_480db813f3b1,both,B,2026-08-02 00:03:58
i_cf5efd86e0d4,c_7c3545ab0f7a,both,A,2026-08-02 00:05:53
i_af54fc0a5499,c_228515e58e9c,both,A,2026-08-02 00:20:19
i_0ac6ac6ddef9,c_f1570abeda7b,both,B,2026-08-02 00:31:40
i_909d4b178271,c_d518899658f0,resource_card,A,2026-08-02 00:33:34
i_1d9660437c1b,c_030d0f3a5f0b,resource_card,B,2026-08-02 00:58:32
i_1e6a0c779c56,c_50af1ead2bb4,both,A,2026-08-02 01:03:35
i_5ec050f6f388,c_fa4d713b7392,both,A,2026-08-02 02:59:20
i_38685c3fcab4,c_09b27083a9f9,resource_card,B,2026-08-02 03:27:21
i_46a7facc3020,c_0ea59046849e,both,A,2026-08-02 03:40:27
i_0eb60c216506,c_f36af814aaf9,both,B,2026-08-02 03:51:01
i_3bc5695f72df,c_993146117475,resource_card,B,2026-08-02 05:00:37
i_d415abf17e03,c_a809ebd8615f,resource_card,B,2026-08-02 05:28:54
i_2bf3a738b69a,c_d14e835db0db,both,B,2026-08-02 06:07:43
i_1e46fee248d4,c_6365dbfe38bf,both,B,2026-08-02 07:11:19
i_5248ac501836,c_1250756698c7,resource_card,B,2026-08-02 07:11:45
i_cacf246188e1,c_22afc6efd5d3,resource_card,B,2026-08-02 07:13:41
i_606b0de934a8,c_343515ea89ba,both,A,2026-08-02 07:14:53
i_05be2e34b988,c_950268aac1ea,resource_card,A,2026-08-02 07:24:00
i_743137d5c2ce,c_45ef4857fea2,both,A,2026-08-02 07:49:00
i_5e3e409cb240,c_2ef998fef04a,both,A,2026-08-02 07:50:56
i_e9003008681f,c_7b94b323d42a,both,A,2026-08-02 07:55:39
i_8c8ba20320b9,c_780406d4075e,both,A,2026-08-02 08:11:27
i_19ab1af11a27,c_91af313ac450,resource_card,A,2026-08-02 08:32:02
i_99ea218994b3,c_432d9ff0489b,resource_card,B,2026-08-02 08:55:21
i_409f2b146b9e,c_26e0321b6fc4,both,A,2026-08-02 08:56:53
i_1ff4b2df4221,c_2747bec87b6c,resource_card,A,2026-08-02 09:00:26
i_99e24dd8f6dd,c_332c6b3ecae1,resource_card,B,2026-08-02 09:06:57
i_49e9cdcf6649,c_4e8bc38f8707,both,B,2026-08-02 09:14:51
i_46355b4f199d,c_f3ad8296ec0c,resource_card,A,2026-08-02 09:42:34
i_ddca997c74a6,c_5af04ba4d7a3,resource_card,B,2026-08-02 10:03:21
i_e953437cb910,c_f63cb98cd0ce,resource_card,A,2026-08-02 10:28:37
i_d9b5673c12c9,c_ce0b25bf9197,both,B,2026-08-02 10:39:11
i_9150a65ab7dc,c_6ddacdc731bb,both,B,2026-08-02 10:52:26
i_0adaddfea4a0,c_31aa0eb8da90,resource_card,A,2026-08-02 11:04:34
i_df147c274f3b,c_e6bd46011c5e,resource_card,A,2026-08-02 11:05:51
i_5bfbcdfb3b8e,c_b9a5b125c649,resource_card,B,2026-08-02 11:06:50
i_411f1f691ce2,c_709e0ed50846,both,A,2026-08-02 11:07:36
i_3d5cc59f81e7,c_fa3d8d958527,resource_card,B,2026-08-02 11:12:32
i_ddf05d487342,c_7621cde6ccc4,resource_card,A,2026-08-02 11:18:03
i_f7f3ed16c3c5,c_c6bddc8e2c74,both,A,2026-08-02 11:18:50
i_19c29defc0e2,c_3faa697cb724,resource_card,A,2026-08-02 11:30:30
i_f9183c4631fd,c_efaa39708bab,resource_card,B,2026-08-02 11:40:03
i_375090c52590,c_aa2695132d95,both,B,2026-08-02 11:45:07
i_38d1e1f82807,c_6b002cecdbea,both,A,2026-08-02 11:50:01
i_df1d25f4929b,c_6154fbb6be24,resource_card,A,2026-08-02 11:59:41
i_678fa04320f7,c_3feb4399e104,resource_card,A,2026-08-02 12:22:21
i_3fa8a84c62a1,c_29dd4245c524,resource_card,A,2026-08-02 12:24:28
i_aed20fe41f53,c_b623e38df5fc,resource_card,A,2026-08-02 12:28:17
i_2f8bfa77a47a,c_b908985c2ba8,resource_card,A,2026-08-02 12:31:17
i_33c3264db0ca,c_802c9a9ed346,resource_card,A,2026-08-02 12:37:07
i_dc9a964ffbe6,c_0ea43b0e58ab,resource_card,B,2026-08-02 12:38:38
i_6b2f4b8dd06c,c_0b12fbb8713f,both,B,2026-08-02 12:39:02
i_6cb0ee9b6521,c_69c9f0ab2b31,both,B,2026-08-02 12:47:13
i_178b1e7441e0,c_7b206bdff87d,both,B,2026-08-02 12:51:20
i_62347917f9e7,c_8e8d846acfb3,resource_card,B,2026-08-02 12:55:20
i_927eef8d6b8f,c_ded968d14962,resource_card,A,2026-08-02 13:02:20
i_871696d2741d,c_d5a6e62bd739,both,B,2026-08-02 13:12:12
i_de539c31205e,c_c9a2ab549946,both,A,2026-08-02 13:20:34
i_993a351bbc5b,c_e3ebe9536f8c,resource_card,A,2026-08-02 13:23:44
i_a7ea1b9bb0cc,c_9ebe6372abe1,resource_card,B,2026-08-02 13:38:20
i_60c0eea0703f,c_53ca9b930af2,resource_card,A,2026-08-02 13:44:36
i_f5bce96b2671,c_8dad27f07b4a,both,A,2026-08-02 13:44:42
i_e9438baf4f7b,c_10cfeea70426,resource_card,A,2026-08-02 13:52:40
i_5bf283b09998,c_48416c12c573,resource_card,B,2026-08-02 13:59:49
i_f190ab6a235c,c_b0d7a76b8330,resource_card,A,2026-08-02 14:04:33
i_1d6f215297a9,c_75384f8fe53d,resource_card,B,2026-08-02 14:14:10
i_625d7ebb8c83,c_f46503477f9d,both,B,2026-08-02 14:18:54
i_480e85095263,c_8c5c1988ee92,resource_card,A,2026-08-02 14:29:46
i_8751a1856291,c_2056714e5649,both,B,2026-08-02 14:40:40
i_f570a7b77a0b,c_97345c563b1f,resource_card,B,2026-08-02 14:41:09
i_a480bbb327a6,c_eaee0d6deeb8,both,A,2026-08-02 14:48:18
i_a73c13537ed2,c_64999bfb45ba,resource_card,A,2026-08-02 14:59:43
i_2f1b9a8b022f,c_cbe84344f31f,both,B,2026-08-02 15:01:06
i_d550c7e3db52,c_569494506213,resource_card,B,2026-08-02 15:03:53
i_7adf66fe24ee,c_f9f591679d9f,both,B,2026-08-02 15:07:13
i_2be3c31632ab,c_5651e829838f,resource_card,B,2026-08-02 15:07:19
i_5474556c9a46,c_2a5949aa9cec,both,A,2026-08-02 15:13:45
i_5293e8be36e7,c_d910b01fa1c1,both,B,2026-08-02 15:14:42
i_8ea93973305a,c_872935519076,resource_card,A,2026-08-02 15:23:12
i_8c748a50a898,c_0b8c1c5378f1,both,B,2026-08-02 15:30:14
i_26708af8ebab,c_88b4e5577d0e,both,A,2026-08-02 15:31:20
i_eeac33545cee,c_76f6f34ce2eb,resource_card,B,2026-08-02 15:41:43
i_57afd4369b03,c_ef04f35eee3c,resource_card,A,2026-08-02 15:43:54
i_dc4d185a3f54,c_27135254d155,resource_card,B,2026-08-02 16:10:03
i_dd519979b910,c_38aedf6e55b0,both,A,2026-08-02 16:15:08
i_2aa4adb04cb1,c_de0ae48a79ff,both,B,2026-08-02 16:19:58
i_1a03d8c763f4,c_4200d8c2e097,both,B,2026-08-02 16:25:37
i_663679800e65,c_f726c20b1cad,both,B,2026-08-02 16:26:56
i_94a3cd8658dd,c_78125ec2abe8,resource_card,A,2026-08-02 16:34:18
i_0e9af1eadcae,c_a54554c06c98,resource_card,A,2026-08-02 16:47:37
i_2abf99a00643,c_a4db7dac0e2f,resource_card,B,2026-08-02 16:49:38
i_932b4c0aaac8,c_72a23a671b7d,resource_card,B,2026-08-02 16:55:55
i_70d4e197d1eb,c_25caa59ccac2,both,A,2026-08-02 17:00:24
i_c61213cf13cd,c_e2db8ac170d0,resource_card,A,2026-08-02 17:02:42
i_be4b93605a50,c_ceec6514c8b4,resource_card,A,2026-08-02 17:04:15
i_9c049cb75d73,c_417a03857618,both,A,2026-08-02 17:06:26
i_509449e26704,c_ee31e169c000,resource_card,A,2026-08-02 17:10:25
i_6b929988bf06,c_4fa354ca8951,resource_card,B,2026-08-02 17:12:54
i_f2ae61555a44,c_d186badc478a,resource_card,A,2026-08-02 17:14:10
i_82a68a84514f,c_6d7fb560e97e,both,A,2026-08-02 17:19:59
i_2da42e258ad7,c_0d3b22ef4e09,resource_card,B,2026-08-02 17:23:10
i_2958b65a422f,c_3874d3e9a4f4,resource_card,A,2026-08-02 17:27:25
i_f1f71d50bd2e,c_2f035f8438f5,resource_card,B,2026-08-02 17:28:35
i_9559ecfbafa7,c_76548aed7027,both,B,2026-08-02 17:36:51
i_5c1e31be6310,c_39f5624ac771,resource_card,B,2026-08-02 17:41:22
i_7a66dea523f7,c_df4d2e3c560b,resource_card,B,2026-08-02 17:50:08
i_2f2a32a39f8d,c_762a35940d82,resource_card,A,2026-08-02 17:53:29
i_dd2cf3f8bab5,c_477d713b9fee,resource_card,A,2026-08-02 17:53:50
i_0ff88cd141a3,c_876ac85f1add,both,B,2026-08-02 17:55:47
i_ba50168f9dfe,c_aee969f074fa,resource_card,A,2026-08-02 17:58:13
i_f9c6236fadd3,c_016adccac7e0,resource_card,A,2026-08-02 17:58:43
i_66765f718f5a,c_59ae61380d7e,resource_card,A,2026-08-02 18:12:53
i_2df5028c0eb0,c_74d2197fd465,both,B,2026-08-02 18:14:40
i_49c2b8ea1243,c_46db21b211c2,resource_card,A,2026-08-02 18:20:10
i_c6528ffb8543,c_5f06874a2fdc,resource_card,A,2026-08-02 18:22:44
i_709da6743bd8,c_4cbfd18aaafa,resource_card,A,2026-08-02 18:24:35
i_c01b22ba9780,c_e3d90cf6e023,resource_card,B,2026-08-02 18:28:45
i_5f0953e64b67,c_06554f909e22,resource_card,A,2026-08-02 18:34:25
i_afbda4ec4476,c_c9c0dec41166,resource_card,A,2026-08-02 18:45:04
i_489ca6bfd493,c_df1566ff72d6,resource_card,A,2026-08-02 18:53:16
i_fabc58263951,c_5498796dc8fd,resource_card,B,2026-08-02 18:56:40
i_5d12767501d3,c_993a49a5727b,resource_card,B,2026-08-02 19:06:53
i_2dce1bfc92d4,c_cabb1fad9628,both,A,2026-08-02 19:07:44
i_7666e63b948a,c_bccdb37439a5,both,B,2026-08-02 19:14:28
i_67f8306a6f94,c_f020603a4aa2,both,A,2026-08-02 19:15:38
i_405fabcd0d79,c_e70787b82ce0,resource_card,A,2026-08-02 19:24:22
i_775607a9268b,c_ad53cea86620,both,A,2026-08-02 19:25:53
i_7dcf0a41d3df,c_b555a962fed8,resource_card,A,2026-08-02 19:26:34
i_09c7247b3a31,c_08464b2e7a70,both,A,2026-08-02 19:26:40
i_0ef197bfd77f,c_9098f3cc4800,both,A,2026-08-02 19:28:26
i_f2139ecfbd91,c_293a7492e848,resource_card,A,2026-08-02 19:30:08
i_99064b41c00a,c_8183d82b40da,resource_card,A,2026-08-02 19:33:13
i_6e0640bd5f2f,c_800f3bd111e1,resource_card,B,2026-08-02 19:34:58
i_a6ef2b492641,c_9cb0d50382d2,resource_card,A,2026-08-02 19:37:41
i_1c1ed5e8183c,c_3388a871a157,both,B,2026-08-02 19:38:19
i_e601315150c5,c_0728a2d63706,both,A,2026-08-02 19:38:25
i_d99d060ea89c,c_23fb3aa68b8e,resource_card,A,2026-08-02 19:43:54
i_f6de9d1d961d,c_1dc3ba85d22a,both,A,2026-08-02 19:48:11
i_e84f575b059e,c_98fa471e017a,both,A,2026-08-02 19:50:56
i_1e10831da003,c_179e3c316fd1,resource_card,B,2026-08-02 19:55:58
i_4f94f77c32ea,c_bc11b62d90db,resource_card,B,2026-08-02 19:56:23
i_f7db3d4a6d6c,c_e3133001051f,both,B,2026-08-02 19:57:23
i_cf648542b161,c_207bf8e79f00,resource_card,A,2026-08-02 20:01:08
i_f5b2de89e286,c_cdb8ef40874d,resource_card,B,2026-08-02 20:14:53
i_2f9c894bc902,c_929d48b70ad3,resource_card,B,2026-08-02 20:15:35
i_bac5d0246383,c_f64a4956672c,resource_card,A,2026-08-02 20:23:24
i_b6de5148efa1,c_abdc9a2fc4a1,both,B,2026-08-02 20:24:36
i_d4cf4b20ae80,c_3eabd904ab9a,resource_card,A,2026-08-02 20:29:20
i_be7d09c13c3f,c_b0e35e51cfb3,both,B,2026-08-02 20:31:05
i_43a2db49527a,c_ebd0eb2404bd,resource_card,B,2026-08-02 20:36:05
i_edb079c24111,c_d1d4111abe98,resource_card,A,2026-08-02 20:39:40
i_c97178f204d0,c_210c40442d45,both,B,2026-08-02 20:44:29
i_1a39f819ef00,c_d7bf311e00c6,both,A,2026-08-02 20:45:00
i_ef7b50627d9b,c_c6f4da9bb649,both,B,2026-08-02 20:47:40
i_f445ff505af0,c_d27c2ecef770,resource_card,A,2026-08-02 20:52:40
i_b0f1b542252c,c_ea571e0fdf44,resource_card,A,2026-08-02 21:11:52
i_d32545eed1be,c_ff221f4b6435,resource_card,B,2026-08-02 21:37:55
i_3e1b9106d954,c_1d912f11ea05,both,B,2026-08-02 21:41:06
i_a39435936bfd,c_83785ac2329d,resource_card,B,2026-08-02 21:41:43
i_a597063596a8,c_3b75bbc53be1,both,B,2026-08-02 21:42:36
i_2e25cd256985,c_ce5c4fbdbdda,both,A,2026-08-02 21:44:14
i_a7221a11f5ba,c_deed4a300051,both,B,2026-08-02 21:45:12
i_d59c99f1c7f3,c_5f1be30da3a6,resource_card,A,2026-08-02 21:48:24
i_58facb2351c6,c_63fc021ad5e4,resource_card,A,2026-08-02 21:51:38
i_d984659c56a0,c_c94a348d4d1c,both,A,2026-08-02 21:53:01
i_be8999c8b817,c_a064903328f7,both,B,2026-08-02 22:06:34
i_9a23ed5380a2,c_8f0b73055b5e,resource_card,A,2026-08-02 22:16:50
i_acecf7ffc040,c_14e91c9f266b,both,B,2026-08-02 22:20:10
i_c35c417ce7f6,c_c7a9d69f7537,resource_card,B,2026-08-02 22:26:54
i_3d53ac4d9931,c_16777b0c08ad,resource_card,B,2026-08-02 22:29:09
i_2ae485d3a081,c_d7053cb03bdb,resource_card,B,2026-08-02 22:31:38
i_a78f728b9e82,c_ff3577b4b67d,resource_card,B,2026-08-02 22:36:22
i_3277c220a5f7,c_3b3e5a3b01b6,resource_card,A,2026-08-02 22:37:59
i_747a2e4699f8,c_847d192c3bf8,both,A,2026-08-02 22:38:43
i_efd8a29974a8,c_e62d7cd27e30,both,A,2026-08-02 22:39:17
i_31f4a314773c,c_7a955cc738f5,both,B,2026-08-02 22:40:08
i_7f82831da7c9,c_95545296068d,both,B,2026-08-02 22:43:01
i_eb1db12869ef,c_1795b232b09e,resource_card,A,2026-08-02 22:43:46
i_5b6436d59402,c_ba03d0fbdf75,resource_card,B,2026-08-02 22:51:39
i_8200ab084e7d,c_07c02e76c576,both,A,2026-08-02 22:53:04
i_2712a3a30023,c_d809ad5f2ca0,both,A,2026-08-02 22:55:00
i_315f3a4e55fd,c_5b73e79644b5,both,B,2026-08-02 22:59:16
i_1bcbb7b20673,c_9736e2b452a9,both,B,2026-08-02 23:16:47
i_f141e709bce9,c_3de3fa9caaf7,both,B,2026-08-02 23:24:37
i_cd0aa154a041,c_2efebd775d27,both,B,2026-08-02 23:56:36
i_d129c177e188,c_2cb12d1c3bb1,resource_card,B,2026-08-03 00:06:11
i_b84397b38003,c_3cc33033dd99,resource_card,B,2026-08-03 00:32:46
i_716ae02336f8,c_ce09d4034421,resource_card,B,2026-08-03 00:56:37
i_3b072933ff45,c_e51527dc63db,both,B,2026-08-03 01:12:59
i_2aa296ea63f1,c_39e28f2e8166,resource_card,A,2026-08-03 01:20:06
i_e15a443ada78,c_cfff144ee9f3,both,B,2026-08-03 01:32:20
i_5c6ea1acafd3,c_ae80d6a74bdb,resource_card,B,2026-08-03 01:36:32
i_651f39adcf93,c_d5add1d6a08b,both,B,2026-08-03 01:36:44
i_b10dc72da359,c_11bfc41cb091,both,B,2026-08-03 01:44:13
i_3fe55b0e2a92,c_efb1cf219ef0,both,A,2026-08-03 01:48:55
i_64db1bfd7e9c,c_c5845906eeab,both,B,2026-08-03 01:54:45
i_28c63df4ad31,c_f164ca9266d7,resource_card,B,2026-08-03 03:25:29
i_34242fa469a4,c_38de62357390,both,A,2026-08-03 03:41:45
i_858a3e3d7234,c_ef444e26d3f9,both,B,2026-08-03 03:57:01
i_a602d998e7e7,c_160aef02dfee,both,A,2026-08-03 04:23:52
i_ed693b19f2df,c_431e6ef6b0d5,resource_card,B,2026-08-03 05:00:22
i_6795534a4ff8,c_325d6c1470aa,resource_card,A,2026-08-03 06:02:48
i_e4097a4f7154,c_fdcee907405c,resource_card,A,2026-08-03 06:04:06
i_49ae1caa8a1f,c_7948d3a0e817,resource_card,B,2026-08-03 06:36:22
i_e049f93a43c3,c_d068e201d61e,both,A,2026-08-03 06:46:27
i_ca51c6c539be,c_03f932acb769,resource_card,B,2026-08-03 07:08:44
i_61691a241ba6,c_c8f75555a8b7,both,B,2026-08-03 07:16:12
i_a712880428e3,c_401b9865eb92,both,A,2026-08-03 07:20:58
i_300f4e8380a0,c_3afe87a2ed2e,resource_card,A,2026-08-03 07:43:45
i_f2c5a17a4f51,c_e2570877823a,both,A,2026-08-03 08:06:57
i_b5b73f8902fd,c_91f1bc8cba3b,both,B,2026-08-03 08:17:39
i_a29046c3eab7,c_5a179e96c146,resource_card,A,2026-08-03 08:20:10
i_6ad7718ec181,c_e22a420ec0c1,both,B,2026-08-03 08:29:27
i_19d165eb6daf,c_d4a4451811cf,resource_card,B,2026-08-03 08:36:56
i_969f9ae6ce98,c_520e18fbf9db,both,B,2026-08-03 08:55:01
i_76c54f802d9c,c_05a5f6c0bf70,resource_card,A,2026-08-03 09:00:14
i_0d8149dd4edd,c_2c430b97d4f6,resource_card,A,2026-08-03 09:01:03
i_0f0549e5c1e4,c_b2af2dedc875,both,B,2026-08-03 09:18:50
i_26fa626b30a6,c_302659456549,resource_card,B,2026-08-03 09:21:01
i_3164e9020d65,c_390afa589910,both,A,2026-08-03 09:22:27
i_e722bd40712d,c_0f981d168b8f,resource_card,B,2026-08-03 09:42:26
i_721120ee1d77,c_e85d92a988ed,resource_card,B,2026-08-03 09:45:59
i_572d68ee0f5f,c_43ccdde706be,both,A,2026-08-03 09:51:09
i_a711660b30f9,c_62fbcfaf479f,resource_card,B,2026-08-03 09:52:44
i_a6eb1af92469,c_f2e06595b2fb,both,B,2026-08-03 10:00:32
i_a4e83242b282,c_bf0e4cdde39e,resource_card,A,2026-08-03 10:01:14
i_df71e05b8635,c_1fab9e47f29b,both,B,2026-08-03 10:07:55
i_f4657e704863,c_c1062fdf1453,resource_card,B,2026-08-03 10:08:09
i_b8ca4566fd29,c_304d9d6c2e60,both,A,2026-08-03 10:09:20
i_a2623186aa77,c_44366d96a5e5,both,B,2026-08-03 10:16:18
i_2e0e8e0af34e,c_dde85c24046c,both,A,2026-08-03 10:17:36
i_4537a07222e2,c_5edb7b6882cb,resource_card,B,2026-08-03 10:21:05
i_e17dd7825b45,c_640cd17e20ff,both,B,2026-08-03 10:26:53
i_51fcab13bfc6,c_308742d406e0,both,A,2026-08-03 10:32:06
i_4364cbbca174,c_fe489582c259,both,B,2026-08-03 10:39:33
i_1614f4376390,c_719124aaa9b1,both,B,2026-08-03 10:54:27
i_29d52a35b2b8,c_5a9f50bfc747,both,B,2026-08-03 10:57:23
i_5f8d192a434e,c_290e50114878,resource_card,A,2026-08-03 10:59:27
i_97aaae192da4,c_b3cf0518c82e,resource_card,A,2026-08-03 11:00:48
i_57e6c2ab4993,c_960273b673f2,resource_card,A,2026-08-03 11:01:28
i_e9b9096d0755,c_9ed6b804fedb,both,B,2026-08-03 11:04:42
i_ba808a9dfb75,c_9e2a03b1a5fe,both,A,2026-08-03 11:06:49
i_36dba59354dd,c_b9c37e28c8f2,both,A,2026-08-03 11:22:38
i_119b7da0ff44,c_3fbb4cd40a14,resource_card,A,2026-08-03 11:31:14
i_5259d514c710,c_eb9a35ac43df,resource_card,B,2026-08-03 11:33:14
i_500c3ff72791,c_6180fa324af9,resource_card,B,2026-08-03 11:33:29
i_cce975bb37c3,c_e85a251231fe,both,A,2026-08-03 11:36:55
i_78b4315e8a32,c_2121cd572cf7,both,B,2026-08-03 11:47:08
i_b2e00d61a517,c_053c417c5dc2,resource_card,A,2026-08-03 11:52:11
i_827de01d73ed,c_0d9faaecf07b,resource_card,B,2026-08-03 11:53:29
i_5a9b81734032,c_ee2f1faaa162,resource_card,A,2026-08-03 11:58:17
i_e7a92a8297c4,c_7fa7d0f84dcb,both,B,2026-08-03 12:10:03
i_08933390147a,c_996008d9ba9e,resource_card,A,2026-08-03 12:15:46
i_144292f4b644,c_8b3693520a8b,resource_card,B,2026-08-03 12:19:55
i_528efa841062,c_d5127c87e0d6,both,A,2026-08-03 12:24:14
i_254e09200a52,c_82b8d58650bb,resource_card,B,2026-08-03 12:38:34
i_05f8ef55443e,c_6b42b49ef18e,resource_card,A,2026-08-03 12:38:49
i_6564315dde50,c_576c6dcf9623,resource_card,B,2026-08-03 12:45:26
i_f405bca8fb90,c_34efdcdc9074,both,A,2026-08-03 12:56:23
i_fae308982b27,c_3ac1a92f577f,both,B,2026-08-03 12:59:48
i_d4ee4318636e,c_41bf5cb2e01e,resource_card,A,2026-08-03 13:03:15
i_c32f69c2aa69,c_9d936c8338f8,both,A,2026-08-03 13:11:42
i_1332e0c2636f,c_47f22f40f695,resource_card,B,2026-08-03 13:23:10
i_2e2159197dcd,c_2a5a311b09cf,both,B,2026-08-03 13:44:00
i_627323ef29e8,c_072546bc913b,both,B,2026-08-03 13:46:18
i_716385202690,c_4fcf51262d61,both,B,2026-08-03 13:59:31
i_d8b4753ee7d5,c_44213c38ecbd,both,B,2026-08-03 14:00:00
i_468570b20d76,c_222cc24122d8,resource_card,A,2026-08-03 14:01:34
i_96a9c0c17b8f,c_8a3c3eae8db7,resource_card,B,2026-08-03 14:08:08
i_5b31fc529d80,c_49179f61f479,resource_card,B,2026-08-03 14:08:25
i_e07829e73b4b,c_d84c90fa0061,both,B,2026-08-03 14:14:55
i_146cf85497ad,c_4c0e4b2267bd,resource_card,B,2026-08-03 14:24:39
i_e9e0f74e1642,c_e3ec7bf7f671,resource_card,B,2026-08-03 14:25:57
i_60a95cba7fcf,c_44dcf470378a,resource_card,A,2026-08-03 14:47:29
i_96afb0db210f,c_edc0b5e9bb72,resource_card,A,2026-08-03 14:53:32
i_0091f635ecbe,c_9a1947ca1376,both,A,2026-08-03 14:53:46
i_6b46ae9223bc,c_6fda56111545,resource_card,B,2026-08-03 15:03:21
i_249691c1fac1,c_3efb8498555c,both,A,2026-08-03 15:05:36
i_adabea9a737e,c_94d81a79c700,both,A,2026-08-03 15:10:05
i_e083c378c097,c_9f8fb471cc6a,both,A,2026-08-03 15:12:26
i_96076409f14a,c_d07b6df4b678,both,A,2026-08-03 15:18:41
i_9a3d944ef568,c_aa849378b69e,resource_card,A,2026-08-03 15:22:34
i_977499b1d870,c_7663b0b61e33,resource_card,B,2026-08-03 15:26:55
i_989729fa4c95,c_8ffdc64fd603,resource_card,B,2026-08-03 15:32:15
i_27f5e0ef5b00,c_814016b60d75,both,B,2026-08-03 15:35:25
i_b6d5abba4a2f,c_327c2c6af9bb,both,B,2026-08-03 15:45:05
i_820ee2cfb860,c_bc86d41ce174,resource_card,A,2026-08-03 15:57:50
i_74ffb2cca705,c_bb8c7854d953,resource_card,B,2026-08-03 16:16:06
i_6fa4f5a64d24,c_5efb03f91ab1,both,B,2026-08-03 16:20:17
i_bbcf6eb59d6e,c_eaf7851e72a0,both,A,2026-08-03 16:32:32
i_38cece65c624,c_0a86bf699797,resource_card,B,2026-08-03 16:36:52
i_7cc4226e552c,c_bab1027438f9,resource_card,B,2026-08-03 17:00:14
i_97c1d6a90abf,c_9ff1270d39bb,resource_card,B,2026-08-03 17:03:00
i_1174a8cae80a,c_cb4efe04654b,both,B,2026-08-03 17:24:36
i_1fee670b1dc8,c_c93ee7a67253,resource_card,B,2026-08-03 17:29:54
i_0030eb9971c5,c_f6a3a5aa322a,resource_card,A,2026-08-03 17:29:57
i_77625730377c,c_744999b372fa,resource_card,A,2026-08-03 17:33:21
i_b3d93d69cf69,c_a0afea19d9aa,resource_card,A,2026-08-03 17:36:40
i_7372823e4aaf,c_d10ee82abad5,resource_card,B,2026-08-03 17:37:30
i_62024df49608,c_5eeb5b127375,both,B,2026-08-03 17:42:56
i_b08827db3388,c_e7f41305bbb4,both,A,2026-08-03 17:44:35
i_45a8790edfe7,c_b402f01f74cc,resource_card,A,2026-08-03 17:47:47
i_68131f59822a,c_fc7fe8f218b1,resource_card,B,2026-08-03 17:48:37
i_14c0318e736a,c_e277805835d3,resource_card,B,2026-08-03 17:51:20
i_ac16dc59b7d1,c_07f260c92754,resource_card,A,2026-08-03 17:57:08
i_d5cecf1d7552,c_824d2415f55a,both,A,2026-08-03 18:02:11
i_e2c610a0f3ff,c_b9b8d6091204,resource_card,A,2026-08-03 18:07:42
i_2b3d125cfc8c,c_32dbac22c4fc,both,A,2026-08-03 18:18:02
i_f16b7a38b7cd,c_abbaf1ea883f,resource_card,B,2026-08-03 18:32:38
i_e8bfe41ea610,c_707a00c6c62e,resource_card,A,2026-08-03 18:35:01
i_48ab27b33e81,c_a9856d9d3676,resource_card,A,2026-08-03 18:39:43
i_b9fd9e413901,c_cef768326b48,resource_card,A,2026-08-03 18:44:41
i_1e56386337d0,c_29d24b79f011,resource_card,B,2026-08-03 18:46:17
i_073581449b08,c_4e4ed847c9ed,both,B,2026-08-03 18:46:30
i_49b03e6816a9,c_e2e2bd66ca51,both,B,2026-08-03 18:49:57
i_b44c30a697f8,c_bde9e8be9bd4,both,A,2026-08-03 18:55:46
i_1f236313314d,c_16b4ff3fd75a,resource_card,A,2026-08-03 18:58:20
i_0bb2fe9bbccd,c_7892125fdde1,both,B,2026-08-03 19:09:08
i_bd532f387419,c_fb14d17e536a,resource_card,A,2026-08-03 19:18:57
i_c1cd8adb0f8b,c_9b6ff380955a,both,A,2026-08-03 19:29:54
i_fae70e16331c,c_c1c6e09dabeb,both,B,2026-08-03 19:32:45
i_7b08842235e0,c_e0aecb3fb8b5,both,B,2026-08-03 19:34:45
i_2a19277990b1,c_26eb17679375,both,B,2026-08-03 19:42:37
i_6ffd9384cad1,c_6ba5fe5e2b0e,resource_card,A,2026-08-03 19:42:47
i_9940de06b113,c_d2d4a4b36c6b,resource_card,B,2026-08-03 19:48:54
i_282bf1ad4d90,c_882566ce5d93,resource_card,B,2026-08-03 19:52:09
i_cf67a5a2ca6c,c_aca0cc4c22db,resource_card,B,2026-08-03 19:52:49
i_0291ac9acb31,c_ee70e141da45,both,B,2026-08-03 19:53:02
i_d5b85a324354,c_8ea713e23ff3,resource_card,B,2026-08-03 19:55:29
i_33f702908835,c_31955fdfc331,both,B,2026-08-03 19:58:21
i_c0555b3dbb30,c_5a16da88aa3c,both,A,2026-08-03 20:02:13
i_3445a8169d67,c_9f1f890d7e75,resource_card,B,2026-08-03 20:02:34
i_9927df4603bf,c_35fd7dac2837,resource_card,B,2026-08-03 20:08:08
i_d5ac13ceb590,c_ac4874d95d5c,resource_card,A,2026-08-03 20:10:36
i_29b344d796a2,c_52178bc13b85,both,B,2026-08-03 20:14:10
i_47f0a963a17b,c_12696ae8c982,resource_card,A,2026-08-03 20:19:33
i_711cc6d4b9ac,c_45664e9d7c6d,resource_card,B,2026-08-03 20:34:47
i_f57d2bb1c8fb,c_532a4f528e84,resource_card,A,2026-08-03 20:36:20
i_fbcfeb8ba943,c_32281cb9a963,both,B,2026-08-03 20:48:10
i_8f1cad509fa1,c_16a3d47cd705,both,B,2026-08-03 20:54:11
i_1f4dc1042eb3,c_f7b518d0ba8b,resource_card,B,2026-08-03 21:07:20
i_7d09da98a3db,c_3a65baf71318,resource_card,A,2026-08-03 21:07:30
i_c56572a617f2,c_3b90eaa10c22,resource_card,A,2026-08-03 21:12:38
i_77337db37a36,c_67115d6e02e9,both,B,2026-08-03 21:13:31
i_d30bb37ac403,c_c3788bbff5e7,both,B,2026-08-03 21:15:53
i_d7fe73af575a,c_07238a362aa1,resource_card,B,2026-08-03 21:18:43
i_d9fb09453265,c_a29a752103b7,both,B,2026-08-03 21:19:47
i_9771082f7c80,c_8225a71d7123,resource_card,B,2026-08-03 21:19:49
i_10573205646e,c_c03659a4695e,resource_card,A,2026-08-03 21:20:40
i_f35789e25f9f,c_7b904ae4f7a4,resource_card,A,2026-08-03 21:22:28
i_4f0752c47af6,c_7beb9d1adc3f,resource_card,B,2026-08-03 21:24:35
i_7702a99743a9,c_9273edb4e5ef,resource_card,B,2026-08-03 21:31:46
i_e8de7291030c,c_d012444f1972,both,A,2026-08-03 21:39:44
i_05e9406aaa8b,c_3cd82de07237,resource_card,B,2026-08-03 21:41:14
i_4c9b0790a9e7,c_3ef593922a5d,resource_card,B,2026-08-03 21:41:56
i_1c3ae829262d,c_fdc42a2759b0,resource_card,A,2026-08-03 21:44:29
i_17bbe627f3ec,c_59ca7b597757,both,B,2026-08-03 21:57:52
i_a57122d94e13,c_23381ef2866f,both,B,2026-08-03 22:15:04
i_4eb6e66e559f,c_286407d1d7bd,both,B,2026-08-03 22:18:15
i_da27967ff9db,c_e09ca0d5c247,both,B,2026-08-03 22:20:11
i_033c86fde271,c_d887a4c51515,both,B,2026-08-03 22:24:02
i_b96c487a29d8,c_03175dc6b47e,both,A,2026-08-03 22:26:06
i_79126f5f87dc,c_3d13264eb081,both,B,2026-08-03 22:31:00
i_4a6b6d5d58e9,c_7f00ad3f06d4,resource_card,A,2026-08-03 22:31:09
i_b63f7d90e9ad,c_09672ad1eabb,both,B,2026-08-03 22:36:28
i_8ab5ecddd218,c_3b7619e4f7b6,both,A,2026-08-03 22:36:44
i_3a3d4fc480a8,c_bdfb0e9117fa,both,A,2026-08-03 22:38:37
i_b3adaf65befa,c_5a6d0a25e9cc,resource_card,A,2026-08-03 22:46:36
i_afbb892850a9,c_d6613b457de7,both,B,2026-08-03 22:48:33
i_2287ec53d3cc,c_35d9f6e4ebef,both,B,2026-08-03 22:53:37
i_3ba66f6822d6,c_925de19a11d6,resource_card,A,2026-08-03 22:55:32
i_d5135d60aa8e,c_e37d68f89c56,resource_card,A,2026-08-03 22:56:20
i_c8fa29bd5a75,c_060b46d4d563,both,B,2026-08-03 22:57:13
i_4401c3b9f9b9,c_ab4bbb7c2b59,both,B,2026-08-03 22:57:40
i_cf24e6ea8fc3,c_3cf63a8da69b,both,B,2026-08-03 22:59:35
i_583e8291d58b,c_930d84a57375,resource_card,B,2026-08-03 22:59:45
i_5635e065c082,c_37df97191f6e,resource_card,A,2026-08-03 23:38:11
i_6243e938d60e,c_f779302f4ee1,both,B,2026-08-03 23:42:07
i_3b556878daff,c_7ee0dcf2ae7f,resource_card,B,2026-08-03 23:48:16
i_ffafa259a4e7,c_59498e63af20,resource_card,A,2026-08-03 23:54:06
i_88800f2a51e3,c_c9b0d54c6180,resource_card,A,2026-08-04 00:16:32
i_733c4ae62836,c_9da94d1ae7ad,both,B,2026-08-04 00:21:24
i_57846f59b036,c_87ec328ad9f6,both,A,2026-08-04 00:32:00
i_e4814d3f74c1,c_bb43236d4d08,both,A,2026-08-04 00:54:56
i_6a1ed6543074,c_e8c966aac95c,both,A,2026-08-04 00:58:15
i_359861f35beb,c_859de0e8b88a,resource_card,A,2026-08-04 01:25:30
i_879cb9789ee3,c_7f922089b67d,both,B,2026-08-04 01:37:19
i_6d48834c95ee,c_591c85dc0cda,both,A,2026-08-04 02:08:58
i_3fb7eae53755,c_b5c20bc541a9,both,B,2026-08-04 02:10:14
i_19758ec5daf6,c_915129cedf79,resource_card,B,2026-08-04 02:42:51
i_395e84e6a491,c_90f8e624da6b,resource_card,B,2026-08-04 02:55:27
i_0ac2e464b43c,c_a94318f8cc3e,resource_card,A,2026-08-04 03:15:00
i_5eed5b53eacb,c_711aa253f797,resource_card,B,2026-08-04 03:20:21
i_651cb65ac140,c_f9e54e11840a,both,A,2026-08-04 03:21:43
i_fa59c6469d6b,c_4c99d141e984,both,A,2026-08-04 04:05:49
i_508abaaa6b59,c_b8512cbbc587,both,B,2026-08-04 06:33:54
i_c7c0dbe98a90,c_556f852f6774,resource_card,A,2026-08-04 07:03:11
i_748cb88bd913,c_feb074a19d07,both,B,2026-08-04 07:06:13
i_7e5520d5890f,c_39efdbe426e7,resource_card,B,2026-08-04 07:27:21
i_a5728501f2bb,c_99e84da5ed0f,both,B,2026-08-04 08:06:02
i_434ab893ac9c,c_c714c1b8eae8,both,A,2026-08-04 08:14:08
i_3042f681cf6b,c_149982a8e744,resource_card,A,2026-08-04 08:16:01
i_a9978cc77048,c_7dd43fc8dbf4,both,A,2026-08-04 08:23:49
i_dd51146eb3dd,c_83c11e181786,both,A,2026-08-04 08:31:37
i_6c7357cd9cea,c_aba5863a36ef,both,B,2026-08-04 08:33:27
i_2d3f49144f46,c_8d176493562b,both,B,2026-08-04 08:35:07
i_317dc861ca06,c_37f2b9badf4a,resource_card,A,2026-08-04 08:38:02
i_4c77626f436b,c_ecb4d398cc32,both,A,2026-08-04 08:39:01
i_d1d258ff358b,c_76b39ae1e5d8,resource_card,A,2026-08-04 08:41:22
i_c5c51819a4a9,c_a9a18a2ea354,both,A,2026-08-04 08:55:30
i_cccba6da0124,c_78dc13488719,resource_card,B,2026-08-04 09:14:22
i_46d2cdf9f110,c_ba1a67da6cc8,resource_card,A,2026-08-04 09:15:56
i_c93e4bd34768,c_0654b9245597,resource_card,B,2026-08-04 09:22:22
i_cdb99c4acab1,c_3bd56ebe8c03,both,B,2026-08-04 09:23:46
i_47c3805287fb,c_6e44e3382981,resource_card,B,2026-08-04 09:40:13
i_dcde790a3cfa,c_6ae9e10da9d7,both,B,2026-08-04 09:45:48
i_a2f67cd979d7,c_7392366a00ec,resource_card,A,2026-08-04 09:48:00
i_ea74c42e57bf,c_c585e052ed70,both,A,2026-08-04 09:54:12
i_3fad774f5f96,c_5d259d894f7c,both,A,2026-08-04 09:54:16
i_e427d1956ecc,c_8008964031ae,resource_card,A,2026-08-04 10:14:12
i_188c094f9676,c_84482b812e67,resource_card,B,2026-08-04 10:18:31
i_e65620053c42,c_49e3be8b2e1b,both,B,2026-08-04 10:26:16
i_ef21d796c5cd,c_1b6a8f9ce37b,resource_card,B,2026-08-04 10:31:35
i_d1591c873483,c_3231ac2acd51,resource_card,B,2026-08-04 10:36:14
i_e88dd788268e,c_dc7906e9fcd4,resource_card,A,2026-08-04 10:37:34
i_164c9c88581d,c_08958e740d00,resource_card,A,2026-08-04 10:46:28
i_1116ff735a26,c_0260ae448b95,resource_card,B,2026-08-04 10:48:39
i_78d29d14b348,c_63181f54c422,resource_card,A,2026-08-04 10:48:50
i_923821f4bfe2,c_bfdde7629b15,resource_card,B,2026-08-04 10:59:00
i_10b6c205ba06,c_a6cd74b139f7,both,B,2026-08-04 11:09:45
i_ed1337336b97,c_50e7bd31afe2,both,A,2026-08-04 11:13:48
i_8c337aa0b06a,c_49b250a81a6c,resource_card,A,2026-08-04 11:22:33
i_f7daac65ac2f,c_843d38cbd327,resource_card,B,2026-08-04 11:22:43
i_4a181662ec2f,c_86e0f0e35233,resource_card,B,2026-08-04 11:26:27
i_8e0a04631b0c,c_95e3dd972ce7,both,B,2026-08-04 11:34:04
i_2b583a73b4ba,c_de139d6d8ab8,resource_card,A,2026-08-04 11:34:16
i_8293277d2f9a,c_2fe3a3cd8f51,both,B,2026-08-04 11:42:34
i_8c41bd7f568f,c_f9287df90654,resource_card,A,2026-08-04 11:48:41
i_32326cd53fb6,c_23555b9c7a24,resource_card,A,2026-08-04 12:09:28
i_191deb2d02b1,c_67f296c042ec,resource_card,A,2026-08-04 12:11:33
i_98462f413833,c_2d9d0aa3c0f1,both,B,2026-08-04 12:18:34
i_0c6429dc066c,c_dcbaa77af564,resource_card,A,2026-08-04 12:26:56
i_4c8aa4b01180,c_e92c4efde93e,both,A,2026-08-04 12:28:52
i_959aa826fad8,c_c32b65da3f8b,resource_card,B,2026-08-04 12:44:50
i_938cd8dcc105,c_95e918d33b4d,both,B,2026-08-04 12:53:31
i_460861f44245,c_fada34dc6a9c,resource_card,A,2026-08-04 13:08:38
i_b2924b65a199,c_4111e5d64a24,both,A,2026-08-04 13:16:50
i_bb7aba23478a,c_f8ba0b514f62,resource_card,A,2026-08-04 13:20:22
i_804eceb21786,c_4f782deaf7e7,both,B,2026-08-04 13:37:50
i_8b28f7544c93,c_e786b276338a,resource_card,A,2026-08-04 13:43:50
i_f03e881eb417,c_cbade5da28cb,resource_card,B,2026-08-04 13:49:40
i_e1d54f548564,c_d870f77272a4,both,A,2026-08-04 13:55:52
i_7c053af38f3d,c_2f2f9fdbc574,both,A,2026-08-04 14:02:52
i_b9fedf67ea1f,c_af71721f2cb7,both,B,2026-08-04 14:05:48
i_ae2a12769364,c_3dde4ed0977b,resource_card,B,2026-08-04 14:17:42
i_55f8429285ec,c_172aaebfa1e2,both,A,2026-08-04 14:20:51
i_097df35ecfb3,c_de44d82ce47c,both,A,2026-08-04 14:24:54
i_a24bb10d74c1,c_2607fee2b3c9,resource_card,B,2026-08-04 14:25:49
i_45c65abaa6af,c_8b3a731eb944,resource_card,A,2026-08-04 14:35:57
i_327f275db77b,c_3568bd0b3b42,resource_card,A,2026-08-04 14:41:18
i_2bf1ea732077,c_145baa77bbe1,resource_card,B,2026-08-04 14:41:31
i_59ae6968f89d,c_dad855b59895,both,B,2026-08-04 14:41:59
i_169eebca5a74,c_782e920dc8fd,resource_card,B,2026-08-04 14:57:55
i_282727091d8f,c_661c55f82fd3,resource_card,B,2026-08-04 14:59:11
i_5e972bf733df,c_1aea97b6cb76,resource_card,A,2026-08-04 15:01:13
i_bf380223adf6,c_7ec8030f9b47,both,B,2026-08-04 15:02:10
i_48091a8e581c,c_4a472048d388,resource_card,A,2026-08-04 15:11:00
i_230f0998083d,c_e3aed0428db7,resource_card,B,2026-08-04 15:20:16
i_66bdc27fe289,c_d9f284d3ac41,resource_card,B,2026-08-04 15:33:13
i_bd74776d2fd2,c_264f1108f50d,resource_card,B,2026-08-04 15:33:44
i_8b405dfb2825,c_08065f2951e0,resource_card,A,2026-08-04 15:37:53
i_05052f20afbb,c_68f3fada6bbf,both,B,2026-08-04 15:41:00
i_2f11684e8da6,c_3d65fb5bab51,both,B,2026-08-04 15:41:05
i_8173395eae50,c_e6335c846bca,resource_card,A,2026-08-04 15:43:17
i_95dc74c9b7ac,c_dad8215ad1ae,resource_card,A,2026-08-04 15:49:18
i_b945e175b0e8,c_7bdc5dce6a14,both,A,2026-08-04 16:03:59
i_438d12c43bbd,c_abe1c7d23fdf,resource_card,B,2026-08-04 16:05:40
i_0119a1a54d1b,c_de61d0f742b8,both,A,2026-08-04 16:08:59
i_cefb094f5174,c_a539086a7d5b,both,B,2026-08-04 16:19:28
i_30d2bcae3612,c_25aa34724b8c,both,A,2026-08-04 16:35:48
i_8733678c0fd2,c_627185b6dac5,both,B,2026-08-04 16:39:49
i_f79dfa15fa45,c_b1a81eedaf02,resource_card,A,2026-08-04 16:47:31
i_8524818cf821,c_a2656f45c89f,resource_card,B,2026-08-04 16:51:08
i_ef84ac63294b,c_fe5bf8b1f896,resource_card,A,2026-08-04 16:56:22
i_f66eed887787,c_a9262a67bc31,resource_card,B,2026-08-04 17:00:56
i_be266796eb9f,c_29c25a071b6f,resource_card,B,2026-08-04 17:13:46
i_159afec3cd35,c_7b0c4f55ad63,both,B,2026-08-04 17:27:40
i_6040c77aad34,c_151139f2938a,both,A,2026-08-04 17:32:57
i_f669d0647eec,c_ab87efde7164,resource_card,A,2026-08-04 17:40:08
i_b50e6ec38026,c_004b1844f4e0,resource_card,A,2026-08-04 17:40:38
i_9256fd9246e7,c_4ed832879076,resource_card,A,2026-08-04 17:45:05
i_2709c68c4c39,c_913642dfcbed,both,B,2026-08-04 17:48:25
i_7b67343405b7,c_78d59214cd2c,both,A,2026-08-04 18:00:10
i_1e0d52d974a9,c_dd39f3895b06,resource_card,A,2026-08-04 18:02:50
i_9eebe1d663d3,c_4d4c3ea1dc2c,resource_card,A,2026-08-04 18:03:10
i_4f70b5fe9598,c_9a4cb4a362d4,resource_card,A,2026-08-04 18:08:37
i_06fb41864ccc,c_7c5b66fae42a,resource_card,A,2026-08-04 18:10:39
i_b7c282b30c63,c_ef04921e83d5,resource_card,B,2026-08-04 18:13:57
i_c4164b646ccd,c_ca9eebf10ff5,resource_card,B,2026-08-04 18:14:17
i_a34d6f0c3906,c_e280bc411a2d,resource_card,B,2026-08-04 18:17:02
i_6a1f5b8fa997,c_22139104db71,resource_card,B,2026-08-04 18:20:29
i_57b313b3ed7d,c_62f94a239b5f,resource_card,B,2026-08-04 18:44:46
i_e79ba8dbc5b5,c_2849e907cd50,both,A,2026-08-04 18:48:48
i_b3a4d17aca86,c_af21fc9f7347,resource_card,B,2026-08-04 18:48:50
i_a77ecb14eb2f,c_b593463be9d1,resource_card,B,2026-08-04 18:52:20
i_afdc603be818,c_321f7c7d34e0,both,A,2026-08-04 18:55:45
i_a32564d68856,c_e75618e5508e,resource_card,A,2026-08-04 18:59:22
i_d218cfae405d,c_6e06916e7e44,both,A,2026-08-04 18:59:23
i_03f798d69198,c_281455f9cd43,resource_card,B,2026-08-04 19:04:10
i_df03fe969e4d,c_e0d5d0e2ad09,resource_card,B,2026-08-04 19:15:24
i_d954b9eda1ef,c_243771e29de4,resource_card,A,2026-08-04 19:24:11
i_fdb0c6c5e0df,c_463738535501,resource_card,B,2026-08-04 19:25:11
i_834ac3f205fe,c_78312f3693dc,both,A,2026-08-04 19:27:51
i_4ee9ea024697,c_c9e4a672afd2,both,A,2026-08-04 19:29:04
i_49f3e0c72d10,c_e066854f0e63,both,B,2026-08-04 19:30:50
i_c113418e0745,c_414f59b800db,resource_card,B,2026-08-04 19:40:52
i_0241c026592f,c_2bd911d066b5,resource_card,B,2026-08-04 19:41:04
i_6ca599cbcc70,c_6df4fc8110a8,resource_card,A,2026-08-04 19:41:53
i_603899c5ce8a,c_b1f7988f5b7e,resource_card,A,2026-08-04 19:45:16
i_985eb3a4679f,c_a2a2ee1c0ec5,resource_card,B,2026-08-04 19:45:28
i_4879beec859a,c_102592c75dcd,resource_card,B,2026-08-04 19:51:51
i_4ed9f7ee6e45,c_7e00829e80a0,both,A,2026-08-04 19:54:58
i_d2507ab9a33d,c_5f388ae2bbd8,both,A,2026-08-04 20:00:59
i_19aee1da163b,c_650d031cb87d,resource_card,B,2026-08-04 20:02:06
i_0f71f9f9a3bd,c_0cf9588922f8,both,A,2026-08-04 20:04:51
i_d914fd1b7596,c_25fbb3f5ac95,both,B,2026-08-04 20:06:28
i_37599a02f63a,c_31651c75264c,resource_card,A,2026-08-04 20:10:37
i_ec66f06f2a78,c_58de4a0a50e4,resource_card,A,2026-08-04 20:13:35
i_ed26b6433fde,c_d6272467050f,both,B,2026-08-04 20:14:02
i_c185352b74b0,c_c2693b7290ad,resource_card,B,2026-08-04 20:16:37
i_bd3fa2afbaec,c_920860574906,resource_card,A,2026-08-04 20:28:03
i_01e2d42172ce,c_d102d080e9fd,resource_card,B,2026-08-04 20:28:49
i_45a2bb255300,c_4058a8048868,resource_card,A,2026-08-04 20:28:44
i_819ed43be6d9,c_d30907c3f2c9,both,B,2026-08-04 20:29:02
i_477b0aac4d83,c_4017864b58e7,both,B,2026-08-04 20:30:38
i_2e5d59eef0e7,c_0616d7c6ee5a,both,A,2026-08-04 20:30:35
i_af33ed8d21bb,c_0334b3819c23,both,B,2026-08-04 20:38:33
i_a86c38d0cad6,c_facc50473818,resource_card,A,2026-08-04 20:42:30
i_5e55313aab0c,c_d3977318696b,resource_card,B,2026-08-04 20:47:08
i_962e9d023e42,c_4e36b850b50c,both,A,2026-08-04 20:50:05
i_211f223467ca,c_caf795fef368,resource_card,A,2026-08-04 20:55:33
i_7a7fc5b42bfd,c_f98a7a9e01f3,resource_card,B,2026-08-04 21:03:52
i_7411b58a90c5,c_5a40cc05bdee,both,A,2026-08-04 21:04:08
i_58d808e2e2dd,c_9656d9db1ddf,both,B,2026-08-04 21:09:06
i_8053fb3ae0b2,c_8b937bef71da,resource_card,A,2026-08-04 21:20:57
i_14ca25f07338,c_d38ea3017db0,resource_card,A,2026-08-04 21:23:36
i_c38f97b88e16,c_78605f5adf56,resource_card,A,2026-08-04 21:26:44
i_1bfe5d42afee,c_d3d541084dc2,both,A,2026-08-04 21:32:30
i_7d7695776a48,c_740467dac6f8,both,A,2026-08-04 21:35:53
i_6a69536a1f9b,c_43de0b0df538,both,A,2026-08-04 21:39:21
i_a9dd739f3988,c_5c4131f9be28,resource_card,A,2026-08-04 21:51:14
i_5f4ced0f3140,c_e034817a52de,resource_card,A,2026-08-04 21:52:07
i_5d310bdb30b2,c_7a0f72e30697,both,B,2026-08-04 22:00:28
i_348b1c6fba74,c_5a5afecd5b48,resource_card,A,2026-08-04 22:10:28
i_d00ed3577dd9,c_4f0c213d4ea4,both,A,2026-08-04 22:10:43
i_692f8a23511a,c_b69b1dc43cbc,both,A,2026-08-04 22:10:47
i_c6078fcf69cc,c_c4c61f84c2af,resource_card,B,2026-08-04 22:13:06
i_0a95ca55651a,c_bc8a84067704,both,A,2026-08-04 22:14:39
i_0308fcfdb182,c_f8e525036b01,resource_card,B,2026-08-04 22:16:47
i_6c3f2c028678,c_c62c9bd384df,resource_card,B,2026-08-04 22:21:07
i_2ea884e576a4,c_0cd4736db5ae,resource_card,A,2026-08-04 22:25:53
i_1eb329efbec4,c_b87772d3e816,resource_card,A,2026-08-04 22:27:18
i_8defd91b3ba2,c_d23e8bf3d314,both,A,2026-08-04 22:37:50
i_91065f1797eb,c_8464ef485e21,both,B,2026-08-04 22:44:29
i_3281ff3e413c,c_76f6ec1d83ce,resource_card,A,2026-08-04 22:51:18
i_20f652bbdf57,c_73744734ce86,both,A,2026-08-04 22:57:18
i_b1373bef1670,c_a595722cbeb2,both,A,2026-08-04 23:10:37
i_813db3a5d0db,c_073273914898,both,A,2026-08-04 23:14:42
i_52226968a178,c_c0a3dc02e027,both,B,2026-08-04 23:22:13
i_259c6e12c377,c_dfcd4f3b3e76,both,A,2026-08-04 23:34:06
i_e84ab892c279,c_98d0cf65e8e8,both,A,2026-08-04 23:36:59
i_c7c430f347cc,c_cf3df5e5e997,both,B,2026-08-04 23:48:33
i_b15b75c31def,c_751b490458ce,resource_card,A,2026-08-04 23:53:40
i_361512aed2f1,c_e8f81757d3e3,both,B,2026-08-04 23:53:45
i_53e29f1d6f72,c_4aa41ff9ba2c,resource_card,A,2026-08-04 23:54:49
i_9c81de8c5986,c_86a5bb0dfed0,both,A,2026-08-05 00:05:34
i_239b7381bf0c,c_c6e9eaa2be9f,both,B,2026-08-05 00:20:15
i_788e637e2d77,c_f10615edd843,both,B,2026-08-05 01:03:54
i_6e4b24771b0e,c_5381e6ac58e1,both,B,2026-08-05 01:05:16
i_eded5840ac36,c_f8407a80a397,resource_card,B,2026-08-05 01:11:20
i_c99bfcce87b0,c_5bf81b952de1,both,B,2026-08-05 01:20:39
i_ed6ba1838838,c_2124fcd45078,resource_card,A,2026-08-05 01:20:52
i_c6147b8d59df,c_c4847dcd1519,both,B,2026-08-05 01:20:57
i_c8ffcf8f2de6,c_78b740164d8f,both,B,2026-08-05 02:25:10
i_0301edb0a65f,c_1f508803b2bc,both,A,2026-08-05 02:43:50
i_5a851e63000d,c_66f9756994e3,both,B,2026-08-05 02:57:34
i_d56da3a2d69b,c_06917c5ec3bd,resource_card,B,2026-08-05 03:16:36
i_3d3273f19e92,c_25e11a937af0,resource_card,A,2026-08-05 04:08:39
i_c2975c71a07c,c_ea20b15f3b1a,resource_card,A,2026-08-05 04:28:04
i_2724bd905668,c_cbdc3f2eaaa9,resource_card,B,2026-08-05 06:18:18
i_55c303a7784d,c_e785b46c468d,both,B,2026-08-05 07:13:09
i_d1fa3cc08e6a,c_bd28372222df,both,B,2026-08-05 07:18:03
i_e4b6fdd3e7ca,c_a7f0a6e213f6,resource_card,A,2026-08-05 07:19:45
i_e25bdb6b137d,c_89411dd63bb9,resource_card,B,2026-08-05 07:27:17
i_25df1e0758b9,c_3da86714989b,resource_card,B,2026-08-05 07:29:40
i_46be42873c66,c_0337d10d4ea3,resource_card,B,2026-08-05 07:34:20
i_a14d36fbf476,c_54f5a8222b87,both,B,2026-08-05 07:40:38
i_63c1c34d9710,c_ad3554ee5b3b,both,B,2026-08-05 07:50:18
i_25225ab65038,c_617c30a1910c,both,A,2026-08-05 08:30:16
i_a3d8b24e368d,c_a6b9500b002c,resource_card,A,2026-08-05 08:36:16
i_611b0eb907b7,c_31afce637236,resource_card,A,2026-08-05 08:56:06
i_8d812eb2787a,c_0edfb8aaa2aa,both,A,2026-08-05 09:02:37
i_a6e035f02ca0,c_0356c58b16ab,both,B,2026-08-05 09:09:20
i_4ad8873ee921,c_7c7718ae8106,both,A,2026-08-05 09:18:16
i_9f7e060fed96,c_cf6d73da1faa,resource_card,A,2026-08-05 09:19:27
i_78c9cc94c25f,c_079381805763,resource_card,B,2026-08-05 09:34:26
i_a7632aa1df02,c_c18c53f16e79,resource_card,B,2026-08-05 09:34:43
i_4f9bd281cfe2,c_85e27dbed750,resource_card,A,2026-08-05 09:43:22
i_3d25740d8814,c_4272095e2cec,resource_card,A,2026-08-05 09:47:22
i_771684cad203,c_202827367d1b,both,B,2026-08-05 09:48:58
i_575cfa5df7f2,c_38b2580fbbde,resource_card,A,2026-08-05 09:52:14
i_c1ec794230bb,c_e7b74ad3cff6,both,A,2026-08-05 10:06:34
i_34a220e92c28,c_401600a1812e,both,A,2026-08-05 10:30:32
i_cbe3ae0023de,c_ae0b3c9a8f7f,both,B,2026-08-05 10:30:43
i_0b75f8f8f41f,c_c71063a24369,resource_card,B,2026-08-05 10:35:12
i_f8bd53ce1b3d,c_5c5214fc744e,both,A,2026-08-05 10:36:23
i_92da73789604,c_be3b57ba0232,resource_card,A,2026-08-05 10:42:13
i_8b10e3d5d79a,c_b5e5211a3259,both,B,2026-08-05 10:55:00
i_73ac42c3150d,c_054a65800eb9,both,B,2026-08-05 11:02:12
i_677aabb2437e,c_b018759bf420,both,A,2026-08-05 11:04:50
i_ee13f7c2def1,c_2c7f9653afbe,resource_card,A,2026-08-05 11:11:16
i_8f1bd55c954c,c_6d0a19d9ff5f,resource_card,B,2026-08-05 11:21:22
i_455098160eb9,c_f21a67e1d7ac,resource_card,A,2026-08-05 11:43:09
i_99fc5f667f7c,c_f78b7c964911,both,B,2026-08-05 11:56:19
i_6d52e4190ab8,c_f7cc584347e3,resource_card,B,2026-08-05 12:08:32
i_cf8dcce1724d,c_eb9d0a5de08f,resource_card,B,2026-08-05 12:09:15
i_3604a2908d3c,c_7fa6b2d03ac3,resource_card,B,2026-08-05 12:14:32
i_7afa18d10d72,c_81f4fa3c37b3,resource_card,B,2026-08-05 12:14:55
i_2a7734ea96cf,c_68400b1b847d,both,B,2026-08-05 12:20:18
i_3d0e9451fcd2,c_7094f9a0fca0,resource_card,A,2026-08-05 12:24:35
i_59f2e26e5d99,c_624fb1af7bb9,both,B,2026-08-05 12:25:09
i_ec7bdefe2470,c_ce24991a0d9e,both,A,2026-08-05 12:25:46
i_d2ce3f6b7032,c_f9eace4f0ede,both,A,2026-08-05 12:25:47
i_7033f17009d6,c_68c74ebb2ea8,both,A,2026-08-05 12:33:39
i_3f28cfe146f1,c_96aab8bb30dd,resource_card,B,2026-08-05 12:36:37
i_cf91d6fa7ccd,c_254b9c366986,resource_card,A,2026-08-05 12:42:44
i_53698edcc021,c_8711c1fea902,both,A,2026-08-05 12:45:34
i_72582a92b4b3,c_94e62880a6ff,both,B,2026-08-05 12:47:05
i_b8bbf63869fd,c_cdc14f55523b,both,B,2026-08-05 12:55:28
i_13f2c9181972,c_544b5565f927,resource_card,B,2026-08-05 13:11:17
i_063d7ede9f11,c_0231bad350d2,resource_card,A,2026-08-05 13:14:04
i_6a9232bc289a,c_3c8dd3d76683,resource_card,B,2026-08-05 13:16:32
i_d02fd48487ee,c_b853c936bb88,both,A,2026-08-05 13:19:40
i_9807b129ddd7,c_ddfc5b69ad9f,resource_card,B,2026-08-05 13:21:22
i_b1c00f3a562f,c_f5456b63c91c,resource_card,A,2026-08-05 13:22:57
i_a47ab8fc424e,c_0b6eff1118a4,both,A,2026-08-05 13:22:59
i_6ccc16f7ef6e,c_3d49c2a0b903,both,B,2026-08-05 13:33:53
i_0fba69bfbf58,c_28d130dd8f47,resource_card,B,2026-08-05 13:46:26
i_5b7d6de7ff40,c_c89ffa1c6a56,both,A,2026-08-05 13:46:42
i_e9baf38f7041,c_c1d9c7161b42,both,A,2026-08-05 13:49:57
i_40740a245b3a,c_57877b8b81a5,resource_card,B,2026-08-05 13:53:27
i_9644464eb66b,c_4845a1477116,resource_card,A,2026-08-05 14:11:03
i_0d92b792008d,c_9afc59cd0bb5,resource_card,B,2026-08-05 14:11:39
i_133a4c1518f9,c_a14c529e4864,both,A,2026-08-05 14:19:15
i_9bb7823e09d3,c_2ee5d6450ff2,both,A,2026-08-05 14:24:08
i_b14fc08e3c76,c_51c9b067850f,resource_card,B,2026-08-05 14:25:40
i_42cea024e98a,c_d18dbfdce0d8,both,A,2026-08-05 14:35:37
i_3423af8c6ae9,c_325f796e6d5b,both,B,2026-08-05 14:42:50
i_9131e59d407e,c_4b28a089f848,both,A,2026-08-05 14:59:06
i_97da8e6fed69,c_733a47492eb7,resource_card,B,2026-08-05 15:00:29
i_bf0872280164,c_8db818e13313,resource_card,B,2026-08-05 15:16:53
i_91dd446cc3e1,c_dbba2a70faff,both,B,2026-08-05 15:28:50
i_8e1069d4c620,c_de1abc8c8f5a,resource_card,A,2026-08-05 15:29:23
i_1aabcb3d88b5,c_265d355ea123,both,B,2026-08-05 15:39:18
i_ea525f18ec79,c_9350882e6a46,both,A,2026-08-05 15:40:08
i_27cef11de9c4,c_dd3fc3025307,resource_card,B,2026-08-05 15:41:30
i_15821953e750,c_c0a2219a4bed,resource_card,B,2026-08-05 15:45:13
i_a25afc57b204,c_e2e1eeaa977b,both,B,2026-08-05 15:45:47
i_008f5312fc18,c_68c1b23273b4,both,A,2026-08-05 15:54:17
i_074e4d8400a1,c_7de30c442978,both,A,2026-08-05 16:16:58
i_7034217e7423,c_674e4cc509dd,both,B,2026-08-05 16:23:14
i_19fd0cbf0902,c_208503b57250,resource_card,A,2026-08-05 16:27:48
i_938ed7e8ff81,c_0535e6dcaf35,both,B,2026-08-05 16:34:50
i_4ec4ccf25c72,c_f54e37f352a0,both,A,2026-08-05 16:35:30
i_b4c17bb88418,c_4e4dfdc6ba31,both,B,2026-08-05 16:37:35
i_1a46e20c7c39,c_55089c00d737,both,B,2026-08-05 16:45:40
i_8f3af9f4bdfc,c_4e4dc5521047,resource_card,B,2026-08-05 17:12:18
i_7d84d8936206,c_0dbcd1a64394,resource_card,A,2026-08-05 17:15:03
i_7aa2f63c4695,c_dc181b91c3f6,both,A,2026-08-05 17:24:00
i_2af9ea88ff69,c_70b4eaa2e27c,both,A,2026-08-05 17:32:08
i_4970e3620d84,c_542e99598be4,both,A,2026-08-05 17:33:50
i_a098f1eb5887,c_36c709c3023b,both,B,2026-08-05 17:34:26
i_6e19841da101,c_4a045655b8e2,both,A,2026-08-05 17:36:20
i_4d953f3918e7,c_9e346aca1faa,both,A,2026-08-05 17:39:03
i_585a45d349c0,c_fc117930f7b3,both,B,2026-08-05 17:41:21
i_6d10e047c94e,c_88105deec652,resource_card,A,2026-08-05 17:45:08
i_25534dea6186,c_c3f3247de28b,resource_card,B,2026-08-05 17:57:05
i_aa81c95d26ee,c_8b39d1369a6c,resource_card,A,2026-08-05 17:59:11
i_96abc2bf2745,c_0519d0f0d04d,both,B,2026-08-05 18:04:08
i_8d901c116974,c_1ae77381830a,resource_card,A,2026-08-05 18:04:38
i_30fc0f7bd9dd,c_b08ce47f1648,resource_card,A,2026-08-05 18:11:58
i_ba8b276436c4,c_bf7034cd5cf6,both,A,2026-08-05 18:12:56
i_f85009f08387,c_3ccb9a81c57d,resource_card,B,2026-08-05 18:20:03
i_b5b20c19f021,c_314f9e56387c,resource_card,A,2026-08-05 18:21:28
i_0b620bad4c14,c_9574f24a87cb,resource_card,B,2026-08-05 18:28:12
i_c76b104a5bae,c_b4f129faad78,both,A,2026-08-05 18:30:33
i_5ce3b9512837,c_6f558f90c3b3,resource_card,B,2026-08-05 18:31:46
i_d8a7a42664e3,c_1468399a7459,resource_card,B,2026-08-05 18:33:23
i_1a090730247f,c_6f7b868078b6,both,A,2026-08-05 18:38:44
i_79cdbaf8c5f1,c_3f943284fd4a,resource_card,A,2026-08-05 18:42:05
i_68f64f045d00,c_cd54dfb99dfa,resource_card,A,2026-08-05 18:45:07
i_f7e6a8a54ecc,c_f0766005c6ce,both,A,2026-08-05 18:49:07
i_abdb79771e60,c_decd663f929b,both,B,2026-08-05 18:49:48
i_58883151b026,c_22861f5c6d14,both,A,2026-08-05 18:52:23
i_5590f350ebe5,c_7436e553f865,resource_card,B,2026-08-05 18:53:05
i_a83372adae21,c_0225153acd8e,both,A,2026-08-05 19:16:38
i_527e10a29193,c_f1a8dbb03e3e,resource_card,A,2026-08-05 19:17:35
i_f155dc6c2d36,c_b1c84202ae4f,both,B,2026-08-05 19:17:37
i_9aeddc5f8c36,c_eac95df4a84a,both,A,2026-08-05 19:22:01
i_6b0d5aca62bd,c_d354e7ea4a01,both,B,2026-08-05 19:23:51
i_d488c00c8880,c_35ce73018cfd,resource_card,B,2026-08-05 19:26:25
i_96e0c01b9a0a,c_07f175a09027,resource_card,B,2026-08-05 19:35:43
i_85c53943fdbb,c_6b4649ec93b7,resource_card,B,2026-08-05 19:37:45
i_0a4510dccd03,c_df17f9b87ab1,both,B,2026-08-05 19:38:14
i_9c75e4edad07,c_c321c2efeaef,resource_card,B,2026-08-05 19:47:05
i_7fa8c677078b,c_d3389f32a6e3,both,B,2026-08-05 19:47:59
i_a8db34986729,c_a993d6ad66e1,resource_card,B,2026-08-05 19:48:18
i_465e0b000636,c_47130aad58c4,both,A,2026-08-05 19:51:25
i_3ca4f41bd38b,c_1dbec00ef091,resource_card,B,2026-08-05 19:53:17
i_d45ca7be03c3,c_3b5ed8169f39,both,B,2026-08-05 19:57:39
i_fd733b62e110,c_6c5849fef96c,resource_card,A,2026-08-05 19:57:51
i_1e6fb3139603,c_fab5e356369b,resource_card,B,2026-08-05 19:59:51
i_0c0e48794d20,c_3864934d227f,both,B,2026-08-05 20:00:42
i_fe00160f2666,c_1b2de59de518,resource_card,A,2026-08-05 20:05:23
i_00a33758fd0d,c_713a3629963b,resource_card,B,2026-08-05 20:14:44
i_a5ac5734b531,c_243fbbb41576,resource_card,A,2026-08-05 20:15:13
i_1be224c9ab6a,c_e255fe5683ba,resource_card,A,2026-08-05 20:17:34
i_7b34b536ff00,c_0ac449e92b3a,both,A,2026-08-05 20:27:39
i_d437d71df75b,c_56197c5c101c,both,A,2026-08-05 20:31:30
i_470388345824,c_f103f0f21c27,both,B,2026-08-05 20:32:38
i_3f566552aeb8,c_c33c06c17e76,resource_card,A,2026-08-05 20:37:08
i_7a2e8f9a2c99,c_c50d377dfd0a,resource_card,A,2026-08-05 20:37:37
i_70e03c1b8ef8,c_0ef0d104045a,both,A,2026-08-05 20:41:46
i_d2be81ed4a6d,c_a139c62f0085,resource_card,B,2026-08-05 20:42:32
i_45a05031f88f,c_215a02305770,resource_card,A,2026-08-05 20:48:30
i_5ead4e8d9618,c_72c767f8f83f,resource_card,B,2026-08-05 20:57:58
i_b8360c4a1f82,c_6658762ae436,resource_card,A,2026-08-05 21:00:06
i_1f5e7ce5be9e,c_b998c870d40a,both,A,2026-08-05 21:07:32
i_4ecaa790ea9a,c_0c1cdc034915,both,B,2026-08-05 21:07:48
i_d97c07940c3d,c_00e0e903d706,both,A,2026-08-05 21:09:07
i_fd7c0f420aa5,c_5ecc26b996ad,both,B,2026-08-05 21:15:06
i_aced7f12a5f8,c_4ef0bae65d33,resource_card,B,2026-08-05 21:25:31
i_778229368550,c_13672fd815b1,both,B,2026-08-05 21:26:55
i_853553a97d3c,c_bace422d6210,both,A,2026-08-05 21:33:37
i_75621bed440f,c_fb2207777a63,resource_card,B,2026-08-05 21:34:02
i_d846c533a6bf,c_650b31575bbe,both,A,2026-08-05 21:42:16
i_950f95bbf235,c_38022ac6d84e,both,A,2026-08-05 21:47:13
i_c322d0add7b5,c_cdf872fca17f,both,B,2026-08-05 21:48:47
i_85d348569360,c_6a5ce7d6203d,both,B,2026-08-05 21:59:33
i_8370243593a2,c_b2ea41eeedaa,both,A,2026-08-05 22:07:36
i_e55ebb0ded64,c_a45b2b45f546,resource_card,A,2026-08-05 22:11:53
i_d2e603159aa2,c_b0306c31e1ff,both,B,2026-08-05 22:13:32
i_8527dac449dd,c_fea296075fa0,resource_card,A,2026-08-05 22:14:31
i_c61a2b92ad9e,c_1ff94251e602,both,A,2026-08-05 22:23:04
i_885661993b4d,c_492d274b6f7b,both,B,2026-08-05 22:24:47
i_b30a3e665255,c_05694ddbbc2c,both,A,2026-08-05 22:25:31
i_13c6b7e43f95,c_ea06ea92cf45,resource_card,B,2026-08-05 22:27:18
i_2a27ef0bc0fc,c_f9d35617095c,resource_card,A,2026-08-05 22:30:18
i_bae65cc8c93f,c_848bdb741942,resource_card,A,2026-08-05 22:33:38
i_400701b63594,c_59f37f28ba0a,both,A,2026-08-05 22:34:25
i_69a168df14da,c_7ea1a44ac741,both,B,2026-08-05 22:35:35
i_eae4c7fb9426,c_a754f25073f9,both,B,2026-08-05 22:40:15
i_c6a00b360234,c_fb3cc9a949a2,resource_card,A,2026-08-05 22:40:40
i_7c9d8dcd25de,c_5af001de1afb,both,B,2026-08-05 22:43:01
i_371d7b7dfd7c,c_800a69e7fde1,resource_card,B,2026-08-05 22:43:57
i_d066cfcc34d7,c_1e6e5fe50248,resource_card,A,2026-08-05 22:44:49
i_f46606a2815d,c_edbd7585b664,resource_card,A,2026-08-05 22:53:19
i_3d756696246b,c_80fe0917765f,resource_card,B,2026-08-05 23:06:27
i_e57e8109b3c2,c_ef4f2260a127,resource_card,B,2026-08-05 23:19:02
i_6a0b7ca2720d,c_163fcb2fac22,resource_card,A,2026-08-05 23:35:04
i_622a929dc294,c_28c6bf411489,resource_card,B,2026-08-05 23:37:10
i_a455ee2da5a6,c_a2910afbec43,resource_card,B,2026-08-05 23:38:40
i_e30f63655abf,c_2498c3f7f3ef,both,B,2026-08-05 23:38:55
i_e9635a20e239,c_18ea30cd43b8,resource_card,A,2026-08-05 23:42:27
i_2926aea5b30f,c_78c179766ce4,resource_card,A,2026-08-05 23:46:25
i_9da1a2b668ce,c_50b799802793,resource_card,B,2026-08-06 00:39:55
i_013b3e50e3a8,c_c871b7b6fa9c,both,A,2026-08-06 00:47:36
i_665c3914bd00,c_0721012fba7a,resource_card,A,2026-08-06 00:50:42
i_f44d78b0aea0,c_69beaa5da647,resource_card,B,2026-08-06 01:09:40
i_5730effe922a,c_604723e9f55d,both,B,2026-08-06 01:18:05
i_c0fb93acc884,c_b49f30b3c12e,both,A,2026-08-06 01:35:57
i_7b63468d0ac8,c_e134297eb175,resource_card,B,2026-08-06 02:06:11
i_f81eea038c4b,c_bf8b77b1c1c4,both,A,2026-08-06 02:57:27
i_788f23ffbeb1,c_bf278f4b1bc9,resource_card,B,2026-08-06 03:23:54
i_e8066959e6ed,c_d916326280e6,resource_card,A,2026-08-06 03:25:52
i_14f4f33cd5d3,c_9220fdf00bd3,both,B,2026-08-06 03:27:28
i_0429d5ab0217,c_ade2e915404d,resource_card,B,2026-08-06 04:35:30
i_24f049710749,c_5dbf32b0ee5d,both,B,2026-08-06 05:06:58
i_670a45bd78c4,c_812e01030d84,both,A,2026-08-06 05:26:46
i_ec5ec3146fb3,c_08f9510d4a0f,resource_card,B,2026-08-06 06:22:11
i_a385ad81cef0,c_885400476c71,both,B,2026-08-06 06:45:03
i_1ff85fdda34a,c_46d8f667a83f,both,B,2026-08-06 07:07:19
i_ff2e3ee80209,c_2d50ac4baf6b,both,B,2026-08-06 07:09:45
i_e885eb352108,c_433f0e3619ef,resource_card,B,2026-08-06 07:09:51
i_36ba8bcb6ef8,c_1e6e7c10bc0e,resource_card,A,2026-08-06 07:13:22
i_f73c4738dfaf,c_9612c904a251,resource_card,B,2026-08-06 07:24:14
i_7f9d097cc4f2,c_bf2fbf555091,both,B,2026-08-06 07:41:24
i_d0c52694d00e,c_58c851d71145,both,B,2026-08-06 07:44:07
i_b4a568849b6b,c_903795ec1dc9,both,B,2026-08-06 07:58:08
i_532c5232f181,c_b21aa2ae464d,resource_card,B,2026-08-06 08:00:20
i_3cf5f8be145e,c_f1c18d267c5c,both,A,2026-08-06 08:13:23
i_bf222c203c5d,c_372cf9763792,both,A,2026-08-06 08:19:15
i_608440e62bba,c_0913911ca14d,resource_card,B,2026-08-06 08:19:59
i_dc4da0c3b817,c_0dcad4262f8a,resource_card,A,2026-08-06 08:37:50
i_6a6b8376308d,c_45797b890ff9,both,B,2026-08-06 09:01:00
i_6071595a9d72,c_20ad632e898f,resource_card,B,2026-08-06 09:01:18
i_3d176097e46e,c_1f5b740e2836,resource_card,A,2026-08-06 09:13:57
i_0a5a4a7c320b,c_954a8e697280,resource_card,A,2026-08-06 09:17:55
i_40fa066621c9,c_a56a76e9bba0,both,A,2026-08-06 09:18:37
i_58d7201cd923,c_31211102afd8,both,A,2026-08-06 09:20:48
i_6a146ad9df4e,c_c433ad6b31a9,resource_card,B,2026-08-06 09:22:20
i_b261d17e1054,c_ad6c8d53f111,resource_card,B,2026-08-06 09:22:40
i_92043dc9d0d5,c_9e9daf95d966,resource_card,A,2026-08-06 09:23:53
i_34ea10639b14,c_af060a36f5ae,both,A,2026-08-06 09:31:55
i_7e849f638e6b,c_a97eadd88221,both,B,2026-08-06 09:32:54
i_6125d58aa9ce,c_f8a919010316,resource_card,A,2026-08-06 09:37:47
i_6c5fa5051ca6,c_072a9de80d1b,both,B,2026-08-06 09:46:27
i_c9d02a3b1f9b,c_d53b09596114,resource_card,A,2026-08-06 09:47:47
i_16f89399c3c8,c_3f7ddd0c5e17,resource_card,B,2026-08-06 09:55:58
i_83f0fb9cad3d,c_38c2adeace1d,resource_card,B,2026-08-06 10:02:35
i_c98042a0ed63,c_c5d00afdff43,resource_card,B,2026-08-06 10:10:38
i_0e4e3412becc,c_0eb08338e1a5,resource_card,B,2026-08-06 10:23:30
i_556a55d904c0,c_3e6d2754f94e,resource_card,A,2026-08-06 10:24:20
i_18bdf2e2ed70,c_10ffe8365419,both,B,2026-08-06 10:26:36
i_9efbb300189b,c_c0f96a769d5b,both,B,2026-08-06 10:27:26
i_658bcdc7a88b,c_0d8b153fbbff,both,B,2026-08-06 10:38:18
i_9e307a1a85bb,c_cf9464087f62,resource_card,A,2026-08-06 10:50:55
i_9e44adfd78e8,c_bb4e061855d2,resource_card,A,2026-08-06 10:55:06
i_8fa105b46433,c_aa4f65e09eaf,resource_card,B,2026-08-06 10:55:56
i_6cc9ead1c325,c_0d75fae9c3a2,resource_card,A,2026-08-06 10:58:33
i_ceceef1d7bff,c_e3fe7dcd3816,both,A,2026-08-06 11:03:50
i_07a568c0f93e,c_0e3116fe7dc7,both,B,2026-08-06 11:23:34
i_e5a74f4c3907,c_c83fc9e3b9ad,both,B,2026-08-06 11:24:02
i_187357e64415,c_c5e6a76b7b2e,both,A,2026-08-06 11:27:48
i_755003caeb84,c_cde1029213ea,resource_card,A,2026-08-06 11:28:37
i_577a10b8d6fa,c_61299e2553fe,both,A,2026-08-06 11:28:51
i_f3e684de2918,c_b42a7b5a70e9,resource_card,B,2026-08-06 11:33:25
i_fa3c1790e695,c_8a70711ae3a9,resource_card,B,2026-08-06 11:35:19
i_6c76bbec04c1,c_b1ad429a1642,resource_card,A,2026-08-06 11:37:29
i_975ee10665df,c_7962dd80b449,resource_card,B,2026-08-06 11:41:06
i_15f2253936fe,c_175867dddf8a,resource_card,A,2026-08-06 11:49:25
i_c67c33fe6deb,c_53c3e1d2cc99,resource_card,B,2026-08-06 11:54:58
i_4dfe54fe13f8,c_d312a180acfe,both,A,2026-08-06 11:57:02
i_133115c9f88e,c_b67c2fbcefe3,resource_card,B,2026-08-06 11:57:28
i_179aff6cd1d0,c_f436c410c921,resource_card,B,2026-08-06 12:09:58
i_b062aec21d83,c_b1d0e25c32df,both,B,2026-08-06 12:21:47
i_2c09a670fd80,c_5f3a6e7c38d9,resource_card,B,2026-08-06 12:36:31
i_558fd1eb299c,c_f38ca302ad16,both,A,2026-08-06 12:38:11
i_5b38a4eda67e,c_155edd1cd1dd,both,B,2026-08-06 12:40:25
i_87679a4b308f,c_ee64ee92a590,resource_card,A,2026-08-06 12:41:58
i_ac0f923632b9,c_b2f381ebc221,resource_card,B,2026-08-06 12:45:46
i_49680c327282,c_8bfd2948e3cf,resource_card,B,2026-08-06 12:48:46
i_3f2aece817e7,c_da6addefd7ba,resource_card,A,2026-08-06 12:56:22
i_6658cdcc8db7,c_6b50ea4471c4,both,A,2026-08-06 12:58:49
i_329c90c01b69,c_9b2693b93728,both,A,2026-08-06 13:01:59
i_cda85d3dad68,c_94b0408f7596,resource_card,A,2026-08-06 13:03:30
i_626afeb0bca7,c_0447ba92ad75,resource_card,B,2026-08-06 13:03:55
i_1ef6d452743b,c_119275fa85e2,both,A,2026-08-06 13:09:11
i_f630f84cb9ab,c_3094ad12fd9a,resource_card,A,2026-08-06 13:15:21
i_c88f23bf37b6,c_3c2f20a65a4a,both,A,2026-08-06 13:22:23
i_77e49b24810b,c_36080cdb8867,both,B,2026-08-06 13:29:33
i_7d2cafbd3621,c_038caf26b297,resource_card,B,2026-08-06 13:39:49
i_aa69372397d6,c_212f6a3b3b5c,both,A,2026-08-06 13:41:57
i_58cd39d017db,c_3d093220ad3c,both,A,2026-08-06 13:43:24
i_a3fda263b2ce,c_dd7ecfca1f32,resource_card,A,2026-08-06 13:44:58
i_1cebebb95f4a,c_407c75d69223,both,B,2026-08-06 13:47:53
i_5bb3660c9dae,c_6362598e34b0,both,A,2026-08-06 13:49:20
i_01612e694aca,c_cce93b7c46ba,both,A,2026-08-06 14:00:52
i_b0ac4bae5e2c,c_4ca02f785cc5,both,B,2026-08-06 14:09:21
i_859efeab74b5,c_56caf3e94a76,both,A,2026-08-06 14:10:00
i_68b242a3e595,c_58990c0f7eed,resource_card,B,2026-08-06 14:10:38
i_32786010a471,c_510f0326e058,both,A,2026-08-06 14:21:25
i_b234dd576857,c_05f7be47e15b,resource_card,B,2026-08-06 14:24:21
i_cb35b741e2d4,c_be8c238fd49a,both,A,2026-08-06 14:26:07
i_03c262ade091,c_935c852b4958,both,A,2026-08-06 14:28:47
i_79a3825fb8e2,c_2910808af374,both,A,2026-08-06 14:31:18
i_348f1739a0f2,c_9dc121f12740,resource_card,A,2026-08-06 14:32:11
i_4d0172aa26bc,c_4a46a61f4c6c,both,A,2026-08-06 14:41:32
i_ebef3ac9f5e1,c_149566fb63a4,both,A,2026-08-06 14:41:49
i_ed05f84f83c2,c_fc46929a989b,both,B,2026-08-06 14:44:33
i_c5997e819f86,c_4b446c6bc3ae,both,A,2026-08-06 14:45:40
i_6032600bc21f,c_dac55745447d,resource_card,B,2026-08-06 14:48:16
i_edec0ba3ed36,c_f6a2b9967aba,both,A,2026-08-06 14:56:53
i_1d8e951d324d,c_a3d6793be768,both,A,2026-08-06 14:58:22
i_8c7638750c65,c_31e4e58c0a4b,resource_card,B,2026-08-06 15:10:57
i_7328ca3f6e5e,c_6cd03331a1f5,resource_card,B,2026-08-06 15:12:29
i_547c15801495,c_3106856a2616,resource_card,A,2026-08-06 15:20:33
i_f9c6bddb6920,c_1dd25559c89b,resource_card,B,2026-08-06 15:27:08
i_558805d35b04,c_a779cc929f06,both,A,2026-08-06 15:31:41
i_636661bff707,c_28e685f7ae08,both,A,2026-08-06 15:42:08
i_053bd2f91077,c_00de23aece97,resource_card,B,2026-08-06 15:50:06
i_202d0ac23a48,c_759f7baa2576,both,A,2026-08-06 15:58:47
i_f948695e7ded,c_7e3566dd8cec,resource_card,A,2026-08-06 16:00:15
i_6df2f0186ef0,c_79d35cd07377,resource_card,B,2026-08-06 16:01:18
i_335f65d498d7,c_2f11eab51d76,resource_card,A,2026-08-06 16:27:22
i_2280f2f6e6d6,c_e91410fab422,both,A,2026-08-06 16:30:00
i_b7f024ce871a,c_c8970dd8a74e,both,A,2026-08-06 16:34:43
i_4061efbcdbaa,c_351107966e4e,resource_card,A,2026-08-06 16:37:32
i_ade7659572f0,c_f4bf278bb780,both,A,2026-08-06 16:49:35
i_8b2014a857d1,c_0c324021c707,resource_card,B,2026-08-06 16:49:48
i_55e42a96d9f9,c_0a80be2127b9,both,B,2026-08-06 16:53:54
i_0afbb4520612,c_989c3070231e,both,A,2026-08-06 16:56:04
i_4a5cdc90d95e,c_f80503f8399a,resource_card,A,2026-08-06 17:04:45
i_86edc1b20431,c_ea7d008e3ef3,both,B,2026-08-06 17:20:42
i_63f261a73a5e,c_dde7dc8b8f1f,resource_card,B,2026-08-06 17:20:41
i_23654705c9b4,c_a5a433b53985,both,B,2026-08-06 17:21:35
i_7f972e562531,c_944ed233360f,resource_card,B,2026-08-06 17:32:42
i_d5dc7fdc49a0,c_0b2ba0e9c93f,both,B,2026-08-06 17:36:47
i_ae6b365faf36,c_ac2e7730f5a7,resource_card,B,2026-08-06 17:42:25
i_a63fd791d82b,c_49aea0bbb534,resource_card,A,2026-08-06 17:43:02
i_40558c9db7a6,c_9dc3ad15be1c,resource_card,A,2026-08-06 17:43:51
i_65557f4fbd96,c_6882e2a27db0,both,A,2026-08-06 17:47:03
i_9981ebe56275,c_92d0916b367c,resource_card,A,2026-08-06 17:48:39
i_aefdb0b0dd6b,c_ce7a5474ee3e,both,A,2026-08-06 17:48:44
i_46d218977e7a,c_aa183a02f301,both,B,2026-08-06 17:51:53
i_16572c48646e,c_1e058c07ffa8,resource_card,A,2026-08-06 17:54:49
i_fd31f076f878,c_7c821331a683,resource_card,B,2026-08-06 18:07:21
i_d341947840ac,c_67253878d3ce,resource_card,A,2026-08-06 18:17:56
i_e06962f345a6,c_bf26d529daaa,resource_card,A,2026-08-06 18:19:48
i_2ee1eb5a2e8f,c_36bfc1dc0335,resource_card,B,2026-08-06 18:21:32
i_67266406a512,c_bc19c30b1b31,resource_card,B,2026-08-06 18:25:28
i_7c788c22e821,c_c4f4998da753,resource_card,B,2026-08-06 18:25:52
i_c9426ec41d9b,c_985abb4b8641,both,B,2026-08-06 18:29:06
i_334e9db2bef1,c_58ad83ad6562,both,A,2026-08-06 18:29:07
i_60557ded42dc,c_a76955d47d48,both,A,2026-08-06 18:34:10
i_fbce30b3fab5,c_bbdf32461e0a,resource_card,A,2026-08-06 18:39:12
i_e5b0bb7896aa,c_07b39589f391,resource_card,B,2026-08-06 18:41:54
i_478508663139,c_08a1b38c3156,both,A,2026-08-06 18:47:15
i_91e909a798a5,c_f53ecfaf4657,resource_card,B,2026-08-06 18:51:25
i_451d06fa4464,c_e45de473db7f,resource_card,B,2026-08-06 18:54:06
i_cd2ae4c712eb,c_a4f1b96adaf3,both,B,2026-08-06 18:54:43
i_786698c0b152,c_9ea2061b1a12,both,A,2026-08-06 18:55:12
i_a9001b57df46,c_7156985d1d7e,resource_card,A,2026-08-06 18:58:47
i_25e54abd9a17,c_96daefe81b31,both,B,2026-08-06 18:59:09
i_014043edc0b4,c_072c6d3578e7,both,B,2026-08-06 19:00:50
i_1286737c7d3e,c_d04b9e6e12ab,both,B,2026-08-06 19:04:37
i_dc85e2d07a97,c_dcb58852050a,both,A,2026-08-06 19:07:46
i_511cc211c962,c_b34c9a2f73ff,both,B,2026-08-06 19:09:46
i_7b619661baff,c_2db6568b690f,both,B,2026-08-06 19:11:21
i_25662f1cab9b,c_5a142137a188,both,A,2026-08-06 19:16:34
i_6f1dd549e2d2,c_11cff4b01d0c,both,A,2026-08-06 19:23:29
i_64854585ec5e,c_0c49b5354009,resource_card,B,2026-08-06 19:24:30
i_d1347bbd66b1,c_4f98cb2ab8b8,resource_card,A,2026-08-06 19:25:32
i_d45f7646005c,c_49e49dcabcea,both,A,2026-08-06 19:33:50
i_92cac9948d35,c_1254f5279863,both,B,2026-08-06 19:34:13
i_2a304a371a50,c_6e1d0d493fe9,resource_card,B,2026-08-06 19:36:00
i_9f2a11ba7df0,c_cd7a752fefe1,both,B,2026-08-06 19:38:09
i_e17d7c504a74,c_95c9485b6a20,resource_card,A,2026-08-06 19:38:28
i_8b4aa78a875f,c_4031761c194c,resource_card,A,2026-08-06 19:42:24
i_c6a86e133430,c_013f4f5b2704,resource_card,A,2026-08-06 19:43:47
i_1bce31e08caa,c_1110cae11876,resource_card,A,2026-08-06 19:52:31
i_09ed365cde29,c_dd91173f1df7,resource_card,B,2026-08-06 19:55:00
i_4063704e7224,c_9f65810beb28,resource_card,A,2026-08-06 19:56:45
i_5d8be4ae602d,c_40b312980c99,resource_card,B,2026-08-06 20:04:01
i_9c37c0a44c62,c_dce20349be3d,both,B,2026-08-06 20:04:08
i_74c150cdc93f,c_5c90d7280e92,both,A,2026-08-06 20:04:52
i_41934e40b20d,c_4c970b446fe6,both,A,2026-08-06 20:07:03
i_1fdf146edee7,c_f1985fdaf80a,both,A,2026-08-06 20:14:20
i_7d1067241cf6,c_e40f4da5cc80,resource_card,A,2026-08-06 20:23:11
i_3e7c64b66dbd,c_2b87e97f2b80,resource_card,A,2026-08-06 20:26:59
i_9b8001f2adff,c_2650e5d6e07b,resource_card,B,2026-08-06 20:31:59
i_9a72e9caef9c,c_a14e87b56ffb,both,B,2026-08-06 20:33:27
i_0904aa3e8bd9,c_3f7d20ccd30b,resource_card,B,2026-08-06 20:40:01
i_fd05eb85c77e,c_abe59967884d,resource_card,B,2026-08-06 20:40:07
i_1de80b853d2e,c_352c635c51db,both,B,2026-08-06 20:42:12
i_405ea347ab2b,c_b673a297ee5d,both,B,2026-08-06 20:47:44
i_163a72558b34,c_93f7fd4b56ac,resource_card,A,2026-08-06 20:50:41
i_9774420487a4,c_5c25bb9fc6c3,resource_card,B,2026-08-06 20:58:14
i_9bba6b3f359c,c_b0f2e704b462,both,A,2026-08-06 21:01:20
i_bf31e12c5565,c_faf36888beec,resource_card,A,2026-08-06 21:01:52
i_f5f33c95ae8c,c_929ca127e582,both,A,2026-08-06 21:03:39
i_f3684a613647,c_9521e6dccb8c,resource_card,A,2026-08-06 21:15:52
i_efe139fff486,c_76d04e8544be,both,A,2026-08-06 21:15:58
i_d8a186da7ec3,c_94ba7a8cc456,both,A,2026-08-06 21:29:01
i_872eb8b59d81,c_01b562895dfb,resource_card,B,2026-08-06 21:30:04
i_52021b70eb85,c_45ad84fcd1ed,both,B,2026-08-06 21:31:54
i_82a05ae5bb6a,c_71c9b144bc5b,resource_card,B,2026-08-06 21:32:14
i_c5f0febed6c3,c_8fbabd9ede49,both,B,2026-08-06 21:33:40
i_a62a60aa1e61,c_f2e420f1cf94,both,A,2026-08-06 21:36:28
i_1eb6a8afeb57,c_bfbe0d2aa150,both,A,2026-08-06 21:38:59
i_fd69fd236dc7,c_63e0c19260ec,both,A,2026-08-06 21:46:24
i_31cb7592f588,c_483a6db4e516,resource_card,A,2026-08-06 21:47:24
i_1ddc98e807f9,c_cb72b33ec930,resource_card,A,2026-08-06 21:50:14
i_e4c7c3a22326,c_18b064564fe3,both,B,2026-08-06 21:51:20
i_f487d6350c93,c_173c97169055,resource_card,B,2026-08-06 21:53:44
i_c5918d774e79,c_76ed06e9bad9,both,B,2026-08-06 21:55:14
i_1cc1404cbbe2,c_79f348fc282c,resource_card,A,2026-08-06 22:03:17
i_c1c115becbd0,c_9c511a461d5e,resource_card,A,2026-08-06 22:05:51
i_68a40ea3346e,c_2a9614c70e95,both,B,2026-08-06 22:05:54
i_c925e084653e,c_a02da487f0f6,resource_card,A,2026-08-06 22:06:48
i_6b9401e035d3,c_a6695e1d68d8,resource_card,A,2026-08-06 22:08:56
i_03057a23ffa8,c_246695d72bb0,both,A,2026-08-06 22:10:57
i_679295ada97b,c_c966d9e81b62,resource_card,A,2026-08-06 22:23:01
i_45fb693f136d,c_82df787040f9,resource_card,B,2026-08-06 22:24:35
i_0a94e22820aa,c_8061404fd09d,both,B,2026-08-06 22:25:37
i_5f2ad88539c7,c_f59d8f744d31,both,B,2026-08-06 22:30:20
i_08def1fea382,c_a09500755df1,resource_card,B,2026-08-06 22:35:17
i_06ba295362ea,c_ce8590557cda,resource_card,A,2026-08-06 22:36:14
i_2574e89867c9,c_3c64aacad4ae,resource_card,A,2026-08-06 22:42:07
i_a9b897b0ee56,c_3e895ba37de2,resource_card,A,2026-08-06 22:42:36
i_2ab5e45ce79b,c_4460dcc40251,both,B,2026-08-06 22:42:54
i_903a981f30c6,c_5957cc1a2cd0,resource_card,A,2026-08-06 22:45:34
i_cc6ed52ba3e2,c_95c5ac72f94a,resource_card,A,2026-08-06 22:46:15
i_e9212de3dbd3,c_f10590300eca,resource_card,A,2026-08-06 22:48:20
i_7faa860825c6,c_197df6c2c4e0,resource_card,A,2026-08-06 22:49:46
i_6f65c35c319b,c_b75ebae513c6,resource_card,A,2026-08-06 22:49:58
i_4a7f1fe83b69,c_e75e7a7e2064,resource_card,A,2026-08-06 23:03:55
i_469dce8ec472,c_7751b279373c,both,A,2026-08-06 23:14:55
i_b9e77185a891,c_7e530cad92fa,resource_card,A,2026-08-06 23:31:47
i_1a444e074f00,c_280657159024,resource_card,A,2026-08-06 23:31:54
i_04dec4345ba1,c_bc2790fa35b2,both,A,2026-08-06 23:32:20
i_5fb89fe6a01a,c_648debf4bc50,resource_card,A,2026-08-06 23:45:13
i_f4554911752d,c_59e07b9cd36b,resource_card,B,2026-08-06 23:45:18
i_275378248431,c_bf08c102b746,both,A,2026-08-06 23:46:23
i_975508b7de19,c_cf2870be244c,resource_card,A,2026-08-06 23:47:22
i_75698bf7bb78,c_2691359bbb49,resource_card,B,2026-08-06 23:48:31
i_70b33a2bd60b,c_e8ff4dd7d7c6,both,A,2026-08-06 23:48:42
i_a9fab13d6415,c_e12dbd0106e8,both,A,2026-08-06 23:57:31
i_f722b48c6a1b,c_1a2078cc22d4,both,A,2026-08-06 23:57:44
i_65da43770923,c_e4d3ffec46ba,both,A,2026-08-07 00:14:49
i_ed82811429bf,c_b97c6cb21e02,resource_card,A,2026-08-07 00:45:00
i_071dbaaf0523,c_6d39aa3766b3,both,B,2026-08-07 01:33:00
i_5cf84d6ad093,c_89246d6f91e2,both,A,2026-08-07 01:41:31
i_99d32dbfcfb7,c_2a1468c1b7dd,both,B,2026-08-07 01:50:51
i_881e9d4ed840,c_dc5fab89653a,resource_card,A,2026-08-07 01:57:09
i_18b9530a87f2,c_35a6225b02e3,both,B,2026-08-07 02:25:43
i_f4b1d0a0964f,c_60cd4178b925,both,B,2026-08-07 02:38:07
i_d160e2daf4ba,c_b6286ad5f539,both,B,2026-08-07 03:00:38
i_b4734944868e,c_ab9b7483fee9,both,B,2026-08-07 03:43:27
i_2eb88162c4ca,c_5b60496ffd0c,resource_card,A,2026-08-07 04:19:18
i_fd5c3fb0caeb,c_7df39f9ecee0,both,A,2026-08-07 05:00:57
i_ba0c77dad5e1,c_c637fe4bfc9f,resource_card,B,2026-08-07 05:16:39
i_31729b1bc89e,c_d0dfc840b90d,both,B,2026-08-07 05:22:39
i_157065144070,c_222988c716f0,resource_card,A,2026-08-07 05:34:11
i_58578b028945,c_ccc2963a9ab7,both,B,2026-08-07 05:40:06
i_51900f1dc2f7,c_be3b406d14b6,both,A,2026-08-07 06:08:24
i_5c333b2599e4,c_fb400941cfcf,resource_card,B,2026-08-07 06:16:11
i_761a111bf25b,c_8cefb98eb3cf,both,B,2026-08-07 06:39:19
i_d3e573a2f31d,c_8dc52d0087fe,resource_card,A,2026-08-07 07:09:55
i_7b546583c670,c_497dd0669498,resource_card,A,2026-08-07 07:27:33
i_419a1ecf9c39,c_9ed4cf821594,both,A,2026-08-07 07:36:09
i_bf2839335893,c_cba74a38d668,both,A,2026-08-07 07:39:39
i_d106edcd6a9d,c_f9d7f88002c8,resource_card,A,2026-08-07 07:40:25
i_87172a47426f,c_b1bbabf06953,both,B,2026-08-07 07:45:34
i_4cdb9ef28a8a,c_a19bd0faa6e9,both,B,2026-08-07 08:01:33
i_60f855c34b3b,c_2a07f05ea9f5,both,B,2026-08-07 08:04:45
i_d9a9addcbb7c,c_2ac17ebfba08,both,A,2026-08-07 08:11:49
i_1c857d909b64,c_a9d877030d9a,both,A,2026-08-07 08:15:10
i_7a4520c1ff01,c_f6593be1f421,resource_card,B,2026-08-07 08:18:28
i_a0383255fc4d,c_0ed554431cdd,both,B,2026-08-07 08:30:33
i_e84518279797,c_f2b675257a17,both,B,2026-08-07 08:31:32
i_80d48417e2aa,c_835debca7747,both,B,2026-08-07 08:38:22
i_38d9b8dbbf12,c_cf472aa759fb,resource_card,B,2026-08-07 08:38:57
i_87c1bb3bcf3c,c_7339d3dfe69f,both,B,2026-08-07 08:47:19
i_c58cfcb01e46,c_dad434a3a370,resource_card,A,2026-08-07 08:55:09
i_d69b5c82570b,c_d2147a0199dd,resource_card,B,2026-08-07 09:03:18
i_10e63290c2b1,c_019db7527b9e,both,A,2026-08-07 09:08:32
i_fda224005f44,c_3ea0f1954608,resource_card,A,2026-08-07 09:09:39
i_a0e1c5754fc6,c_06cea65e915b,resource_card,B,2026-08-07 09:09:43
i_051ec38e0bc1,c_b419f853b327,both,B,2026-08-07 09:43:34
i_2d4cd3bc0e9e,c_757714d6d765,resource_card,B,2026-08-07 09:43:57
i_2eb5907cee00,c_1c334aa14816,resource_card,A,2026-08-07 09:50:32
i_e50c2f1dd2d9,c_2f13a87bf459,both,B,2026-08-07 09:53:45
i_46510850f739,c_56058e9b22b9,both,B,2026-08-07 09:57:18
i_92f3027439fa,c_2f0699c227b8,resource_card,A,2026-08-07 09:58:57
i_6795836cb702,c_3354efb59828,resource_card,A,2026-08-07 10:01:44
i_05ffa10a5cdc,c_04e18491d4bb,resource_card,B,2026-08-07 10:04:02
i_691219623648,c_375b4a71fcb6,resource_card,A,2026-08-07 10:04:46
i_14a3e235ccfa,c_f9e182d3313c,resource_card,A,2026-08-07 10:10:01
i_5312d43e931e,c_dbf12b4884e4,resource_card,A,2026-08-07 10:12:15
i_9f709fd583e1,c_d1bd9cb2db6a,resource_card,A,2026-08-07 10:16:03
i_5673861314b6,c_90ec39311f63,both,B,2026-08-07 10:27:48
i_cb3ed047c000,c_792fc12553d3,resource_card,B,2026-08-07 10:32:29
i_fe5e3cf03f9c,c_29a90ec58f2b,resource_card,B,2026-08-07 10:47:16
i_5303d8ac1388,c_29ff3a970295,resource_card,B,2026-08-07 10:48:24
i_100c383159c3,c_f58a9c8ba5e7,both,B,2026-08-07 11:01:44
i_d326a03fa506,c_2b6bd2236ab1,both,B,2026-08-07 11:05:03
i_659134ccebe1,c_aaee5a7bcace,resource_card,A,2026-08-07 11:09:29
i_8646afd0ef65,c_ed30c465e147,both,B,2026-08-07 11:34:48
i_81a82a30a805,c_e8521590a794,both,A,2026-08-07 11:40:42
i_de06bdf77af7,c_5e8a60341eb6,resource_card,A,2026-08-07 11:55:39
i_5de11f205a8b,c_effc0c6d0f2c,resource_card,A,2026-08-07 11:56:26
i_06fad5ea8333,c_ee56501ceb24,resource_card,A,2026-08-07 12:12:53
i_7e6c84826f2e,c_2520f88f167a,resource_card,A,2026-08-07 12:26:57
i_9e519d59e9a3,c_52ab4d80c94e,resource_card,A,2026-08-07 12:33:04
i_8e34bcc0c1f3,c_07020d3761b7,resource_card,B,2026-08-07 12:34:07
i_f03a77cdbe0a,c_db4aa1b3eff1,resource_card,B,2026-08-07 12:38:11
i_82b43c9593de,c_b03f2fcc07a6,both,A,2026-08-07 12:39:31
i_b69d16a40d17,c_52d15e422a9f,resource_card,B,2026-08-07 12:42:59
i_4520725bbf6b,c_ee175e4ad441,resource_card,B,2026-08-07 13:02:46
i_3ebd3ae21756,c_3b82b3ccb681,both,B,2026-08-07 13:02:47
i_7e1634db3321,c_435738844688,resource_card,A,2026-08-07 13:04:54
i_c684de303784,c_ac7df3222ce1,resource_card,B,2026-08-07 13:06:02
i_b9d354698235,c_6d5c93eb55ec,resource_card,A,2026-08-07 13:06:27
i_6c718a2bc422,c_37afd67cc823,both,B,2026-08-07 13:19:02
i_0871de6cf4ca,c_6e5b2c0c9bc8,resource_card,A,2026-08-07 13:19:19
i_306e60abd247,c_d45748887599,both,B,2026-08-07 13:30:41
i_532fa6852f6a,c_7a2f71be48dd,both,B,2026-08-07 13:33:08
i_cff44f36afc0,c_98a3a2d021a1,both,B,2026-08-07 13:35:01
i_ce4c121d7cb4,c_7e74d0512f57,resource_card,B,2026-08-07 13:40:29
i_486243e6bb46,c_79f78f702629,resource_card,B,2026-08-07 13:41:01
i_d1feab7c6d0e,c_644b4e5b3449,resource_card,B,2026-08-07 13:45:17
i_9e62c1fa305c,c_5158886d33fa,resource_card,A,2026-08-07 13:52:13
i_a47efad39c19,c_134cc3134b39,resource_card,B,2026-08-07 13:53:51
i_a467922adbf6,c_ed009faba851,resource_card,B,2026-08-07 13:55:05
i_9e1ce1a76704,c_fd606008a9d3,resource_card,B,2026-08-07 13:57:11
i_ad5680010245,c_9388aaf0ccdd,both,B,2026-08-07 14:08:38
i_5f1036a93b4a,c_9e732f8b5961,both,B,2026-08-07 14:13:01
i_263f2a38823b,c_67427b737cfa,both,A,2026-08-07 14:28:34
i_a9f4852269c1,c_9c784311f86d,both,B,2026-08-07 14:34:27
i_d3562bab2c00,c_9868cf09ca52,both,A,2026-08-07 14:49:22
i_8d59cc28ae70,c_c6c990a9ddf4,resource_card,A,2026-08-07 14:50:05
i_56758bcb4d51,c_e895811a9b2d,resource_card,B,2026-08-07 14:52:57
i_b27a1478a894,c_61fa58076057,resource_card,B,2026-08-07 14:54:08
i_bf3bb7068c01,c_64c1cc2d900c,both,A,2026-08-07 15:09:00
i_f4b208599352,c_b0d508b8a40c,resource_card,A,2026-08-07 15:17:37
i_8f37ffd3261c,c_5ca4ed0368ca,both,A,2026-08-07 15:23:54
i_6c8f1e807939,c_c981417eb6c3,resource_card,B,2026-08-07 15:26:48
i_f965405ea713,c_6f98b3e43bf9,resource_card,B,2026-08-07 15:30:13
i_a5481d7ff569,c_42a771053883,both,B,2026-08-07 15:34:24
i_f62ca5c9e1ea,c_622218072506,both,A,2026-08-07 15:43:00
i_2da11c145315,c_8e928c284a3c,both,A,2026-08-07 15:44:17
i_0e543710a773,c_786d456fbaeb,resource_card,B,2026-08-07 15:51:32
i_e6ffdfaaeb73,c_a4be6bb6f35b,resource_card,B,2026-08-07 15:53:52
i_9022c3e38c27,c_ae4310528f3b,resource_card,B,2026-08-07 15:55:18
i_431606dd708c,c_1106968b3f97,both,B,2026-08-07 15:59:53
i_50e371d1a5a7,c_8a6b7d92fc5d,resource_card,B,2026-08-07 16:03:13
i_429b4dd549b1,c_edef5f0e1c89,both,B,2026-08-07 16:05:04
i_82733b17eaf9,c_bca45f18703b,resource_card,B,2026-08-07 16:13:08
i_af64107565c5,c_11a96739497b,resource_card,B,2026-08-07 16:21:44
i_92db127d83cb,c_c99bbfdb77f5,resource_card,B,2026-08-07 16:27:00
i_a0258d19f444,c_f0942483621c,resource_card,A,2026-08-07 16:30:15
i_8e52cbf888e1,c_da4d0d1ae62d,resource_card,B,2026-08-07 16:36:22
i_b6ab050b6918,c_96cf567b4eec,both,A,2026-08-07 16:43:46
i_78523b618381,c_1ddd1f731c85,resource_card,B,2026-08-07 16:44:47
i_0fd376d7b8d7,c_c77a2c095681,both,B,2026-08-07 16:56:53
i_50d11bce045c,c_629b6ed412a6,resource_card,A,2026-08-07 16:58:38
i_4f1cefdf722a,c_05186670cb61,resource_card,B,2026-08-07 17:02:47
i_2916944146b8,c_8a2c8f39df20,resource_card,A,2026-08-07 17:15:26
i_9ebf86d47ffd,c_c29e51383231,resource_card,B,2026-08-07 17:20:00
i_9a6756bfff5d,c_2d5767a92bf1,both,B,2026-08-07 17:30:44
i_92d8cb656615,c_0141250d4972,resource_card,A,2026-08-07 17:32:38
i_f6b17e6c745f,c_224969d685a5,both,B,2026-08-07 17:35:57
i_a8e4f650d0c8,c_0706c03e905c,both,A,2026-08-07 17:40:36
i_5152b6d4e839,c_9b9199aaa562,both,A,2026-08-07 17:49:33
i_83bc57625744,c_5c43d665c613,resource_card,B,2026-08-07 17:54:29
i_c00a165c052f,c_2917ac39ed85,both,B,2026-08-07 18:06:19
i_93a2e1f4b7d6,c_df48d0e5da72,both,A,2026-08-07 18:13:48
i_0c45a4a5dcb6,c_a6ead9df2fea,both,A,2026-08-07 18:16:09
i_7f371672043e,c_0978448a30c2,resource_card,A,2026-08-07 18:18:53
i_a6f0f71e7088,c_bfa151046ca6,both,A,2026-08-07 18:19:51
i_732bc3a6a316,c_40a699c99cc2,resource_card,A,2026-08-07 18:32:21
i_d9bb59c4414c,c_a82aa61c6105,both,B,2026-08-07 18:41:07
i_c0d8bb29617e,c_495138b3cfa9,resource_card,B,2026-08-07 18:46:37
i_17f8ee6b972c,c_e34b5570dea8,both,A,2026-08-07 18:47:34
i_763c666e8739,c_001f47812429,resource_card,B,2026-08-07 18:50:02
i_b69fc6db5269,c_3e78381b5222,both,A,2026-08-07 18:54:53
i_22b65c69ff32,c_b03b841e940d,both,B,2026-08-07 18:59:41
i_57efe99fd4a7,c_783e4694e17d,both,B,2026-08-07 19:00:45
i_09f0291b2b86,c_479d6b60ab5a,resource_card,A,2026-08-07 19:04:35
i_d3a70887ea8e,c_9239cbf2a8c3,resource_card,B,2026-08-07 19:05:27
i_89b2be2c0c6a,c_182316c28267,both,B,2026-08-07 19:08:33
i_566037d657ac,c_9d88ffcd27c4,resource_card,A,2026-08-07 19:09:02
i_ee6a775042f9,c_7b4e033e9245,both,B,2026-08-07 19:09:07
i_8a205e753af5,c_719e97553613,resource_card,B,2026-08-07 19:14:32
i_3bc6d8b23031,c_5180f533efca,both,A,2026-08-07 19:15:19
i_4a838f0b518e,c_fe46c124e4f5,both,B,2026-08-07 19:19:26
i_af3858f70573,c_7d2cd582894e,both,A,2026-08-07 19:22:30
i_2765ddb40bed,c_2779f5bb35ac,resource_card,A,2026-08-07 19:24:21
i_0e18b19d49b9,c_57b6a7dd90ae,resource_card,A,2026-08-07 19:31:12
i_13f15537847b,c_9b3aa8883cb9,both,B,2026-08-07 19:33:33
i_13ccd133ac3f,c_36a640c64f05,both,B,2026-08-07 19:36:27
i_11b9b4baef34,c_0cdeff5a5e6b,resource_card,B,2026-08-07 19:39:01
i_c9bc56ec8bed,c_c11c2f9bf68f,resource_card,B,2026-08-07 19:41:08
i_8100b8c29221,c_4ef8efeb2b36,both,A,2026-08-07 19:42:34
i_647991ca1188,c_2cebf26c93a3,resource_card,B,2026-08-07 19:50:27
i_e3e9408d12a5,c_aec0ea5f0929,resource_card,B,2026-08-07 19:51:40
i_d0e3ae18e05a,c_8ce413a1e6db,both,B,2026-08-07 19:56:03
i_cccd7331c4ae,c_94ccc91c61de,both,A,2026-08-07 20:03:51
i_b0cbc925705d,c_c8aac253b855,resource_card,B,2026-08-07 20:04:20
i_ec3689eaa853,c_d2de585e1a75,resource_card,B,2026-08-07 20:09:15
i_000be0dc2221,c_9c3638d09347,resource_card,B,2026-08-07 20:10:29
i_74990bd26d9c,c_d6239b225a84,resource_card,A,2026-08-07 20:11:41
i_2553ec76255c,c_fdc08dd5e8ba,resource_card,A,2026-08-07 20:11:43
i_a657305a8545,c_413a8723c4cc,resource_card,A,2026-08-07 20:19:19
i_ce6402413d38,c_5f19c33d9f38,both,A,2026-08-07 20:26:12
i_c4bd9fecaf60,c_fec6cb3a75c6,resource_card,A,2026-08-07 20:31:06
i_554e15f3c370,c_82748bde2c7d,both,B,2026-08-07 20:42:53
i_6fa75ff83e34,c_345a8acf2286,both,A,2026-08-07 20:43:11
i_2745e2dbb7d9,c_d8d84c0e06dc,resource_card,A,2026-08-07 20:45:09
i_723280940ba1,c_e4d0c76ff1e7,resource_card,B,2026-08-07 20:48:56
i_dc986eebe5ac,c_fd9238ef3b25,both,B,2026-08-07 20:51:12
i_6606d7610ec7,c_79685287c3ad,both,B,2026-08-07 20:52:04
i_f77c38f21eac,c_60fd5e92e677,both,B,2026-08-07 20:52:50
i_3bd248267baf,c_d458ce0059b9,resource_card,B,2026-08-07 20:54:51
i_a9b95271660c,c_5ea8ff4e0670,resource_card,A,2026-08-07 20:55:28
i_44ef0aec7b83,c_245d274fedc1,resource_card,B,2026-08-07 20:56:54
i_db9f94ef3758,c_8d92508c7ab4,both,A,2026-08-07 20:59:24
i_969fb2adaafb,c_d9715d1bb68a,both,A,2026-08-07 21:09:25
i_fa7ddcfebeb4,c_6de9975f7617,resource_card,B,2026-08-07 21:14:28
i_45eb1152b443,c_71efca8bc512,resource_card,A,2026-08-07 21:15:23
i_b6ada7b8e00f,c_4b54b97a180f,both,B,2026-08-07 21:15:48
i_4223c0666698,c_0a84ec3ddb18,both,A,2026-08-07 21:42:24
i_3132d2dbc72b,c_0e2f7dec6c3a,both,A,2026-08-07 21:43:50
i_e42504afef6c,c_035e2df0e523,resource_card,B,2026-08-07 21:45:34
i_04e9b95bf4a1,c_f15fc0ffea33,resource_card,B,2026-08-07 21:49:31
i_eb94576f00b9,c_f1f2d8903920,resource_card,A,2026-08-07 21:51:42
i_2f2a7e7a4c76,c_67b8a8ae0b6f,resource_card,B,2026-08-07 21:54:35
i_3254cfc77e2f,c_93b7b213d558,both,A,2026-08-07 21:56:00
i_f4afa95f750c,c_6b8bc788f257,resource_card,B,2026-08-07 22:11:22
i_82863b19dd00,c_c893ac7e78cf,both,B,2026-08-07 22:17:14
i_d29f0c3a9cad,c_ae0e40086d86,both,A,2026-08-07 22:21:15
i_d339b7244cfc,c_cbd9c781683f,resource_card,B,2026-08-07 22:22:06
i_b76a3ba46e01,c_483b6dbbc4ca,both,A,2026-08-07 22:23:10
i_758c9e183bf3,c_ad7eccc6c54e,resource_card,A,2026-08-07 22:40:04
i_2a0f36841125,c_b901d8a56e1a,both,A,2026-08-07 22:49:08
i_84ccad8b7b8f,c_49c22a834553,both,B,2026-08-07 22:52:12
i_428bc9abbc8b,c_bbd65260cea2,both,A,2026-08-07 22:54:38
i_da9ff5068d71,c_e76df2b46e97,resource_card,B,2026-08-07 22:56:35
i_5ecd7d0f3af3,c_b37b825c1703,both,B,2026-08-07 23:07:23
i_c9811bbb78b6,c_5bb1203cc9ce,both,A,2026-08-07 23:39:54
i_aeaf5948a2b3,c_9657ba9b87cf,both,B,2026-08-07 23:44:51
i_818ce3c6199b,c_71d75b4909b4,both,A,2026-08-07 23:53:09
i_a8eae474ff06,c_132abcfb3d93,both,B,2026-08-07 23:53:22
i_5ba4393e75fa,c_b32a4da95b45,both,B,2026-08-07 23:57:12
i_95ac8a3d9cf5,c_38eb7b3f4f78,resource_card,A,2026-08-07 23:59:06
i_7344334826d3,c_c69df7882e7a,resource_card,A,2026-08-08 01:32:52
i_b12ed863cb7b,c_f5b668fe636d,both,B,2026-08-08 01:41:49
i_a8d1d680b397,c_7d2b331ff189,resource_card,B,2026-08-08 01:42:41
i_fd6002e1d8e9,c_7c0120baeae9,both,B,2026-08-08 01:43:08
i_3e7aafffef6e,c_3b30141673c6,both,A,2026-08-08 01:53:03
i_0f2f0892f903,c_2610d0c042d4,both,A,2026-08-08 02:34:15
i_48505b4790da,c_1b7a3c6c66e5,both,B,2026-08-08 03:28:14
i_eb745a1ee397,c_94d6a48f8da6,both,A,2026-08-08 04:17:33
i_2f967f5ff0c0,c_92af6ce0da29,both,B,2026-08-08 04:59:28
i_e488f219aa77,c_e9d95c213e85,both,B,2026-08-08 05:10:54
i_9f86067b32e7,c_ac2a7e49151f,resource_card,B,2026-08-08 05:27:33
i_e1d94f338b37,c_bae2cbb73b1f,resource_card,B,2026-08-08 07:12:55
i_a42a031df793,c_d06c01cff7f0,resource_card,A,2026-08-08 07:51:29
i_d91cdeb5a7b0,c_338660ff887e,both,A,2026-08-08 07:53:04
i_3f8534bafb83,c_ab2a8cc3e4a0,both,A,2026-08-08 07:54:18
i_ff8baba334d5,c_3f53dc958c4d,both,B,2026-08-08 08:08:13
i_a8d15af2a0be,c_bfd03736cd00,resource_card,A,2026-08-08 08:11:11
i_55c76ef97293,c_d95114c9dd1a,resource_card,A,2026-08-08 08:32:49
i_8f3922070ea5,c_8d0a51ea4f28,both,A,2026-08-08 08:54:57
i_fa311ee8c895,c_7d108e7f1cd1,both,B,2026-08-08 08:55:50
i_ba836f67df58,c_428d1dabf8e2,both,A,2026-08-08 09:05:19
i_3e8c48838729,c_65c7a19c0b14,resource_card,A,2026-08-08 09:15:07
i_0bf265dd2aa9,c_558527f093f0,both,A,2026-08-08 09:26:03
i_1b1571ae3d36,c_3308bb96b0dc,both,A,2026-08-08 09:44:11
i_89a02fec3a34,c_ca947bda9157,both,B,2026-08-08 09:48:36
i_fdd8d4c3db0b,c_1d619fa35341,both,B,2026-08-08 09:58:28
i_0d84d12c9e6a,c_4c9d6262ed9b,both,B,2026-08-08 10:04:56
i_f19458c0d5e8,c_713af0150672,resource_card,A,2026-08-08 10:10:19
i_d375d1fa4141,c_fa3fc26e15c3,resource_card,B,2026-08-08 10:14:31
i_afe9e2199c0a,c_e6f0b8afda2f,both,B,2026-08-08 10:16:48
i_4dd6e01bbc8c,c_8f0054fcac3e,resource_card,A,2026-08-08 10:17:02
i_7f94f9670996,c_e497f70396f6,both,A,2026-08-08 10:46:51
i_32b08e919e0d,c_0556fdd9e59b,resource_card,B,2026-08-08 10:52:53
i_900a43409589,c_0d5a18f1a6c0,resource_card,A,2026-08-08 11:07:13
i_cfe93d4074db,c_5ad61438b04a,both,A,2026-08-08 11:36:29
i_de98610b4841,c_5e3e2b65ed5e,resource_card,A,2026-08-08 11:38:29
i_6d4680df84d5,c_327c981d2787,both,B,2026-08-08 11:53:27
i_aa576d7b89e9,c_b666515b4bd2,both,A,2026-08-08 12:27:36
i_adeec9871685,c_edd7156dd467,resource_card,B,2026-08-08 12:38:29
i_721d36265285,c_ca1d52c6760e,resource_card,A,2026-08-08 12:48:33
i_ee18014d06a8,c_f90bc17f94ce,resource_card,A,2026-08-08 12:53:06
i_769568c410e9,c_9272034414fd,resource_card,B,2026-08-08 12:55:18
i_d3b42f1d7951,c_29ff207543ba,both,A,2026-08-08 12:55:50
i_5de6a93b5c67,c_9e0fbf679fc7,resource_card,B,2026-08-08 12:59:08
i_ced0dc5fa04b,c_c7a3657118b3,resource_card,B,2026-08-08 13:05:49
i_bb94cc5b100e,c_587443307b4c,resource_card,A,2026-08-08 13:25:53
i_c8b2f0e39986,c_f2d2fad62528,both,A,2026-08-08 13:26:37
i_5bbcd2178839,c_43c44d3a5b85,resource_card,B,2026-08-08 13:40:11
i_5d33b6d8434c,c_f5118a5aa8d8,both,A,2026-08-08 13:50:20
i_1ae08c20f6a1,c_c60a98fdedfe,resource_card,A,2026-08-08 13:52:47
i_b462c3a730d3,c_3888e8ab74ab,resource_card,B,2026-08-08 13:53:51
i_b2f75e6c0b89,c_41b7f3ee89f4,both,A,2026-08-08 13:59:41
i_217d6d64f549,c_c8bc4be2e11b,resource_card,B,2026-08-08 14:05:43
i_7cc34a8f967a,c_21f398e740ae,resource_card,A,2026-08-08 14:07:33
i_f64d2adc666c,c_75e67d081fc6,both,A,2026-08-08 14:18:10
i_d7085a6ce594,c_fea8009e9bc7,both,B,2026-08-08 14:20:06
i_be84c13982a4,c_d96b71ca728f,resource_card,B,2026-08-08 14:26:03
i_3d7d6b4e6c5f,c_317bdfd9230e,resource_card,A,2026-08-08 14:26:16
i_1f829afdfa71,c_19c762d1da09,resource_card,B,2026-08-08 14:36:14
i_f7e4b749a60c,c_b8d83e31b1eb,both,B,2026-08-08 14:41:40
i_c10fad504142,c_144c6693df68,both,A,2026-08-08 15:05:29
i_a3b909816fd7,c_790d120ab51e,resource_card,A,2026-08-08 15:14:09
i_6fc14d8d757d,c_7d6f866186b0,resource_card,A,2026-08-08 15:16:06
i_3b408398d06e,c_612496ad98d5,resource_card,B,2026-08-08 15:18:33
i_5ffd82e531f0,c_ac638021dbee,resource_card,A,2026-08-08 15:22:55
i_ad9b634e3d0d,c_5eaefa91add3,both,B,2026-08-08 15:46:35
i_94e9ac153a0b,c_8106d60b6893,both,B,2026-08-08 15:47:41
i_d790faa04f9a,c_e7e565397a1d,resource_card,B,2026-08-08 15:50:28
i_10fe8dc4df3e,c_98eb73e466ac,resource_card,A,2026-08-08 16:02:53
i_22a5647799ec,c_2220c703f95a,resource_card,A,2026-08-08 16:14:55
i_7f9f900a1d29,c_a191428eef48,resource_card,A,2026-08-08 16:28:11
i_28b1e93e333b,c_ef35e2fae6ea,resource_card,A,2026-08-08 16:35:49
i_29d5207d9083,c_a754414a5b07,both,B,2026-08-08 17:13:29
i_6514a1ca827e,c_d19298943d7c,both,A,2026-08-08 17:15:52
i_7cffa8cd2709,c_bdcfaf11adf1,both,B,2026-08-08 17:15:50
i_98d02b7b2ba6,c_56e3db9da24d,both,B,2026-08-08 17:27:58
i_dbee7286d204,c_393f0860e264,both,A,2026-08-08 17:28:55
i_6148e1d51167,c_8b9c28f6104f,resource_card,B,2026-08-08 17:42:00
i_1ff1984eaff0,c_10eab4e16dae,both,A,2026-08-08 17:49:12
i_094f83aa6106,c_24f74acd5f84,resource_card,A,2026-08-08 17:50:03
i_9161af7da3dd,c_341d0ded0aa7,resource_card,B,2026-08-08 17:50:37
i_de53a9a31a62,c_d56c0216b69f,both,B,2026-08-08 17:56:06
i_237401a3fe29,c_6046c03abb72,both,A,2026-08-08 17:59:15
i_5990ec220400,c_43f34fe2a184,both,A,2026-08-08 18:00:05
i_3bda8396fd75,c_d1e754933fc1,resource_card,B,2026-08-08 18:06:25
i_b2d13f20979c,c_05746c7765e3,resource_card,B,2026-08-08 18:17:33
i_69a9f1a9fc14,c_ab14697b52b1,both,B,2026-08-08 18:23:35
i_99789b1072d8,c_792941aeed91,both,B,2026-08-08 18:30:02
i_ef7ca1b311a3,c_fba4d988ac10,both,A,2026-08-08 18:33:08
i_fd430a5d8275,c_09cf76999801,both,B,2026-08-08 18:36:04
i_b2f1def821ba,c_7263f691e874,both,A,2026-08-08 18:52:52
i_ca5352c86507,c_ceddb724cac5,both,B,2026-08-08 18:59:55
i_742aa66dbee7,c_c326f9f52b20,resource_card,A,2026-08-08 19:07:59
i_7545c2da3322,c_2181464f8b35,resource_card,B,2026-08-08 19:12:53
i_077eeade9107,c_333111dadeb3,both,B,2026-08-08 19:14:14
i_3d70bb5a6672,c_8afcc23d36aa,both,A,2026-08-08 19:15:51
i_ab01f07fe8c5,c_1255299fda65,both,B,2026-08-08 19:16:40
i_4cf14190d54e,c_a2aecc60dce4,resource_card,A,2026-08-08 19:17:05
i_8364fe11eef2,c_f736646b28ef,resource_card,B,2026-08-08 19:19:35
i_0d164cc33668,c_ff6f0233caae,both,A,2026-08-08 19:29:17
i_b24f6221e77f,c_35f7901cb92f,both,B,2026-08-08 19:30:11
i_5d48403b5aaf,c_7c52249e0e93,resource_card,B,2026-08-08 19:36:14
i_20e636860cef,c_0e7d6c9db821,both,B,2026-08-08 19:37:08
i_a46f71560c71,c_d18c61030b1e,resource_card,A,2026-08-08 19:37:31
i_354cfa9d66b9,c_6e0751a2bf6a,resource_card,A,2026-08-08 19:37:53
i_20c932997c90,c_deaa3bb32c6a,resource_card,A,2026-08-08 19:40:17
i_803bdc729bd8,c_bca12dbf0468,both,A,2026-08-08 19:40:31
i_8d6362a555dc,c_56ae80ffc599,resource_card,B,2026-08-08 19:41:51
i_7ca13d23d004,c_287389ae4f3c,both,A,2026-08-08 19:43:58
i_d7743e4d6cb3,c_9ca0d9b9a1c6,both,A,2026-08-08 19:45:01
i_c70876adb6b9,c_fca7bdeb4b44,both,A,2026-08-08 19:46:54
i_13fc132a00a0,c_07460d0ff7b2,resource_card,A,2026-08-08 19:49:23
i_04ef17e46f05,c_c96e372f9c00,both,A,2026-08-08 19:50:37
i_b25e8c4fa0a5,c_cd610a40afa4,both,A,2026-08-08 19:52:09
i_783c6214a5b8,c_338061872638,both,A,2026-08-08 20:00:35
i_03183731c509,c_5672a35a1171,both,B,2026-08-08 20:00:41
i_ea373308d8c4,c_91fb3e560678,resource_card,A,2026-08-08 20:03:29
i_15ec6c16b7ab,c_b150788b9ea2,both,A,2026-08-08 20:05:33
i_35c512b33a48,c_b36a74ca3851,resource_card,B,2026-08-08 20:06:37
i_dcccee44857d,c_5fa75d1cf1fb,both,B,2026-08-08 20:14:50
i_89cedd08f27c,c_ed1272823bc9,resource_card,B,2026-08-08 20:18:37
i_40e1e0cf4b5d,c_83b60eb259bf,both,B,2026-08-08 20:25:57
i_c176c3fcd2ce,c_6694ead6e8aa,both,A,2026-08-08 20:36:03
i_5df8b5a18896,c_c80421449d49,both,B,2026-08-08 20:38:28
i_bcb759b0bb6a,c_4c22e3a4ba45,resource_card,B,2026-08-08 20:43:36
i_7d9ac17df7f4,c_c447b7211700,resource_card,A,2026-08-08 20:49:11
i_c7a0fad70807,c_07368ae5df27,both,B,2026-08-08 20:50:14
i_e540daae757d,c_aeac6a941c03,resource_card,B,2026-08-08 20:51:02
i_da4b7d2452a1,c_5c9ae871d59a,both,A,2026-08-08 20:57:21
i_41e9e537fa25,c_5deae97fa9ed,both,B,2026-08-08 20:59:31
i_cb6ce31cdd16,c_9748e923709b,both,B,2026-08-08 21:00:49
i_d1375d05d7a4,c_958a75f4b6d5,resource_card,B,2026-08-08 21:04:30
i_64e3c8e60701,c_526d95edca45,resource_card,B,2026-08-08 21:05:01
i_349664d7aaf9,c_f5bf3eb8b48c,resource_card,A,2026-08-08 21:09:44
i_9dc5a809ebdf,c_ba7668bd8d67,resource_card,B,2026-08-08 21:11:54
i_80c243eb2a8e,c_e2ee1f909294,both,A,2026-08-08 21:25:09
i_21903f41f6d4,c_c47809daae57,resource_card,B,2026-08-08 21:25:34
i_a9a5c4f651db,c_3ca518d3f42b,both,B,2026-08-08 21:26:07
i_1a79a37cd46a,c_098e7fe6d9d7,both,B,2026-08-08 21:28:46
i_bfcaa867a179,c_2eb8375c239b,both,B,2026-08-08 21:34:15
i_e50e189df01f,c_4d85eda3277b,both,B,2026-08-08 21:37:22
i_109d3b40ff62,c_98f76cdbeee7,resource_card,B,2026-08-08 21:38:54
i_b8a09713e7a6,c_4871e14fb1ca,both,A,2026-08-08 21:41:03
i_8e9de41b00ec,c_cf277322ce81,resource_card,B,2026-08-08 21:41:50
i_8bdc3bd6cfb4,c_85275663be56,both,A,2026-08-08 21:45:31
i_dcc4000daaf6,c_6612869a0db6,resource_card,A,2026-08-08 21:51:13
i_7757ba4253ee,c_79eeaea6f6a1,resource_card,B,2026-08-08 22:12:12
i_1b1a280459c4,c_072fc9896c61,resource_card,B,2026-08-08 22:12:36
i_38d1c59fa3e6,c_392b2b35836c,both,A,2026-08-08 22:17:10
i_0dfd667f7abb,c_ae3ee54fddf4,both,A,2026-08-08 22:21:11
i_ca7ed84d8127,c_30e0a15911ef,resource_card,B,2026-08-08 22:34:00
i_5788e189ac5f,c_f6e7dbb1fb97,resource_card,B,2026-08-08 22:45:39
i_79d226dd793b,c_d76295544455,resource_card,B,2026-08-08 23:02:57
i_3e4e5eb0e034,c_a692b62d8da8,resource_card,A,2026-08-08 23:06:39
i_d2718515db7d,c_6884110a427a,both,A,2026-08-08 23:08:07
i_ec461aa969a2,c_157325d3a6a1,both,B,2026-08-08 23:19:11
i_945f2162db5b,c_b65a512f222e,resource_card,A,2026-08-08 23:21:09
i_7c63f6ba56d4,c_7ba1b42de1e8,both,A,2026-08-08 23:21:32
i_43bdeabc1af6,c_d21b220359fd,both,B,2026-08-08 23:38:05
i_66d400e57e73,c_b94c9e61493c,both,A,2026-08-08 23:40:17
i_fe88f739b682,c_bcbf291da4f8,resource_card,A,2026-08-08 23:43:26
i_dd771342ccf7,c_717219810ff2,resource_card,A,2026-08-08 23:46:36
i_9871f439f071,c_25cf4206e652,resource_card,A,2026-08-09 00:01:51
i_0cfef420e0b1,c_c5173c193b70,resource_card,A,2026-08-09 00:06:34
i_60c511b6f392,c_ed9ca4865a1e,resource_card,A,2026-08-09 00:30:51
i_2e060c757d4b,c_5d0ecadf9456,resource_card,A,2026-08-09 00:51:05
i_77d5f9a9d999,c_8cab72136010,resource_card,A,2026-08-09 00:59:17
i_1af65f25f3b6,c_2eab0bda68cb,both,B,2026-08-09 00:59:14
i_e220ffa65a98,c_6228598d4536,resource_card,A,2026-08-09 01:03:15
i_d60b0c97362b,c_fd8cef47fbfe,resource_card,A,2026-08-09 01:20:36
i_fd82403fead1,c_0b1ef779dc3c,both,A,2026-08-09 01:39:59
i_246df9cb65d7,c_b770f4f3af8d,both,B,2026-08-09 02:36:50
i_77ac9bedd227,c_76a2877f045a,resource_card,A,2026-08-09 02:40:09
i_c2c92e711fda,c_b8f1e6a29c93,resource_card,B,2026-08-09 02:43:27
i_962c4a5302fd,c_6a506016d0ea,both,A,2026-08-09 03:48:21
i_e88f3f35da69,c_8839cd72b1ce,both,A,2026-08-09 04:41:56
i_bf705113d0fc,c_c50b28f6c0e9,both,B,2026-08-09 04:58:41
i_96087270306b,c_ae566e026086,both,A,2026-08-09 05:02:54
i_187259c67640,c_0b9f0d32f433,both,B,2026-08-09 06:10:42
i_ec8cd5ea3f90,c_834a2413c328,resource_card,A,2026-08-09 06:15:26
i_d83b57e5058d,c_122b602dedab,resource_card,B,2026-08-09 06:16:13
i_ceafbddef046,c_831bda447dc5,resource_card,B,2026-08-09 06:43:17
i_3b538200ab0d,c_8b768ce1d581,both,B,2026-08-09 06:49:36
i_081b77f86fbe,c_501ef33041ff,both,B,2026-08-09 07:17:07
i_502712d2f96d,c_bdc8f54d43b5,both,B,2026-08-09 07:18:49
i_a2beb614dcfa,c_a5a3442197fe,resource_card,A,2026-08-09 07:28:48
i_2aba3cc14f42,c_84c074fbab9d,resource_card,B,2026-08-09 07:44:47
i_0f10cc2f2eb1,c_0e931b394a79,both,B,2026-08-09 08:04:30
i_f027380db80c,c_0fd57bea1883,both,B,2026-08-09 08:07:48
i_a2b6c30cdb02,c_9537d4f43cd1,both,B,2026-08-09 08:26:44
i_a23203672806,c_37ef85851807,both,B,2026-08-09 08:43:03
i_41639166b81c,c_7fec797ad44b,both,B,2026-08-09 08:43:57
i_4cc38b98062e,c_a08779e9f2c9,resource_card,B,2026-08-09 08:50:46
i_b7b6860ce6c7,c_db1ed061bdf8,both,A,2026-08-09 08:53:34
i_c94a48c34d5f,c_6d6fdcac00c1,both,B,2026-08-09 09:05:12
i_bd63913ca3ed,c_029889e59cd9,both,B,2026-08-09 09:08:13
i_bef36f5e45f9,c_c97e6758936d,resource_card,B,2026-08-09 09:25:58
i_fe6f57676f4d,c_b17f06389339,resource_card,B,2026-08-09 09:30:15
i_cf3f57ec7909,c_bd86e81636c6,resource_card,A,2026-08-09 09:39:05
i_722822c88662,c_fe30caa9e526,resource_card,A,2026-08-09 09:52:28
i_46bceddce5bc,c_39dd06a3ed93,both,B,2026-08-09 10:07:52
i_2ff997f63b39,c_d7b99983a623,both,B,2026-08-09 10:16:47
i_0bb204996592,c_64564e4f3013,resource_card,B,2026-08-09 10:17:57
i_38887db71c6b,c_6487fe4a235d,both,B,2026-08-09 10:27:55
i_5847928d1ee6,c_1f95dedcd55d,both,B,2026-08-09 10:29:06
i_01b5ce559bf5,c_851f940e108a,resource_card,A,2026-08-09 10:29:32
i_5307efc89db4,c_5efb9a79663d,both,B,2026-08-09 10:36:52
i_d510fffae487,c_86ad31bfd61d,both,B,2026-08-09 10:46:48
i_6ea951ee72d7,c_7efc1d10c139,resource_card,B,2026-08-09 10:46:59
i_482a81a697c2,c_60495758dfc0,both,A,2026-08-09 10:48:27
i_3e396362186d,c_8b6563603fe3,resource_card,B,2026-08-09 10:49:39
i_1de4dbd93b04,c_a863439c92b8,both,A,2026-08-09 10:56:24
i_12140a4d6a5d,c_8ef3fbcbb8cf,both,B,2026-08-09 10:59:46
i_785219b20bfd,c_9dbce09d2162,both,A,2026-08-09 10:59:52
i_95fbd949d4cf,c_4b46bed4bebf,both,B,2026-08-09 11:09:16
i_0de7803c62df,c_84e0b716b4a5,both,B,2026-08-09 11:12:12
i_8bb30a0cdbab,c_e3ef5f3c894c,both,A,2026-08-09 11:15:56
i_9a532f6de892,c_66eedfa40ba5,resource_card,B,2026-08-09 11:19:32
i_073a2833fbf8,c_e5478fa15529,both,B,2026-08-09 11:29:55
i_2ab14d45f418,c_2e6b97b1ad4a,both,A,2026-08-09 11:30:25
i_6e57f7b2b9ac,c_dd05ff2c41a1,resource_card,B,2026-08-09 11:35:58
i_bd09cd0c115f,c_2122025917d1,resource_card,B,2026-08-09 11:36:19
i_b334b614e49c,c_990a1ba9c067,both,B,2026-08-09 11:43:57
i_a6ec4d8b9957,c_f8803b354b55,resource_card,B,2026-08-09 12:05:37
i_b3926fab5f47,c_0b98a6d1cd07,resource_card,B,2026-08-09 12:06:58
i_ad9209be0659,c_e2f64a0d735d,both,B,2026-08-09 12:17:14
i_dc603cb0d7aa,c_94d295d33813,resource_card,B,2026-08-09 12:18:32
i_7fe084490c2d,c_0bce7f39d829,both,B,2026-08-09 12:28:21
i_1bac77c03001,c_5281607e3e85,both,B,2026-08-09 12:57:43
i_9e465c356acd,c_1174a891695b,resource_card,B,2026-08-09 13:00:31
i_bef4d5eba242,c_e18abd77a68f,resource_card,B,2026-08-09 13:10:23
i_03e9b868ad0e,c_a10901deefd0,both,A,2026-08-09 13:16:21
i_08aeb541fd2e,c_3d6ca2ba3a3e,resource_card,A,2026-08-09 13:16:33
i_db29b358f438,c_aafc54d56b5c,both,A,2026-08-09 13:23:17
i_95264dc2c1ce,c_a0f694a5d550,resource_card,A,2026-08-09 13:23:32
i_e4255ed31502,c_4fbaac3a3608,resource_card,A,2026-08-09 13:33:08
i_8f1a16807eb3,c_bbc4280b448b,resource_card,B,2026-08-09 13:34:55
i_59cf25b6f585,c_5a5b613f5607,both,B,2026-08-09 13:54:16
i_18ac9737772f,c_a8afaf702811,resource_card,B,2026-08-09 14:10:15
i_15e57a83fec2,c_dbf83e900d19,both,B,2026-08-09 14:11:05
i_c197c136e6f1,c_143acab64fc5,both,B,2026-08-09 14:31:13
i_3caa4775544a,c_3c7e081720c9,resource_card,B,2026-08-09 14:32:35
i_7c3c96df3d28,c_3f33ceb618e1,both,B,2026-08-09 14:47:52
i_c4c85de1a019,c_b921b4638ab8,both,A,2026-08-09 14:52:08
i_bb454aaf0d2b,c_c938151744a9,both,B,2026-08-09 14:52:55
i_bce9a94f8942,c_b20d6bb22a9f,resource_card,B,2026-08-09 15:09:11
i_700256101f4a,c_8d5081d8cfb6,resource_card,A,2026-08-09 15:19:07
i_e6051ca5ed94,c_ea5165855f29,both,B,2026-08-09 15:22:12
i_8b310b686439,c_501fa79b4526,resource_card,A,2026-08-09 15:23:35
i_4250cf95427d,c_b4fbbe7d1c2b,resource_card,B,2026-08-09 15:34:45
i_7f7bd873b54c,c_a417f954370a,both,A,2026-08-09 15:51:05
i_98840bd475ec,c_bad2ccb2f952,both,A,2026-08-09 15:54:20
i_dbb23d452674,c_8768181a3650,resource_card,A,2026-08-09 16:02:16
i_3fea8cc24c46,c_f9a7f8324d11,resource_card,B,2026-08-09 16:04:25
i_21c17ab1aa87,c_f56ecc54a5fb,both,B,2026-08-09 16:16:44
i_0a5f1ec98ffd,c_f42d2595cb91,both,B,2026-08-09 16:33:53
i_91b197ba8d98,c_d816f420b565,both,B,2026-08-09 16:36:04
i_070a8b66ce41,c_55966c9e6b9b,both,B,2026-08-09 16:36:52
i_58747655bc36,c_57ffaa1d6c2d,resource_card,B,2026-08-09 16:41:49
i_63645a1afe08,c_85f5cdc229fb,resource_card,B,2026-08-09 16:52:37
i_1f1a2844ba12,c_5869900398cb,both,B,2026-08-09 16:55:17
i_d771a7e2a861,c_855b4ed401b6,resource_card,A,2026-08-09 17:04:04
i_c9a7960d0da4,c_f3a73e39351d,both,B,2026-08-09 17:10:56
i_f3607c2c23f3,c_afecdefbb468,resource_card,A,2026-08-09 17:13:00
i_e14afad7003e,c_785f1273a03e,resource_card,A,2026-08-09 17:15:58
i_60d264ebf846,c_09560855eb3a,both,A,2026-08-09 17:35:11
i_f2f6da0fdf8c,c_109f1c7c2a6a,both,A,2026-08-09 17:41:50
i_26e0eba7a254,c_82f65b8cca3f,both,B,2026-08-09 17:42:25
i_cb9db8fd7bf3,c_1471fcdb06c2,both,A,2026-08-09 17:48:44
i_3c163f8da728,c_049a8c4cecf0,resource_card,A,2026-08-09 17:58:35
i_bcb375e70a10,c_f271764692bf,resource_card,B,2026-08-09 17:59:35
i_4e26dd752100,c_7186b0adc180,resource_card,A,2026-08-09 17:59:46
i_ae889987b700,c_e92ca4c5795d,both,B,2026-08-09 18:10:25
i_d9036c99a7b9,c_e3ff6c48cd7b,resource_card,B,2026-08-09 18:18:08
i_967725574e14,c_843e6faf64f1,resource_card,B,2026-08-09 18:18:25
i_787a84bf9e33,c_45b28b15dddc,resource_card,A,2026-08-09 18:25:16
i_09ef8fcb6627,c_223595bd59bf,resource_card,B,2026-08-09 18:39:27
i_fc812b577764,c_20e7159511d5,resource_card,B,2026-08-09 18:56:14
i_dc15aca4738b,c_75dc0081c21c,both,A,2026-08-09 19:12:30
i_19c5ff428fe2,c_a9b493fe9df3,resource_card,B,2026-08-09 19:20:18
i_ee38d2f33277,c_2b1a9d3e2438,both,A,2026-08-09 19:21:21
i_8823518cffe6,c_945a6cfe43b8,both,A,2026-08-09 19:28:48
i_704ed0920a32,c_539f7ed602ee,resource_card,A,2026-08-09 19:38:56
i_fc83706a727a,c_4df8beb96645,resource_card,B,2026-08-09 19:43:12
i_339eca29f082,c_645172e138a0,resource_card,A,2026-08-09 19:43:16
i_9113ffec0bdd,c_d5cd2f3ef859,both,B,2026-08-09 19:54:03
i_2566b476deb2,c_af48faa3c319,both,B,2026-08-09 19:55:33
i_fbd2b44c7b55,c_878d38367fc0,both,A,2026-08-09 19:59:57
i_7aecae4063e4,c_be7eae5b620a,resource_card,A,2026-08-09 20:00:31
i_91335002ce47,c_0fdcbec4129c,both,A,2026-08-09 20:03:21
i_9086f4e0b680,c_21fe66df8e1e,resource_card,A,2026-08-09 20:09:59
i_06bef97306a1,c_78887d6650fb,resource_card,B,2026-08-09 20:24:14
i_f89b8d23bb1c,c_5b3e99b02e31,both,B,2026-08-09 20:24:26
i_1c5d55acf1a1,c_79d99dc008c4,both,A,2026-08-09 20:28:31
i_d79d9768186a,c_76d95c6b15b8,both,A,2026-08-09 20:28:29
i_f4bfd813cea0,c_0d8778562d6f,resource_card,B,2026-08-09 20:29:20
i_b93d6ef58539,c_74465b4b4d72,both,A,2026-08-09 20:36:12
i_c90d2ec4adb5,c_c5ade5b4e300,resource_card,A,2026-08-09 20:39:23
i_d47dc2f4dee6,c_5ce1df3dbba7,resource_card,B,2026-08-09 20:42:08
i_8fadcfc2699a,c_8924253cbc56,both,A,2026-08-09 20:42:20
i_11b99fd061d0,c_2f75e24c5502,both,A,2026-08-09 20:48:07
i_223f3113bb4c,c_f2e0ee56120c,resource_card,A,2026-08-09 20:49:47
i_8319b9b6fe76,c_04b988fab265,both,B,2026-08-09 20:54:29
i_561b533b70b3,c_738a629d04ea,resource_card,A,2026-08-09 20:54:40
i_5214706e22de,c_c21e0dc67514,resource_card,A,2026-08-09 20:57:21
i_f975892b5129,c_d9451ba299ca,resource_card,A,2026-08-09 21:02:47
i_c5989732a0a0,c_8fb8c88aee3e,resource_card,A,2026-08-09 21:07:49
i_c8d9b1bda6c3,c_f1807250ea93,resource_card,B,2026-08-09 21:08:40
i_0c53c139b136,c_6dbe2bfd56a6,both,A,2026-08-09 21:09:50
i_02be9d165b4c,c_6b8c1939d4ae,resource_card,A,2026-08-09 21:10:23
i_d2adbae6d85c,c_382f16cd48d7,both,B,2026-08-09 21:12:19
i_5620abf3903c,c_503fbacb4f7b,resource_card,B,2026-08-09 21:14:18
i_04df92220dcc,c_2e91fc836adb,both,B,2026-08-09 21:29:23
i_296703033cec,c_c650ea341859,resource_card,B,2026-08-09 21:31:37
i_52f785a23af1,c_760a43dcff31,resource_card,B,2026-08-09 21:34:44
i_2f579cc527ff,c_c43b532415ba,both,A,2026-08-09 21:46:14
i_5737389b5cff,c_4251adb30433,both,B,2026-08-09 21:49:07
i_c95e55b4c228,c_fb048fb32f86,both,A,2026-08-09 21:49:54
i_4dcf3c01404e,c_bc5c86157497,both,B,2026-08-09 21:51:52
i_fd8cba4f31ba,c_3bee20315ddc,both,A,2026-08-09 21:53:08
i_294d1b82c841,c_9616d0814a4e,resource_card,A,2026-08-09 21:53:30
i_9058ed5125ab,c_2d63c2a1f64f,resource_card,B,2026-08-09 21:56:51
i_047216cf7f64,c_53e90729553b,resource_card,B,2026-08-09 22:17:59
i_5a94802ae531,c_8b1bce145293,resource_card,B,2026-08-09 22:22:02
i_fb4f17329168,c_d67e42812e60,both,A,2026-08-09 22:25:58
i_2511be92d758,c_637bc75e34ee,resource_card,A,2026-08-09 22:31:13
i_f5ddcf821505,c_a6905e6da73f,both,B,2026-08-09 22:31:35
i_ef4de509822f,c_513d11eb2934,resource_card,A,2026-08-09 22:36:33
i_b40b5f7e748f,c_bd4ca5daa54c,both,A,2026-08-09 22:38:54
i_e9ce9c3ac4f0,c_c869c4da1e2f,both,B,2026-08-09 22:39:48
i_ecdfcd7150df,c_b7b126c934e9,resource_card,B,2026-08-09 22:49:20
i_4ae711935b4e,c_20e216d7b737,both,B,2026-08-09 22:50:38
i_ffd533539bea,c_1ee35a29fddb,both,B,2026-08-09 23:00:39
i_baed8e52bc27,c_3972f0b2dc9f,both,B,2026-08-09 23:13:28
i_fbb4409cd62c,c_84752da3c586,resource_card,A,2026-08-09 23:15:13
i_3ade80320c66,c_6ade3a60dabe,both,A,2026-08-09 23:16:53
i_982484b60187,c_a860ed017f2a,resource_card,A,2026-08-09 23:38:24
i_00e7342b200b,c_8e657bb2de8e,both,A,2026-08-09 23:40:43
i_b0bb29811d19,c_cb788ab78ff6,both,A,2026-08-09 23:47:51
i_6820d727936c,c_75f5feb42058,resource_card,A,2026-08-10 00:05:10
i_f1e010007c67,c_f6d732c1ada4,resource_card,A,2026-08-10 00:05:25
i_342793c99dcd,c_db8bd1b2244f,resource_card,B,2026-08-10 00:22:12
i_6f0bafbf87ee,c_138ead32592b,both,B,2026-08-10 00:32:10
i_7656dd6e7cc5,c_3500b0bd80dd,both,B,2026-08-10 00:48:46
i_b04ba673be51,c_a1cb52a726f2,both,A,2026-08-10 00:56:36
i_04299387b32b,c_145352046a6e,resource_card,A,2026-08-10 00:56:49
i_762cf0f39d2c,c_6a54b6f4ac50,resource_card,A,2026-08-10 01:05:23
i_be9f8037cbf5,c_994cd61cfdec,both,A,2026-08-10 01:06:58
i_b0f3721e8210,c_7bf30cfb9f94,resource_card,A,2026-08-10 01:22:31
i_4adcb56a317c,c_10923d7b5f4a,resource_card,A,2026-08-10 01:23:10
i_aa1a1ed7b72a,c_e9ca5e7ef075,both,B,2026-08-10 01:44:48
i_241143fd630b,c_f7a2286a4c8c,resource_card,A,2026-08-10 01:56:49
i_ae7f625ece66,c_44706f178368,resource_card,A,2026-08-10 02:39:27
i_576575e1411b,c_e0358386f0c8,resource_card,A,2026-08-10 02:40:17
i_8fd1ab243c57,c_1454f4a52a03,both,B,2026-08-10 02:48:35
i_624a47381f4e,c_40a1f3299066,both,A,2026-08-10 03:03:53
i_58e41a49baee,c_72de4d2207c8,resource_card,A,2026-08-10 03:43:50
i_200a7808cd1d,c_8c94c5cf4487,both,B,2026-08-10 05:05:22
i_808480017125,c_b0836baae523,both,B,2026-08-10 05:17:54
i_614e1b1c6120,c_6dc45a16d5b0,resource_card,A,2026-08-10 05:24:36
i_cefb755381f0,c_716f439b3151,resource_card,B,2026-08-10 05:26:12
i_0f317d6d7c73,c_dc75fb7e3172,both,A,2026-08-10 05:54:34
i_1c4857a0a6fc,c_cebf3e3afdcb,both,B,2026-08-10 06:00:12
i_17821735c844,c_de477c482aa3,both,B,2026-08-10 06:10:43
i_46f3cb6af50f,c_c74c04339308,both,A,2026-08-10 07:00:30
i_1a0b9ee5ef2a,c_f5f610324cd2,both,A,2026-08-10 07:02:40
i_0fa8663ded46,c_4a0798c40be2,both,A,2026-08-10 07:15:47
i_c781e1cb1492,c_cb908c0d1540,resource_card,A,2026-08-10 07:25:07
i_5bc3a822a28b,c_98bdfd64d728,both,A,2026-08-10 07:26:04
i_f3dacb34111f,c_2c3364f0418b,both,B,2026-08-10 07:47:54
i_45b9a59e47ed,c_61052feb0d92,resource_card,A,2026-08-10 08:00:26
i_7537c6c44ba6,c_d1affd70578e,both,A,2026-08-10 08:12:00
i_ad6de894e528,c_096d60fff968,both,A,2026-08-10 08:46:52
i_4f6520f6fe20,c_f2a381de1574,resource_card,A,2026-08-10 08:52:01
i_eb457eb0b06d,c_8c863568c5ed,both,B,2026-08-10 09:10:27
i_19c8404edaa2,c_9784f86077db,resource_card,B,2026-08-10 09:21:10
i_c474dd144a77,c_2dead93e65c7,both,B,2026-08-10 09:25:54
i_6b8fe1219da3,c_2d233e94b477,resource_card,B,2026-08-10 09:27:14
i_4ee0b1eb96f0,c_4413a3c3bd8e,resource_card,A,2026-08-10 09:52:54
i_38a99fc76a04,c_924e2b2e555a,both,A,2026-08-10 09:53:37
i_e220e3959f03,c_babc3a2e112e,resource_card,A,2026-08-10 09:58:34
i_1552cc9c573d,c_594ae18d19ca,both,A,2026-08-10 10:09:25
i_4c7684491dc6,c_32eb3823e9a4,both,A,2026-08-10 10:17:47
i_8453cca2b6e5,c_2b4f87d1f363,both,B,2026-08-10 10:18:31
i_e84c42946825,c_506e0c74c403,both,B,2026-08-10 10:20:39
i_f2f991db82a5,c_ebeb6384f24b,resource_card,B,2026-08-10 10:38:23
i_bc54f0786a38,c_24a28a832293,both,B,2026-08-10 10:39:09
i_535d39ff3ec7,c_bd9df5a30885,both,B,2026-08-10 10:53:25
i_b7a4093a1cfe,c_81ee0f5b1861,both,B,2026-08-10 10:54:32
i_62fe2091d340,c_5078fcb9b25c,both,A,2026-08-10 11:02:41
i_a11a9ef3b60c,c_ca2bae38e3bf,resource_card,B,2026-08-10 11:07:35
i_b4eb0a721309,c_360bd57d0f4a,resource_card,A,2026-08-10 11:16:53
i_b15aa5997cf3,c_410e52094325,both,B,2026-08-10 11:26:57
i_cdb9d0415398,c_fcfada8d75cf,resource_card,B,2026-08-10 11:33:35
i_1d2ef4d26d86,c_5ef08d64cf3b,resource_card,B,2026-08-10 11:41:24
i_2bf0d18e5029,c_c3e6b7c7ba3f,resource_card,B,2026-08-10 11:49:51
i_28b495562649,c_aded2d50cab3,resource_card,B,2026-08-10 11:56:31
i_ccb3bbcc2b6c,c_eb2e35000ae9,both,B,2026-08-10 12:03:58
i_5874e809d3b8,c_0a62846b7e92,both,A,2026-08-10 12:04:28
i_613fa0170ed3,c_df9829f7dbd0,resource_card,A,2026-08-10 12:06:32
i_1959726b79ae,c_d4f6d8252f54,resource_card,A,2026-08-10 12:09:04
i_571194d0fd6c,c_620a8284111a,resource_card,A,2026-08-10 12:21:01
i_0aee83cbf483,c_73278207ee62,resource_card,A,2026-08-10 12:31:54
i_b2b135e8a63c,c_f7a78d243453,resource_card,B,2026-08-10 13:03:54
i_ca2d0a7fc7ae,c_f2f6f49ab803,resource_card,B,2026-08-10 13:25:03
i_6e2025b4e453,c_66c8140f9486,both,A,2026-08-10 13:36:13
i_95dd04762429,c_42d96a899de8,resource_card,A,2026-08-10 13:44:32
i_f2e425d7ad56,c_764108b8a7fa,both,A,2026-08-10 13:49:04
i_dcc3cb591c11,c_d9a18952720c,both,A,2026-08-10 13:52:18
i_a6967fe60de3,c_38d4d9cc6fb2,both,A,2026-08-10 13:52:56
i_63e5b5b40062,c_58a589b5fad7,resource_card,B,2026-08-10 14:02:32
i_40c7def8fcdf,c_73da7f8ec2ed,both,B,2026-08-10 14:04:24
i_c91e010dffb6,c_5a4a99d43ff2,both,A,2026-08-10 14:04:57
i_454466ae7ed1,c_4580e0487588,both,A,2026-08-10 14:10:02
i_a7a099746210,c_b6eb515e5d6b,both,B,2026-08-10 14:19:27
i_50d01785ead3,c_b1e308bb7f7e,resource_card,A,2026-08-10 14:30:34
i_2f0236df5fe6,c_03b44c8e325a,both,A,2026-08-10 14:48:48
i_4d19555cfe31,c_d0e32aef0ba2,resource_card,A,2026-08-10 14:55:55
i_d8ccb9096c29,c_5c3b52c84794,both,A,2026-08-10 15:00:42
i_478b535e87c0,c_fff1501bdb18,resource_card,A,2026-08-10 15:13:11
i_58ad3872974a,c_feed2cbad512,both,A,2026-08-10 15:13:52
i_07b51e5e0db6,c_4a019c4e33ad,resource_card,B,2026-08-10 15:30:48
i_56047617fc94,c_508476a82279,both,B,2026-08-10 15:33:48
i_8edd4f841a2c,c_91e3718cb594,resource_card,A,2026-08-10 15:35:31
i_0d01f72f377f,c_c09d8dd56f70,resource_card,A,2026-08-10 15:36:28
i_a84a18828e22,c_ee7438691aaf,resource_card,B,2026-08-10 15:36:33
i_3c31d2694716,c_fe8bd316f0a5,both,B,2026-08-10 15:50:59
i_5c1d0adb8164,c_ef6f52ac0b6a,resource_card,A,2026-08-10 15:53:38
i_b16f15e62497,c_ca632f47b336,both,A,2026-08-10 15:57:48
i_9e1a4000f74f,c_842ea4a73d6f,both,B,2026-08-10 15:59:57
i_764fb628af04,c_9eadc07ee113,both,B,2026-08-10 16:04:02
i_f714038cd005,c_f62c35cb5a6d,resource_card,B,2026-08-10 16:04:41
i_4bc7e3cc1920,c_a6ea835e0ec8,resource_card,A,2026-08-10 16:09:49
i_f224b53e1421,c_a01afe520121,both,B,2026-08-10 16:10:04
i_fa27b61ee8c7,c_b586f7d063e3,both,B,2026-08-10 16:10:46
i_373e2f2ef189,c_f1c4d72d1b89,resource_card,B,2026-08-10 16:25:35
i_68f2927ec9d1,c_e73018db86a2,both,A,2026-08-10 16:29:50
i_8a7748dcbf68,c_0a52205c93a6,resource_card,A,2026-08-10 16:37:27
i_c6af46057816,c_af1e8cf85421,resource_card,B,2026-08-10 16:38:18
i_eccab478c6ea,c_40d062bf8469,both,B,2026-08-10 16:39:09
i_1190e07df343,c_b8ba8e24a559,both,B,2026-08-10 16:44:46
i_606a99cd9ab1,c_be12a6e27041,resource_card,B,2026-08-10 16:45:51
i_8227e93ccfd9,c_681b6aefda8d,both,B,2026-08-10 16:51:00
i_689d18d21604,c_7e3e4997dceb,both,B,2026-08-10 16:51:59
i_2935e453307a,c_462d515d0f57,both,B,2026-08-10 16:52:13
i_396ba7d9f9ed,c_abf7f2e53546,both,A,2026-08-10 16:59:32
i_2a7d887f115e,c_71529b4f6d1f,both,B,2026-08-10 17:01:06
i_1394b407d7a4,c_260e496c110f,resource_card,B,2026-08-10 17:07:25
i_e73726e4dca0,c_41c20aa87e75,both,B,2026-08-10 17:11:49
i_8b7d6e874a36,c_b6bf0aad2aec,resource_card,A,2026-08-10 17:16:44
i_a7f2bddec7c4,c_1587fb8bb3b3,resource_card,B,2026-08-10 17:17:09
i_c6d2303e4412,c_185cfd4e9557,resource_card,B,2026-08-10 17:27:26
i_9891dc496c8d,c_54a6c4564015,both,B,2026-08-10 17:29:54
i_5c3e41ae7a0f,c_b45c10b8e046,both,A,2026-08-10 17:46:20
i_88ebb23db722,c_8a63826b0a2c,both,A,2026-08-10 17:49:02
i_fe3747212620,c_ad4872f25e4b,both,B,2026-08-10 17:52:54
i_cd525e33d4b6,c_2e8b49835c6c,both,A,2026-08-10 17:54:16
i_047844f30588,c_18411afcf811,resource_card,B,2026-08-10 17:57:47
i_e24956fb8f02,c_5d11bc6e6a07,resource_card,B,2026-08-10 18:04:22
i_332ba1bceecc,c_67c0a189ab4d,resource_card,B,2026-08-10 18:04:47
i_ba34cb1c39be,c_fe4877348b79,resource_card,B,2026-08-10 18:18:22
i_3cfd8379d6da,c_804fa35c7a95,resource_card,B,2026-08-10 18:23:19
i_49768c8b3142,c_ffa606b1931b,both,B,2026-08-10 18:25:47
i_10906f00afe5,c_d673352cb331,resource_card,B,2026-08-10 18:30:08
i_3ce38e7974b7,c_30314f272d38,resource_card,A,2026-08-10 18:35:42
i_801cbdbad468,c_97e0216bc74a,resource_card,A,2026-08-10 18:36:13
i_f435a9bf6415,c_86da9a147630,resource_card,A,2026-08-10 18:36:51
i_6d2018f701c4,c_22891a87786c,resource_card,A,2026-08-10 18:40:03
i_90acbd3c469b,c_cec322a1962f,resource_card,B,2026-08-10 18:41:24
i_385128085852,c_44b2fb0e33d5,both,B,2026-08-10 18:50:16
i_07fa7544b313,c_430d940c0acb,resource_card,B,2026-08-10 18:50:22
i_6c569e23bf92,c_ba65ef5bb00b,both,B,2026-08-10 18:51:50
i_c59f3a10bea8,c_d22439e0f970,both,A,2026-08-10 18:51:53
i_aa7ba1072e6f,c_2c76b47b0906,resource_card,A,2026-08-10 18:57:09
i_1238c63809e8,c_824133ef8baa,resource_card,A,2026-08-10 18:59:42
i_be7a8fac4958,c_26aa7c082b61,both,B,2026-08-10 19:05:45
i_da2c79286533,c_33117e943dfd,both,B,2026-08-10 19:08:13
i_a3f1d66a66c2,c_087d423a9234,both,A,2026-08-10 19:09:02
i_4d61363134de,c_adf401ce36d1,resource_card,B,2026-08-10 19:15:57
i_a9f29e66aa56,c_1364690d1687,resource_card,B,2026-08-10 19:17:23
i_c9be3d97d0b6,c_dafd482a6afb,resource_card,B,2026-08-10 19:22:18
i_98ba4d1cef81,c_ca7ea3087165,both,B,2026-08-10 19:25:35
i_d910a5036496,c_097c35cbca14,both,A,2026-08-10 19:26:28
i_ddbdfd6c6572,c_136de4db57ba,both,A,2026-08-10 19:32:50
i_b3924b2b32fa,c_081cd34dfa35,resource_card,B,2026-08-10 19:33:25
i_7884e473efe1,c_71f87ede8485,resource_card,B,2026-08-10 19:39:24
i_b7a71396c5f7,c_2071887d850a,resource_card,A,2026-08-10 19:51:09
i_2cfe6c2ac9e3,c_d0de69fb2325,resource_card,B,2026-08-10 19:54:13
i_d35288ffb49a,c_eaf6abbedf7f,resource_card,B,2026-08-10 19:58:40
i_f0edbfee0f4d,c_4c56a5c23016,both,A,2026-08-10 19:58:53
i_231bcff467eb,c_2ef9e735c7ef,both,B,2026-08-10 20:07:44
i_fc9e2fe7ee6d,c_b21b5930075a,both,A,2026-08-10 20:15:26
i_f17a367861e9,c_93c07b79e26d,resource_card,B,2026-08-10 20:18:37
i_f49192fe57a8,c_a6154e5bfcec,resource_card,A,2026-08-10 20:24:07
i_774c71a4cf8f,c_b00342e89c81,resource_card,B,2026-08-10 20:25:01
i_7989c4712162,c_18acd77df5f7,both,B,2026-08-10 20:29:51
i_6f9502774782,c_f91c97af2f0e,both,A,2026-08-10 20:31:24
i_8db512da13e3,c_59dcd8a49f6e,resource_card,A,2026-08-10 20:37:56
i_f54bfcecf36b,c_d8dccb8ce054,resource_card,A,2026-08-10 20:38:40
i_6f89962def98,c_eb02d88154e8,resource_card,A,2026-08-10 20:41:24
i_32e62c09f186,c_bd43e60b06d1,both,B,2026-08-10 20:51:04
i_0cffe1adea16,c_9ac5ddb44b3a,resource_card,A,2026-08-10 20:59:58
i_81c2edfd6063,c_de680c96a850,both,A,2026-08-10 21:11:13
i_c145b8e8ea7e,c_4f50d271d78a,resource_card,A,2026-08-10 21:11:24
i_3c5068c7bf7c,c_ec146efbc599,both,B,2026-08-10 21:15:04
i_632a3a64bae7,c_ad378130cad2,both,A,2026-08-10 21:15:10
i_6d92e8bb9d10,c_8ee70e3b0c58,both,A,2026-08-10 21:17:59
i_252d1004aa60,c_fa1647e6ef08,resource_card,A,2026-08-10 21:31:41
i_af30a65a5135,c_503ac256c3c4,resource_card,A,2026-08-10 21:33:18
i_eb8f752ef130,c_80269e49dc29,resource_card,B,2026-08-10 21:33:44
i_07b31d8a64a8,c_004a3f2c9b60,both,A,2026-08-10 21:43:37
i_85941e1119dc,c_c4ee4c9cfba5,both,B,2026-08-10 21:46:20
i_b314c25c8516,c_c3eece58d644,resource_card,A,2026-08-10 21:47:37
i_6c747c78356b,c_fa94287445d7,both,B,2026-08-10 22:03:46
i_34e0646dddcc,c_fe5bed47b95e,both,A,2026-08-10 22:05:26
i_f7fa082e9227,c_e1ecec49994b,resource_card,B,2026-08-10 22:11:05
i_473fbdbc06ac,c_f9147e7cb4bb,both,B,2026-08-10 22:11:34
i_32da66867a55,c_9de9fc811bbe,both,A,2026-08-10 22:12:26
i_4aafcc8fd389,c_02f2a991181e,both,A,2026-08-10 22:21:11
i_ad38ccfc2d48,c_d2d18702fd23,resource_card,B,2026-08-10 22:31:25
i_c21eaa57e099,c_627196aff6c3,resource_card,B,2026-08-10 22:31:57
i_a26e337438cd,c_e18b32c3b00d,both,B,2026-08-10 22:34:16
i_06dced87d688,c_2bd165e3a797,resource_card,B,2026-08-10 22:42:27
i_9711107fc3a7,c_76d9c445f27b,both,B,2026-08-10 22:45:18
i_766729153ed3,c_be39470da8b2,both,A,2026-08-10 22:47:22
i_9052026badf9,c_7400dd1b2c58,resource_card,A,2026-08-10 22:47:43
i_f64835124e12,c_c713fd8c50ac,both,A,2026-08-10 22:48:20
i_d4982326667c,c_aebb6a432a1d,resource_card,B,2026-08-10 22:50:23
i_7852f1401e4e,c_f3d63398c085,both,B,2026-08-10 23:01:43
i_9cc4d7a2920d,c_62c6ca8e3e71,resource_card,B,2026-08-10 23:06:48
i_b525ffb68f38,c_147c1d4d8699,both,B,2026-08-10 23:07:55
i_e65d034882e5,c_25c20ea00393,both,B,2026-08-10 23:13:12
i_4c9ae13bd433,c_5c5d7dbdccab,both,B,2026-08-10 23:24:44
i_7d416790bfae,c_fcd7bcb0da37,resource_card,B,2026-08-10 23:35:24
i_337a8402ed65,c_294435ac9a33,both,B,2026-08-11 00:02:16
i_a06aa4e1fe17,c_99ab425ae444,resource_card,A,2026-08-11 00:03:54
i_053128c3ad96,c_a9b08342cbd5,both,B,2026-08-11 00:22:09
i_603d06d76bfc,c_e4f710623589,both,B,2026-08-11 00:24:10
i_63c6e0f3e65e,c_aec2eb8861b4,both,A,2026-08-11 00:30:52
i_a81e3e62d01c,c_fee9e0127b8d,resource_card,B,2026-08-11 00:32:11
i_15eedd3fdd8c,c_85491c5c1696,both,A,2026-08-11 00:32:55
i_8f80ef7230e3,c_28fbe829d747,resource_card,B,2026-08-11 00:34:38
i_92c090cb379a,c_58517e85c477,resource_card,B,2026-08-11 00:41:51
i_2515cc884819,c_f0f9c56e2212,resource_card,A,2026-08-11 00:58:07
i_486a639798dc,c_bfe001cdac5c,resource_card,A,2026-08-11 01:33:27
i_3219ff25f59b,c_57cdf3d38837,resource_card,B,2026-08-11 02:01:49
i_3519165e4640,c_8ca84efbf1b8,resource_card,A,2026-08-11 02:32:10
i_82dd449e9ab5,c_38d00579b775,both,B,2026-08-11 02:59:50
i_a339fc80d93c,c_714b5380053e,both,A,2026-08-11 03:22:50
i_9a444ffe875b,c_da1e95da644c,resource_card,A,2026-08-11 03:29:47
i_aef8c2edda77,c_148df2d995f6,both,A,2026-08-11 03:44:25
i_cb0bb7c4a4e1,c_832324fff426,resource_card,A,2026-08-11 04:11:25
i_63deabccd632,c_5bab8b2c146a,resource_card,A,2026-08-11 05:16:11
i_e81909244e5c,c_3134ee9e5eac,both,A,2026-08-11 05:51:21
i_c591fd1b081e,c_4005a10e1777,both,B,2026-08-11 05:52:58
i_74d76b48721d,c_6eb2b21059e3,both,B,2026-08-11 06:00:09
i_b8e511009b3d,c_bfe3aa37cd93,both,B,2026-08-11 06:32:56
i_58bbba950c79,c_89c491caa8bb,both,B,2026-08-11 06:54:49
i_28987919b525,c_cdf1292df647,resource_card,B,2026-08-11 07:04:57
i_c281f617c072,c_1e7c3f22a73e,resource_card,A,2026-08-11 07:24:34
i_1f709e6d65a2,c_847af9a3f6d4,resource_card,A,2026-08-11 07:25:39
i_58fec9eee86e,c_95a713bf2b27,resource_card,B,2026-08-11 07:29:24
i_a0308b5b0da7,c_35bb1f453a2e,resource_card,A,2026-08-11 07:32:01
i_d3a681cd8937,c_1e4c518eb70c,resource_card,A,2026-08-11 07:39:01
i_ed14658e6bce,c_fe5699f84e33,resource_card,B,2026-08-11 08:00:23
i_3bd8be4640db,c_b5fc8cbb2a98,both,A,2026-08-11 08:08:48
i_b1adea13b35f,c_7789e248d7c8,both,A,2026-08-11 08:11:42
i_9df6b8e5961d,c_f742a0d014e8,resource_card,A,2026-08-11 08:24:27
i_70fbe9333608,c_8bbc311a5fa9,both,B,2026-08-11 08:52:09
i_601892fd0e69,c_7d68113aab54,both,A,2026-08-11 08:57:51
i_d928c9cdc251,c_aa60a2c076c0,both,A,2026-08-11 09:09:55
i_a7e307a5dcae,c_bc313b4b2c3f,both,B,2026-08-11 09:21:00
i_45c0f8245855,c_4bde7dd060b1,resource_card,B,2026-08-11 09:29:50
i_c6e64994ed97,c_b688a9ffe209,both,B,2026-08-11 09:34:38
i_35025b3e8598,c_8ec5c656205a,both,A,2026-08-11 09:35:50
i_40c9441cd690,c_0ca2fd8bdb78,both,A,2026-08-11 09:43:09
i_ab05cbf67fec,c_4934c73e4e05,resource_card,B,2026-08-11 09:43:22
i_4a425ba35206,c_6c2e1d4411fc,both,A,2026-08-11 09:54:40
i_0424fd5eb6e3,c_616298854a4a,both,A,2026-08-11 09:54:51
i_42a6f7b9d054,c_e9727ea877c6,resource_card,A,2026-08-11 10:02:23
i_ade502a2994d,c_8588261e1c18,resource_card,A,2026-08-11 10:06:47
i_5738089f8f58,c_fe4fe3fbcf2a,resource_card,A,2026-08-11 10:07:06
i_32313fcf48ea,c_927e28274288,both,A,2026-08-11 10:08:08
i_183c79287668,c_32e3ee5d7d62,resource_card,A,2026-08-11 10:08:23
i_c0ca641b9995,c_c3995da4c39c,both,A,2026-08-11 10:08:18
i_97707fe7294d,c_c8840f2daf15,both,B,2026-08-11 10:13:47
i_747e5a19993a,c_5337b67f0cee,resource_card,A,2026-08-11 10:15:44
i_bdbd53b9e7d0,c_01408b239a60,both,A,2026-08-11 10:23:31
i_881b640da5b5,c_ff535823c679,resource_card,B,2026-08-11 10:26:06
i_7c068aa2db32,c_638b51d4c1ec,resource_card,A,2026-08-11 10:32:36
i_e119ca14cdeb,c_0699953cbd9e,resource_card,A,2026-08-11 10:42:10
i_be33872209f5,c_15c1a5b370f1,resource_card,B,2026-08-11 10:45:08
i_36028205c90f,c_4f2fa206ee3c,resource_card,A,2026-08-11 11:11:04
i_86c0257bb625,c_27043d95f4c0,resource_card,A,2026-08-11 11:11:16
i_20cc0f26166e,c_074aa8ab6173,both,B,2026-08-11 11:14:34
i_0eb43dabb5a8,c_fca10307f4dd,resource_card,B,2026-08-11 11:21:15
i_8ec701d1130b,c_626bc329004f,resource_card,B,2026-08-11 11:33:41
i_4035817d2d6b,c_80b02410c23e,resource_card,A,2026-08-11 11:46:44
i_00b49e55bf1a,c_51705001597e,both,A,2026-08-11 11:49:14
i_013ce4f93fe6,c_021f50fd2c63,resource_card,B,2026-08-11 11:52:31
i_f408bc97fec1,c_0742a9cf8e06,resource_card,A,2026-08-11 12:18:14
i_a899ba4a439a,c_b02f19e02be0,resource_card,A,2026-08-11 12:22:11
i_04cf9939e5aa,c_1856e464798f,resource_card,B,2026-08-11 12:23:09
i_72d4ded26099,c_71d7308e4523,both,B,2026-08-11 12:24:17
i_b451824db2fd,c_2488e8ce37f1,both,B,2026-08-11 12:25:22
i_ac5a54540cea,c_7741c75892db,both,B,2026-08-11 12:28:11
i_d61f2b7e408b,c_02bfdaf58ee1,resource_card,B,2026-08-11 12:44:56
i_d1fb1270f422,c_f428d09632b5,resource_card,B,2026-08-11 12:50:39
i_94543b7ea139,c_323b4cbebe0e,resource_card,A,2026-08-11 12:52:09
i_915a75cb1047,c_d6061d248df0,both,A,2026-08-11 12:52:59
i_4ac490e5b336,c_75bd1a414556,resource_card,A,2026-08-11 12:56:03
i_99ab174cec2e,c_5e5e80373aa6,both,A,2026-08-11 13:07:46
i_02a4b948a925,c_888b9bd659d0,both,A,2026-08-11 13:13:29
i_4756ecd20d14,c_483309c370d3,resource_card,B,2026-08-11 13:18:45
i_ce5437752f57,c_b91f7024aa13,both,B,2026-08-11 13:25:30
i_bbe9ef11fbb5,c_ea7602189115,resource_card,B,2026-08-11 13:30:41
i_735e2131ece8,c_0e48e79adfc3,resource_card,B,2026-08-11 13:36:50
i_d095615818d5,c_7c88c2859739,resource_card,B,2026-08-11 13:43:14
i_a728e305c64e,c_db14cf58e6cd,both,B,2026-08-11 13:46:00
i_3d1b7a748e9b,c_31a83232894d,resource_card,B,2026-08-11 13:46:15
i_8faead902488,c_1cdfce3e0ee1,resource_card,B,2026-08-11 13:55:14
i_9ee0d85546f0,c_e5c245de13b0,resource_card,A,2026-08-11 14:04:13
i_a64b50716ada,c_94922034ed38,both,A,2026-08-11 14:14:59
i_71d50ea91bf5,c_37cff58ea438,resource_card,A,2026-08-11 14:39:50
i_928367a17c2f,c_a8b06a777d05,resource_card,B,2026-08-11 14:45:38
i_2b25b7b15f0e,c_3b8bceed7f9e,resource_card,A,2026-08-11 15:05:09
i_1eb53385b810,c_00b714c5d2f0,resource_card,A,2026-08-11 15:05:13
i_f55b392a5b24,c_ec0fa89d8381,both,B,2026-08-11 15:06:45
i_5594a4a2f46b,c_5af846eddff7,both,B,2026-08-11 15:09:32
i_bac7aa95a329,c_2767959052ec,both,A,2026-08-11 15:10:54
i_c3c7e9019f87,c_ae445cc37a5c,resource_card,A,2026-08-11 15:16:54
i_38b6ef8ab213,c_a57b02791717,resource_card,B,2026-08-11 15:18:39
i_b809eb3c3c09,c_3e245b700911,resource_card,B,2026-08-11 15:20:41
i_1741651ca46a,c_b2dd81913124,resource_card,A,2026-08-11 15:22:27
i_d5f7e1ef1ce3,c_228b3534b33b,both,B,2026-08-11 15:25:42
i_046b5d2664db,c_8e763db6bf71,both,B,2026-08-11 15:26:11
i_fc20ef27fddd,c_05ec588fce7f,both,B,2026-08-11 15:26:19
i_588b3f780b56,c_529bb9b02132,both,A,2026-08-11 15:30:10
i_b51890adfbb5,c_2328e587f1e8,resource_card,A,2026-08-11 15:31:54
i_22f2fb4cfa35,c_2606bdacfed4,both,A,2026-08-11 15:37:54
i_ce65c3e2e021,c_355c83851dfd,both,B,2026-08-11 15:40:23
i_54c37f999cf6,c_686b8c401d2a,resource_card,A,2026-08-11 15:43:17
i_3f38dd5304cd,c_b8450816f3a7,both,B,2026-08-11 15:44:51
i_2c34c9371162,c_8dafe2ded78b,resource_card,B,2026-08-11 15:55:39
i_779a54cdd5bc,c_0d1376cdaab4,resource_card,A,2026-08-11 15:58:31
i_0a2d46f36365,c_9aa727c0c2f6,both,A,2026-08-11 16:06:22
i_3961aff2a88f,c_e27d1739515a,resource_card,A,2026-08-11 16:19:33
i_f0cc5efee260,c_f36b9c0e8d24,resource_card,A,2026-08-11 16:32:55
i_27c7c59da39b,c_2a32ed6754a7,resource_card,B,2026-08-11 16:41:22
i_7153efc97936,c_4fe5d6927e6d,both,B,2026-08-11 16:53:56
i_f2a5f6d7080f,c_680cad101886,both,A,2026-08-11 16:55:13
i_f7b98e9ed9a0,c_e5622b23ab89,both,B,2026-08-11 16:59:25
i_d9bb1cc0e3da,c_96a392d68d19,resource_card,B,2026-08-11 17:08:32
i_b20a65e5609e,c_6f7429eaa527,resource_card,B,2026-08-11 17:18:41
i_68e4c618311d,c_3df7cf26f073,both,B,2026-08-11 17:39:42
i_c660b0f8f6b3,c_c63f850e7831,both,B,2026-08-11 17:42:19
i_6860f49d32b6,c_25f33368f529,resource_card,B,2026-08-11 17:44:51
i_3b92a8e19f22,c_c1119946b568,both,A,2026-08-11 17:46:30
i_59c13af85197,c_dbd1b10530ef,both,B,2026-08-11 17:48:43
i_59a3bea27f89,c_3c86f1752c35,both,B,2026-08-11 17:54:48
i_2ba4a2922a8b,c_cd4bf3f59712,resource_card,A,2026-08-11 17:57:10
i_e8a509d1893d,c_2cd48d0f1d14,resource_card,A,2026-08-11 17:58:31
i_e3eb333a7c1e,c_2f146ca23691,resource_card,B,2026-08-11 18:00:00
i_85e232758b49,c_1dc4be15ec14,resource_card,A,2026-08-11 18:01:22
i_fcffab246743,c_cbd2327dbfea,both,A,2026-08-11 18:05:48
i_a128552f359e,c_291db37d6c74,resource_card,A,2026-08-11 18:05:56
i_658dea87fee9,c_28e61d14b59d,both,B,2026-08-11 18:09:15
i_e49bcb2f4e4f,c_30c6e93cd01a,both,A,2026-08-11 18:10:19
i_227c447d2270,c_e3eace1d4da6,resource_card,A,2026-08-11 18:16:34
i_5e5a4a6fe4c8,c_d1270e06cd13,both,B,2026-08-11 18:16:55
i_86bedd96fa1b,c_817aec3e32e0,resource_card,A,2026-08-11 18:18:02
i_ac4490fc009a,c_a7356bdd13a7,both,B,2026-08-11 18:18:02
i_d962a585d71f,c_06d1818b9181,resource_card,B,2026-08-11 18:18:36
i_fdc0efe0a115,c_3168c73109e6,both,A,2026-08-11 18:21:39
i_306bd781032f,c_0cad0d76f089,both,B,2026-08-11 18:45:45
i_c34db99f0f27,c_826cddd55b62,resource_card,A,2026-08-11 18:46:32
i_6aa668fe42d0,c_b1d57ef2b2a7,resource_card,B,2026-08-11 18:48:21
i_e78125b46a80,c_3ef331ca9896,both,A,2026-08-11 18:52:18
i_e9f894bf7da2,c_a8972a002286,resource_card,A,2026-08-11 18:56:00
i_a23f9762a895,c_9eed9d53fc8c,both,A,2026-08-11 18:58:54
i_020dba9243dc,c_9900fb15f3fc,resource_card,A,2026-08-11 19:07:26
i_923985d075b2,c_770dd8f9132b,resource_card,B,2026-08-11 19:10:19
i_c4cc8daeed1f,c_42eeb62a104c,resource_card,A,2026-08-11 19:15:44
i_c42379f3ce2c,c_7ebfab76bf8b,resource_card,B,2026-08-11 19:26:03
i_dcdf538f6173,c_6749f48b9805,both,B,2026-08-11 19:28:01
i_2ed13e3b1e2c,c_947b0f3ddbc8,both,A,2026-08-11 19:32:49
i_b12e016fb424,c_1334a574e602,resource_card,A,2026-08-11 19:34:22
i_e84053ded76f,c_a9140261978c,resource_card,A,2026-08-11 19:46:04
i_8e129adb03c2,c_a9715e3228fb,both,B,2026-08-11 19:47:46
i_ccaa164268b4,c_3aa2fdef8f37,both,B,2026-08-11 19:47:45
i_4c7f155b7c57,c_bc1eb5b459ff,resource_card,B,2026-08-11 19:48:16
i_d7b0b76677fe,c_caef540b3419,resource_card,B,2026-08-11 19:49:18
i_b13fe841bd91,c_c9dca5fadc3a,both,A,2026-08-11 19:49:22
i_e9e755007484,c_298443ef092f,resource_card,B,2026-08-11 19:51:50
i_5e569cbd00ab,c_cd7e89007675,resource_card,B,2026-08-11 19:57:51
i_71d06ac80b71,c_6d02ec1f17fe,resource_card,A,2026-08-11 19:58:24
i_507b061ed738,c_58b304341213,both,B,2026-08-11 19:59:38
i_bc8a179e25b8,c_c9d5cfbec638,both,A,2026-08-11 20:01:46
i_93451c48efd0,c_58baf9cecc57,both,B,2026-08-11 20:03:27
i_39fb45675a3d,c_8cab76791dcc,resource_card,A,2026-08-11 20:08:15
i_e45922b79a7a,c_5307ae469143,both,B,2026-08-11 20:12:44
i_ef33ea70a627,c_5cc56917cb55,both,B,2026-08-11 20:13:15
i_d2720f5f75fa,c_8c28b76e0809,resource_card,B,2026-08-11 20:19:56
i_18d90991b15a,c_19cb2ba052dd,resource_card,B,2026-08-11 20:24:41
i_9ce7ff6ea974,c_669cd5f876ce,both,A,2026-08-11 20:38:57
i_098f31d507f2,c_e84c4f5d530e,both,A,2026-08-11 20:42:06
i_13bade3a1caa,c_72f49e4459fc,both,A,2026-08-11 20:46:12
i_92d2140263cd,c_afd24fc1c106,both,A,2026-08-11 20:46:35
i_fb31883f0274,c_c76158419be9,resource_card,B,2026-08-11 20:49:49
i_bbc0ef818d0a,c_4bbb386c9ba7,resource_card,B,2026-08-11 20:51:08
i_c80b7de5354b,c_47e67067413c,both,A,2026-08-11 20:53:09
i_39e4ad34a677,c_21eecbd93d17,both,B,2026-08-11 20:55:11
i_9383ebc3a8c7,c_c3f1e1577cad,both,B,2026-08-11 21:00:24
i_dd485ad8b155,c_924fd8d04415,both,B,2026-08-11 21:10:49
i_e5425f5c5b9d,c_77a5e1c16d68,both,A,2026-08-11 21:15:34
i_600f0827bce9,c_168e2f367287,resource_card,B,2026-08-11 21:19:45
i_6912db59e825,c_205c20773856,both,A,2026-08-11 21:21:05
i_2ed914867419,c_657ef6f3f8c1,both,B,2026-08-11 21:26:39
i_94a8ed2cb610,c_228534e5daa0,both,A,2026-08-11 21:28:11
i_1b5264b917d1,c_1e19a6757f72,resource_card,A,2026-08-11 21:31:04
i_b6a7cdec125a,c_c1d7975c1faa,both,A,2026-08-11 21:35:24
i_adef28dded24,c_5bffcd134338,resource_card,A,2026-08-11 21:40:13
i_5f70d6a6f8f3,c_065eb432739a,both,A,2026-08-11 21:45:56
i_b7342b4b25bc,c_b2b527c5eb09,resource_card,B,2026-08-11 21:46:56
i_12191fca69bb,c_5e48be15b363,both,B,2026-08-11 21:50:21
i_8fcee11657f7,c_e83b446754f9,both,B,2026-08-11 21:53:32
i_330a1425794e,c_7e7a7c3c72ce,both,A,2026-08-11 21:53:39
i_0def022c42ab,c_8008e5c754db,resource_card,B,2026-08-11 22:04:05
i_1a0be8c31bce,c_69dd083d995d,both,B,2026-08-11 22:05:04
i_61cfc85c33c1,c_bcc0d69e2484,both,A,2026-08-11 22:05:12
i_bc5dffaddb77,c_dc176791de09,both,B,2026-08-11 22:05:55
i_90cfd03eb88e,c_f2db32651b5e,resource_card,A,2026-08-11 22:17:37
i_f08547dc0ce8,c_a3ed730bf3f3,both,B,2026-08-11 22:23:05
i_2f2aa93a7f21,c_40e68ee1c0cc,resource_card,A,2026-08-11 22:24:15
i_7d5ccec62b54,c_7ec7a7aa024a,both,A,2026-08-11 22:33:30
i_dd9dd57c1e56,c_a408b27bafc2,resource_card,A,2026-08-11 22:38:47
i_abd0e3f98772,c_30ebc1508271,resource_card,B,2026-08-11 22:38:43
i_fc8d350ff316,c_b437d556b50a,resource_card,A,2026-08-11 22:42:01
i_5e26d8a29ba4,c_3436056f76dc,both,A,2026-08-11 22:45:51
i_ed4613e64194,c_749ff3f06c90,resource_card,A,2026-08-11 22:46:26
i_3a4004883260,c_814a422589c2,both,A,2026-08-11 23:05:24
i_42feeca30b2b,c_fe9374eb4d32,both,A,2026-08-11 23:09:21
i_761cd4b71633,c_bf6b2e88afd1,both,B,2026-08-11 23:12:15
i_3dd4f17182dc,c_cf00d2aa8a1f,resource_card,B,2026-08-11 23:18:13
i_df501159e1ee,c_6aa4947cc22a,both,A,2026-08-11 23:37:29
i_628d66fcd4f5,c_20934ea6bb4e,resource_card,A,2026-08-11 23:41:33
i_16bfa4c3ad0c,c_10e6b2eb4fe5,both,B,2026-08-11 23:42:05
i_16a35240d98d,c_85176ba5f4cb,resource_card,B,2026-08-11 23:46:02
i_bc78d0c008a6,c_a7ba62760dd6,both,A,2026-08-11 23:51:08
i_358a9961ba78,c_8ef4258e3dc1,resource_card,B,2026-08-11 23:59:21
i_a41e7d1cc131,c_7cc4738bafb4,resource_card,A,2026-08-12 00:01:37
i_74544d782f1c,c_8617a6270c9e,both,A,2026-08-12 00:17:56
i_f19a8d8fb473,c_ee6b60f14b88,both,A,2026-08-12 00:22:40
i_775a95c5f158,c_765cf154b51a,both,A,2026-08-12 00:25:17
i_4014dfc26eea,c_d75831075f5a,both,A,2026-08-12 00:33:26
i_df3ed9e59958,c_aa01004fa125,both,B,2026-08-12 00:39:58
i_2caa47418b30,c_00f0f700cfba,resource_card,A,2026-08-12 00:45:57
i_714eaae51a65,c_0ba71448b485,resource_card,B,2026-08-12 01:04:53
i_dce374c25425,c_a0bcb37bc84f,resource_card,B,2026-08-12 01:29:30
i_e57d0bb94bf6,c_a3f1e2dbd788,resource_card,A,2026-08-12 01:30:38
i_819ad7be46cb,c_1c732eeda878,both,A,2026-08-12 01:36:58
i_1a4f1fb9310f,c_98d3f67df920,both,A,2026-08-12 01:38:20
i_0fe162927eed,c_3a16d0d6bbb9,resource_card,B,2026-08-12 02:30:36
i_83d41a976b47,c_e911f633fa20,resource_card,A,2026-08-12 02:51:44
i_9ffd17a8edc6,c_c568a82bce4a,resource_card,A,2026-08-12 02:54:07
i_e455c135cf92,c_b97e955a2302,both,A,2026-08-12 04:12:10
i_4f3a8d2671f3,c_5eab8ccd1ea6,both,A,2026-08-12 04:54:02
i_4d2417a3ff65,c_33cf0385c681,resource_card,B,2026-08-12 05:07:21
i_0305b5a87200,c_88b66a27bf86,resource_card,A,2026-08-12 05:45:12
i_79939ef2ee20,c_40060a58fccb,both,B,2026-08-12 05:59:58
i_39f098c8a342,c_b3436e73b19d,both,B,2026-08-12 06:05:01
i_7de07491cfaf,c_e6bb46d31bb3,resource_card,B,2026-08-12 07:07:46
i_5efe9384d161,c_a4cf535f4cd1,both,B,2026-08-12 07:21:58
i_ceb71826fc84,c_8add3f395585,resource_card,B,2026-08-12 07:23:27
i_1e97128f270e,c_d3f82a47d01a,resource_card,A,2026-08-12 07:36:51
i_629dfc3aee31,c_485f4d6dd1c5,both,B,2026-08-12 07:42:15
i_43983014ebe9,c_fd8a006f717f,resource_card,B,2026-08-12 07:43:25
i_f0b53e278c84,c_f9a192604e85,resource_card,B,2026-08-12 07:45:17
i_789cf08e8e9c,c_1d366b958551,both,B,2026-08-12 07:58:59
i_055fe9329b46,c_8c5cf073b8a6,both,A,2026-08-12 08:01:52
i_b5c989c7b4c0,c_5be1951375c7,both,B,2026-08-12 08:08:43
i_85558d76a251,c_439fc5ed9aca,resource_card,A,2026-08-12 08:19:41
i_67c40142b90f,c_65342eb5723d,resource_card,B,2026-08-12 08:20:28
i_5cba5503c610,c_5c9a13a25eb5,resource_card,B,2026-08-12 08:40:44
i_9f1a2fa2139b,c_0731414016ca,both,A,2026-08-12 08:52:20
i_d4112dbce10d,c_00e8df5ac56d,resource_card,B,2026-08-12 09:08:23
i_9339e8686bae,c_854b91afe8b8,both,A,2026-08-12 09:21:14
i_53bab9361f24,c_19e823d05e5e,both,A,2026-08-12 09:35:02
i_d58235a51f2f,c_41efd596dd69,resource_card,B,2026-08-12 10:03:40
i_eea6a5bc8325,c_e9a341df9223,resource_card,B,2026-08-12 10:03:56
i_fb75b2c61003,c_02b1f740fa0e,both,A,2026-08-12 10:10:11
i_4b05614e6f84,c_b05ab70e7834,resource_card,A,2026-08-12 10:12:36
i_2b28e11b1837,c_8b0a241bacf1,resource_card,B,2026-08-12 10:14:45
i_75aa1d592f5a,c_fb45417cb8a2,resource_card,A,2026-08-12 10:15:01
i_81121b0c8b88,c_eaf6586dc39c,both,A,2026-08-12 10:19:21
i_a285340d2e56,c_600f2b5db80f,resource_card,B,2026-08-12 10:31:01
i_6036e326928c,c_b546d936daff,both,B,2026-08-12 10:38:06
i_62d8001f6ad0,c_bb6369cfa688,resource_card,A,2026-08-12 10:43:01
i_51835a717b6c,c_8f5b0fc3e5a3,resource_card,B,2026-08-12 10:50:47
i_97fd673f279d,c_42a9c0456472,resource_card,A,2026-08-12 10:55:06
i_06e999b6f1b1,c_27617ee88d4e,both,A,2026-08-12 10:58:30
i_3775a9a4e6f3,c_fd850c5aec5e,both,A,2026-08-12 10:58:48
i_3c5f39244c08,c_85ffb3e74045,both,B,2026-08-12 11:04:02
i_d99e8a751ae7,c_ec82189d8c1c,resource_card,A,2026-08-12 11:08:44
i_7c928c2e5ba9,c_5c23371b607d,resource_card,B,2026-08-12 11:30:25
i_4de200f0d36b,c_43faf65b08e0,resource_card,A,2026-08-12 11:33:37
i_520da32d5021,c_09515bab73d5,both,B,2026-08-12 11:34:17
i_62f5f6ae72af,c_8642607c0974,both,A,2026-08-12 11:37:40
i_be82f43daa3b,c_a5af1f679712,both,A,2026-08-12 11:38:44
i_f84cc287f2f4,c_146c1dcd5fcb,both,B,2026-08-12 11:39:28
i_b7373703ad61,c_20e99fa568ec,resource_card,A,2026-08-12 11:39:53
i_6972407b6722,c_7d2ea52ffac1,resource_card,B,2026-08-12 11:39:48
i_d0e7d3a20dca,c_e7185158340d,resource_card,B,2026-08-12 11:50:14
i_021a75ff0926,c_1a6d8f373243,resource_card,B,2026-08-12 11:50:36
i_3aaf6bceff58,c_e64b80c6222a,both,A,2026-08-12 11:59:41
i_c8ef8ea38a74,c_fb9bb3fa1196,resource_card,A,2026-08-12 12:01:05
i_535c12ae0c50,c_24308b56f140,resource_card,A,2026-08-12 12:03:21
i_1c73c5082a9b,c_e837dce140d0,resource_card,A,2026-08-12 12:04:02
i_51a9286524f7,c_0930a8ad37ab,both,B,2026-08-12 12:04:49
i_3c0bdd295308,c_bd572bc7e3ae,both,A,2026-08-12 12:07:38
i_6b44d3104422,c_6902a48f16f1,resource_card,B,2026-08-12 12:16:09
i_a0c84654ae42,c_e09f2a762c65,both,B,2026-08-12 12:19:34
i_dbe93352e241,c_92a03f4e108c,resource_card,A,2026-08-12 12:22:19
i_192d805886f6,c_425f7efeae71,resource_card,B,2026-08-12 12:32:34
i_f2b4c9780abf,c_4770b4cc88d7,both,B,2026-08-12 12:34:19
i_077bdbd9e6a0,c_8b50d9520943,both,B,2026-08-12 12:40:30
i_61bcc18d9df6,c_8488a2717c68,resource_card,A,2026-08-12 12:42:02
i_18848102f4ee,c_5cfcc52f1dd7,resource_card,B,2026-08-12 12:45:43
i_90f580771f30,c_3d053643191d,resource_card,B,2026-08-12 12:47:02
i_2c2762077c04,c_0ad87af93ddd,resource_card,B,2026-08-12 12:54:07
i_743ad4121d7f,c_e07bee44f77d,resource_card,B,2026-08-12 12:58:19
i_4a6811dfd3df,c_19a2112d5aa1,resource_card,B,2026-08-12 12:58:48
i_8452ef582a0b,c_83ee72ff8356,resource_card,A,2026-08-12 13:16:05
i_f38a3ee7a030,c_032f526edbea,resource_card,A,2026-08-12 13:18:32
i_7bd16f90e0dd,c_bab699340295,both,B,2026-08-12 13:19:32
i_fef37a874206,c_59fc05219ed8,resource_card,A,2026-08-12 13:22:12
i_81bf8c2a7bd8,c_f32f68f788e2,resource_card,A,2026-08-12 13:23:15
i_051ea63f77a0,c_332e741de796,both,A,2026-08-12 13:31:43
i_380228164b11,c_3f48a75cf28d,resource_card,B,2026-08-12 13:31:42
i_3414f2590ef5,c_38ed34f15499,resource_card,B,2026-08-12 13:32:04
i_abc2b5cf1c41,c_cb9d238bb74e,both,A,2026-08-12 13:32:48
i_5854f2648010,c_75126bcc4cc8,resource_card,A,2026-08-12 13:33:26
i_e2a692e84cf1,c_1c9cc3db1be1,both,B,2026-08-12 13:39:11
i_e729e5e2926a,c_cb0859ff806d,resource_card,B,2026-08-12 13:42:16
i_ce8f7ae875b9,c_73d6e6c90b6b,both,B,2026-08-12 13:51:06
i_c0bacbdc3c4b,c_3220624958c4,both,A,2026-08-12 13:53:01
i_148c0d3be9a9,c_18944b8ad8a5,both,B,2026-08-12 13:54:06
i_5071159648de,c_a38a944fec66,resource_card,A,2026-08-12 14:06:21
i_295810406341,c_b8f4dd12b6de,resource_card,A,2026-08-12 14:11:11
i_abca0f4a85e7,c_536b03576d18,resource_card,A,2026-08-12 14:15:46
i_80ca8d8dfbac,c_c4bb7102c331,both,B,2026-08-12 14:18:52
i_7ea062eb3241,c_c147f1d5bf88,both,A,2026-08-12 14:19:11
i_265284e3fb8a,c_13343fac99a0,resource_card,A,2026-08-12 14:25:11
i_75072a68644c,c_36e2881e7132,both,A,2026-08-12 14:35:05
i_1c10365f33ed,c_520653c21771,both,B,2026-08-12 14:49:09
i_bc34bb425ced,c_e06592c5f5bf,resource_card,B,2026-08-12 14:50:55
i_c7e5e4f5cc98,c_048290943d1b,both,B,2026-08-12 14:56:55
i_3661500f35c8,c_0b3900acfd9e,both,A,2026-08-12 15:00:06
i_3e3083a8cc73,c_32711f7eddbf,both,B,2026-08-12 15:01:33
i_0fadcc96e377,c_278d882d21ae,both,A,2026-08-12 15:06:33
i_e8f7fac1d028,c_91337597c5e6,both,A,2026-08-12 15:07:57
i_71824039fa7e,c_ce9e198e7740,resource_card,A,2026-08-12 15:09:41
i_ab87409d70ef,c_3f9a85c6cd26,resource_card,A,2026-08-12 15:09:40
i_e9e50b1acf9a,c_5840c649ed58,both,A,2026-08-12 15:20:25
i_05efa42a210e,c_a20ce81c6b02,resource_card,A,2026-08-12 15:22:09
i_6e1e95b1345b,c_e7cbb26071d4,resource_card,A,2026-08-12 15:25:11
i_1e37df33bf1d,c_1fafc121bd4f,resource_card,B,2026-08-12 15:25:33
i_0b10513c944b,c_a62bb8f9749c,both,A,2026-08-12 15:28:10
i_865c5e3d7c03,c_817a4c7fe1d8,resource_card,A,2026-08-12 15:33:16
i_0b39bb3376da,c_49d9e9761f84,both,A,2026-08-12 15:36:28
i_c35102686e13,c_e2f84ed7237b,resource_card,B,2026-08-12 15:36:59
i_967b064240b5,c_606cc9bafc44,resource_card,A,2026-08-12 15:40:50
i_2904c1b9c5e5,c_9727769d85c3,resource_card,B,2026-08-12 15:42:37
i_a4631dca90d7,c_86073b38278b,both,B,2026-08-12 15:53:12
i_16fb7a1829e0,c_d9f4d22209e7,resource_card,B,2026-08-12 15:53:50
i_0fcb96482ef3,c_27f226263ec1,resource_card,B,2026-08-12 16:02:15
i_337aea2f0d22,c_6cbdb38c6aa9,resource_card,B,2026-08-12 16:03:25
i_099c8c427ede,c_22d8c0642357,resource_card,B,2026-08-12 16:06:52
i_2c605239be33,c_49052f47d9de,resource_card,A,2026-08-12 16:06:49
i_02bd2ebb9149,c_b4a36fae8dc9,resource_card,B,2026-08-12 16:14:55
i_9a81ddcc017f,c_fac8040b04b1,both,B,2026-08-12 16:20:22
i_cba5b5043a8e,c_0e655b9d64fd,resource_card,B,2026-08-12 16:24:45
i_fd14331c9e0b,c_391ccb50735e,resource_card,A,2026-08-12 16:31:44
i_05d3de74a470,c_bded45d5bbd7,resource_card,B,2026-08-12 16:38:16
i_b22e097608cb,c_b5ad69b181c4,resource_card,A,2026-08-12 16:49:06
i_c1dd933c07a0,c_186ea31f0809,resource_card,B,2026-08-12 16:51:25
i_950d83173902,c_c41b4a5f3af8,both,A,2026-08-12 17:03:14
i_b5a156c17d99,c_1482c7b14210,both,A,2026-08-12 17:03:20
i_719037f332bf,c_ba9fdce0a61b,resource_card,B,2026-08-12 17:11:58
i_76b3aa4a7f4e,c_02dd42e85754,resource_card,A,2026-08-12 17:19:06
i_f452a95669ae,c_bb6c439bb3fd,both,B,2026-08-12 17:19:29
i_5523389a64ac,c_f9be4082c2ea,resource_card,A,2026-08-12 17:29:45
i_a2bb904df108,c_9a9bc3a94c09,both,B,2026-08-12 17:30:05
i_d229971098ae,c_6362365fffd9,both,B,2026-08-12 17:33:06
i_344c3aab62aa,c_83bcd53bdcec,both,A,2026-08-12 17:34:03
i_1660378dbf31,c_ceff5782f8ff,resource_card,B,2026-08-12 17:41:31
i_67aeda3f5220,c_79d71c75c012,both,A,2026-08-12 17:47:25
i_03c6d50c7320,c_b06608fd589d,both,B,2026-08-12 17:54:27
i_fe43a6678c47,c_b2f63d6fd61e,resource_card,A,2026-08-12 17:56:42
i_6122450c58b3,c_b4107d95b5d4,resource_card,A,2026-08-12 18:10:18
i_11f12e1b57b5,c_612d1eadbf97,resource_card,B,2026-08-12 18:11:30
i_0b2de0bd23f5,c_c30bcedf77ea,both,A,2026-08-12 18:16:04
i_33045ecd2ad3,c_c72ae837704e,resource_card,A,2026-08-12 18:20:53
i_3bb2b3b89170,c_28b4c6233276,both,A,2026-08-12 18:26:17
i_4461971e1f2e,c_ffc16e1fa52a,both,A,2026-08-12 18:26:14
i_328e8e341e02,c_00e2ebf6d830,resource_card,A,2026-08-12 18:29:46
i_fc2bfb59f985,c_5e57a2984783,both,B,2026-08-12 18:32:01
i_ef43a3d7c337,c_3a23da6e812d,both,B,2026-08-12 18:37:23
i_1ed1d1188abf,c_d0ca58215545,resource_card,B,2026-08-12 18:38:46
i_f26f6f0a32a4,c_5231e447e1a5,both,B,2026-08-12 18:39:50
i_7eac5a6fbb10,c_7630fd1e1641,resource_card,B,2026-08-12 18:39:55
i_79f75cc227d8,c_e1b9c32cf78b,both,B,2026-08-12 18:42:16
i_bd90374e241b,c_502e5b6039b5,both,B,2026-08-12 18:47:08
i_faebe6ff3e7d,c_f49cdc49b0ac,both,A,2026-08-12 18:47:27
i_1203afe13df3,c_6766fe572631,both,B,2026-08-12 18:48:22
i_27bdce55bad1,c_3f24406411a3,resource_card,B,2026-08-12 18:56:36
i_f5b89151a7d7,c_c0f4ae53ca27,resource_card,B,2026-08-12 19:02:20
i_13112beaed90,c_8f823f59cc9f,both,B,2026-08-12 19:02:56
i_ca2225e6d4be,c_2ff00b67808f,resource_card,B,2026-08-12 19:04:15
i_55d71f31f676,c_aa2d150817da,resource_card,A,2026-08-12 19:10:26
i_dd0a951eb1f5,c_79c0edbc7c57,resource_card,B,2026-08-12 19:13:48
i_ed47c1caf60a,c_0a9127aff4c9,both,B,2026-08-12 19:15:13
i_9e003e0b31a9,c_23ad03924e73,both,B,2026-08-12 19:16:25
i_ee17d569dc42,c_6f2a31ad48ee,resource_card,A,2026-08-12 19:17:03
i_dc277e1d1c2c,c_006b611fb685,both,B,2026-08-12 19:17:41
i_a510dbb4072e,c_374380c4a24f,resource_card,B,2026-08-12 19:32:48
i_c23a40132c43,c_95fd5eb23504,resource_card,A,2026-08-12 19:33:08
i_b89179fc0791,c_22bd12f44033,resource_card,B,2026-08-12 19:46:07
i_dbf479ef98a1,c_2356af79c35c,both,A,2026-08-12 20:02:53
i_0f614be2ecb0,c_c34ef7c95270,both,A,2026-08-12 20:07:01
i_de4765be7b4d,c_fbf483d6cfc5,both,B,2026-08-12 20:08:38
i_5b81a037efe1,c_f0eba54d2c96,resource_card,A,2026-08-12 20:12:14
i_fb1217e97da3,c_8c0a58a52f52,resource_card,A,2026-08-12 20:18:34
i_410ae1f31f76,c_7e017013d17d,resource_card,B,2026-08-12 20:19:54
i_667e4d7f5fe5,c_e3bd392e2da8,both,A,2026-08-12 20:33:56
i_b5f1b2b48575,c_58b27f1281bb,both,B,2026-08-12 20:36:34
i_5a857864b305,c_3f3f699e46ce,both,A,2026-08-12 20:39:44
i_6d7d03b23314,c_39762eb7a31a,resource_card,A,2026-08-12 20:40:34
i_01988792ac7b,c_60e6538d5e7e,resource_card,A,2026-08-12 20:42:33
i_33136fc0f4d8,c_57a5da62fe29,resource_card,B,2026-08-12 20:53:43
i_744a6ff82f42,c_e78ed88fe6d1,both,B,2026-08-12 21:03:43
i_6a54977bbeae,c_8f2934a43903,resource_card,B,2026-08-12 21:08:06
i_842b8af201a6,c_9412b185f131,resource_card,B,2026-08-12 21:09:57
i_5d9c473636c8,c_02f26ebed3d6,resource_card,A,2026-08-12 21:18:28
i_befee0984c45,c_79eb6f3384cc,both,A,2026-08-12 21:24:26
i_0282f17773f3,c_f757a81d1ccd,both,B,2026-08-12 21:30:26
i_328c0ce561fe,c_695f76b047c0,resource_card,A,2026-08-12 21:35:58
i_bd25e102b1af,c_94361e684de4,resource_card,A,2026-08-12 21:36:06
i_4a39129e3c45,c_628a184d8774,resource_card,A,2026-08-12 21:42:16
i_daad7b996704,c_a6a1cd710e41,both,B,2026-08-12 21:42:20
i_fb6f9bb69ac2,c_55a5cb24620a,both,A,2026-08-12 21:44:52
i_87e840d3148f,c_d243d36ff8ec,both,A,2026-08-12 21:51:00
i_600e6345e320,c_29e0133c0d49,resource_card,B,2026-08-12 21:51:26
i_690f47a1ffc4,c_604d195099c3,resource_card,B,2026-08-12 21:53:30
i_d3b34a1fa7dd,c_7d226e6c7611,resource_card,B,2026-08-12 22:08:35
i_0a3fdad587a2,c_46b1e755e80d,both,B,2026-08-12 22:12:24
i_acc7dac3477a,c_abbbcc874ba0,both,A,2026-08-12 22:13:52
i_3f142f834468,c_814c3c9a6c01,both,B,2026-08-12 22:15:46
i_9483878fddcb,c_07ee02fdc560,both,A,2026-08-12 22:32:16
i_7fdbc931a748,c_0afc00979968,both,A,2026-08-12 22:39:16
i_8b134d23f28a,c_9f8c07e5dd78,both,A,2026-08-12 22:49:59
i_65c545a20a75,c_7f8966144f24,both,A,2026-08-12 22:59:24
i_2e7ac0087655,c_310db08502c3,resource_card,B,2026-08-12 23:01:18
i_5ee82800fd64,c_862b8fadcd2e,both,A,2026-08-12 23:05:54
i_984f8c7f5db9,c_cb31e4b558d6,both,A,2026-08-12 23:21:36
i_81ed5e394575,c_878e55170a01,both,B,2026-08-12 23:29:39
i_5c8fe1a6ffbc,c_666b49d10006,both,A,2026-08-12 23:35:28
i_fc380fb35cde,c_1c4988ec1bda,resource_card,A,2026-08-12 23:49:43
i_14240bc3015e,c_3229b6e6b3b1,resource_card,B,2026-08-12 23:54:08
i_b8b0324247d9,c_141d8fe90d2c,both,A,2026-08-13 00:16:57
i_cac47c204e4b,c_a53c088fc178,both,A,2026-08-13 00:41:01
i_70fb6511c69f,c_d10d2c205d04,resource_card,A,2026-08-13 00:45:28
i_142adeb92e9a,c_0fda634888eb,resource_card,B,2026-08-13 00:54:32
i_ff3d271ae7f5,c_35dedaad78b0,resource_card,A,2026-08-13 01:00:34
i_290f95610b0d,c_dc72db6b7a40,resource_card,A,2026-08-13 01:34:13
i_12cd349ce6cc,c_06fab66a8d1d,resource_card,B,2026-08-13 01:35:40
i_6d15f70fb9e2,c_9f93bb2f672c,both,A,2026-08-13 02:28:20
i_3b24f9357917,c_f8d12ed30f4a,resource_card,A,2026-08-13 02:32:56
i_17a77c987f8f,c_375fba37ab73,both,B,2026-08-13 02:37:55
i_b3fc928e1ce0,c_cd45d93a153f,both,B,2026-08-13 02:38:30
i_a1f5ed75ef85,c_28037d1e79d9,resource_card,B,2026-08-13 02:59:04
i_e56cd46fac62,c_c510b0109219,both,B,2026-08-13 03:36:44
i_9cf469939be9,c_f595e2b20a4e,both,A,2026-08-13 03:45:21
i_f61315843b43,c_74130c23fad9,resource_card,B,2026-08-13 04:48:16
i_997cd22b1124,c_5c7f5975217e,both,A,2026-08-13 04:53:02
i_11ff48d088b3,c_281eefd23926,resource_card,A,2026-08-13 04:55:55
i_51075ebe4c94,c_13ecfb047b00,both,A,2026-08-13 04:57:33
i_7d4f6f38a8d6,c_870621fc37fe,both,A,2026-08-13 05:03:37
i_0b2ed889c6a7,c_cf138b520e03,resource_card,B,2026-08-13 05:07:42
i_99103c49690a,c_14f15036ebec,both,A,2026-08-13 05:13:16
i_0d7c2e75f825,c_147a7bdf40f6,both,A,2026-08-13 05:49:22
i_6e066fc67781,c_7d76b0ae8aca,resource_card,A,2026-08-13 06:15:35
i_beebacc491ad,c_31137e7ac084,both,A,2026-08-13 06:40:54
i_547909ddbdaf,c_bdd27bfa0b71,both,B,2026-08-13 06:53:50
i_77a458384176,c_4fde94ddd495,resource_card,B,2026-08-13 07:01:42
i_15053100d3ce,c_b6810940c570,both,A,2026-08-13 07:37:22
i_b4e24075ac83,c_e88aba3666d6,resource_card,A,2026-08-13 07:43:06
i_1bb082790bd6,c_01011eceec40,both,A,2026-08-13 07:46:28
i_6494cdc7b054,c_bb6339c7529d,resource_card,B,2026-08-13 08:31:14
i_cd665fded625,c_ab2a91d359cb,resource_card,B,2026-08-13 08:47:35
i_94df47c9d670,c_d4e392ac3401,both,B,2026-08-13 08:55:15
i_5a4cb6322d43,c_8cc5cb2872f6,both,A,2026-08-13 09:04:45
i_9bd6be51c3ec,c_60459c97d7df,both,B,2026-08-13 09:10:04
i_867ca31926b8,c_4f8b4d612ea9,resource_card,B,2026-08-13 09:16:30
i_d100ef767121,c_3416e995bceb,resource_card,B,2026-08-13 09:17:15
i_2b5dc525373c,c_ebec79c6b948,both,A,2026-08-13 09:18:12
i_63c3fd9c1594,c_700773dd8fb6,both,A,2026-08-13 09:21:26
i_f7c1f24da78d,c_3fe9e0708508,both,A,2026-08-13 09:26:52
i_c6b0f928a597,c_3aecb7e0fea4,resource_card,A,2026-08-13 09:30:03
i_93128d44279f,c_0f612fea4ff6,both,A,2026-08-13 09:38:38
i_2255512bf0bc,c_f6dd82174040,both,A,2026-08-13 09:38:50
i_2b37ffb92844,c_6e77c7952c98,resource_card,A,2026-08-13 09:43:32
i_916ae9504b03,c_b55ed27f5783,resource_card,B,2026-08-13 09:45:31
i_58ba614e7c07,c_c1f66a3e6671,both,B,2026-08-13 09:52:46
i_42fd189ba32b,c_de334e5e78fa,resource_card,A,2026-08-13 09:55:34
i_c8ae6c15d0c3,c_d19c00a0e2bc,both,A,2026-08-13 09:59:41
i_f4fcd1c3866d,c_2b36c406d45a,both,A,2026-08-13 10:07:14
i_2bd5f22c4769,c_5aa8d8c4f130,resource_card,A,2026-08-13 10:12:12
i_2a1b4a7888dc,c_1311d297b6fb,both,B,2026-08-13 10:13:13
i_f9d5bd2f4e76,c_3f7ca012a50c,both,A,2026-08-13 10:16:55
i_5776f7632b6e,c_915eea33d844,both,A,2026-08-13 10:22:26
i_4b237c36f4f5,c_19f641e138a6,both,A,2026-08-13 10:24:17
i_382265637133,c_bfb2f7a5e1ff,resource_card,B,2026-08-13 10:25:48
i_695ed846c3ca,c_cfdce0026b46,both,A,2026-08-13 10:26:08
i_88acb914a169,c_4267ecfbf70b,both,B,2026-08-13 10:29:58
i_1cbac2dee5cf,c_4b313ad44e10,resource_card,A,2026-08-13 10:35:22
i_b6ecff79d443,c_ffa1e5a9c62f,resource_card,B,2026-08-13 10:47:31
i_ebf1fd2e3468,c_cf47abcaf70d,resource_card,B,2026-08-13 10:49:38
i_0c516614fc50,c_c83f675fa9c9,both,B,2026-08-13 10:52:16
i_57546e5fad42,c_1f8e804f63f4,resource_card,A,2026-08-13 10:57:28
i_d50c8aa97104,c_620cff725881,resource_card,B,2026-08-13 10:58:02
i_23aa434749b0,c_b486b61289ca,resource_card,A,2026-08-13 10:59:35
i_7d2ae904b535,c_4327c702da18,both,A,2026-08-13 11:11:29
i_946575606599,c_6bef74653fa6,both,A,2026-08-13 11:16:04
i_22bf1248ee33,c_3e38d9e162da,resource_card,A,2026-08-13 11:16:12
i_e4af689a6bfb,c_371b15ea52ee,resource_card,A,2026-08-13 11:18:32
i_8ed5658d77e9,c_59e669f31948,resource_card,A,2026-08-13 11:20:17
i_fccd1af5ebba,c_09614d56a9c9,resource_card,B,2026-08-13 11:28:31
i_ea75a075ecee,c_d30f36b60802,both,A,2026-08-13 11:31:58
i_5353228e0771,c_6e78d21c16d9,resource_card,B,2026-08-13 11:38:34
i_280dc05859c0,c_d53f05659520,resource_card,A,2026-08-13 11:49:44
i_188c3879c23b,c_e3165e783015,both,B,2026-08-13 11:49:51
i_ddfb3bc24d2d,c_ea9cc2857aa7,both,B,2026-08-13 11:54:02
i_c375a863a37b,c_b94420a85483,resource_card,B,2026-08-13 11:55:10
i_b684f68a025c,c_53a6dda1c316,both,A,2026-08-13 12:00:36
i_21ba3b7a0483,c_bfa2dec8aa7b,resource_card,B,2026-08-13 12:07:52
i_e21178e89d39,c_3201fed1c912,resource_card,A,2026-08-13 12:13:41
i_8b838bc1dc01,c_c8d7dd6b8156,resource_card,A,2026-08-13 12:17:50
i_8c4b9eb01bb4,c_8b75adb77a9d,both,B,2026-08-13 12:20:54
i_3f19b3b67509,c_241a0cc7c004,both,A,2026-08-13 12:22:01
i_fc25914e8cd2,c_1d1b57a89e70,resource_card,A,2026-08-13 12:41:30
i_26b5fe6e0710,c_5cb0c8fc8ed0,both,A,2026-08-13 12:42:44
i_4701e5a2b9d5,c_56e5a5f82acc,resource_card,A,2026-08-13 12:42:56
i_78cad0fa5def,c_48ed7adaf239,resource_card,B,2026-08-13 12:54:02
i_116a8e57e5f5,c_8b742d7b259a,both,A,2026-08-13 12:56:09
i_af682f57211c,c_d2e1bfb259d9,resource_card,B,2026-08-13 12:59:11
i_55d2bcf9f699,c_86f1e16b080d,both,B,2026-08-13 13:09:22
i_ebb3c96a5792,c_b4ad33b64188,both,A,2026-08-13 13:11:10
i_6d54f8bb4b49,c_b4c754c57e1d,both,B,2026-08-13 13:16:09
i_4b924b11146b,c_3a84d88cd6c0,both,A,2026-08-13 13:16:19
i_50a757824b08,c_ff21100bde5f,resource_card,B,2026-08-13 13:17:02
i_448d939ac402,c_1fa58ff1ac77,resource_card,B,2026-08-13 13:19:07
i_a3f00925880b,c_2fa928a714ec,both,A,2026-08-13 13:25:33
i_f249c3c45a10,c_0e24e3fc5602,resource_card,A,2026-08-13 13:28:19
i_f424163e6de3,c_c1bad15ca4fb,resource_card,B,2026-08-13 13:35:40
i_4dc272b91b24,c_6330abca6a0f,both,B,2026-08-13 13:36:34
i_846aab964c49,c_0bf0307b35cd,both,B,2026-08-13 13:36:42
i_df69c521af31,c_3fcd28fa91cb,both,B,2026-08-13 13:44:05
i_0705e9613b25,c_65c2194fa85b,resource_card,B,2026-08-13 13:47:03
i_a28ca19c1f6c,c_66c6b79c2aa3,both,B,2026-08-13 13:52:12
i_07d0371dd63d,c_6060e862d89c,resource_card,A,2026-08-13 14:14:09
i_2942c7f55749,c_3ceadbdd2186,resource_card,A,2026-08-13 14:20:23
i_aaaf4971f40d,c_16af805e9f4a,both,A,2026-08-13 14:26:16
i_d1884a1fd822,c_9080d7c2aaa1,resource_card,B,2026-08-13 14:27:40
i_ab21f14a020c,c_f5d214728003,resource_card,B,2026-08-13 14:28:56
i_7cd28aa84c62,c_868507f70d69,both,B,2026-08-13 14:30:17
i_85c84f448158,c_df3dcccbd475,both,B,2026-08-13 15:54:40
i_4cd40e23bb68,c_b7e2b235ee33,resource_card,B,2026-08-13 15:54:38
i_cde4d42bc8b1,c_238af155be31,resource_card,B,2026-08-13 16:02:17
i_e68a2eaaabb5,c_b16c9cb6703f,both,B,2026-08-13 16:03:16
i_58d089def41d,c_f7aff424a56e,resource_card,A,2026-08-13 16:11:47
i_09d44da7e203,c_797d745e6686,resource_card,A,2026-08-13 16:17:04
i_a551108969c6,c_6c896242ff79,both,B,2026-08-13 16:17:39
i_52c1cc329dc4,c_c8d4c7eb0988,both,A,2026-08-13 16:27:25
i_fe7e54949be9,c_107d3c7cac14,resource_card,A,2026-08-13 16:30:29
i_ef590c99f1b8,c_f308ca28673a,resource_card,A,2026-08-13 16:30:56
i_93782c4e177e,c_79e6a0ec240a,resource_card,A,2026-08-13 16:31:30
i_67dd593d7c74,c_f1065af12fa7,resource_card,B,2026-08-13 16:40:41
i_d8c2e2e853e6,c_db2a5f45be12,both,A,2026-08-13 16:41:09
i_2abe24467c9e,c_98f43b098f07,both,B,2026-08-13 16:45:02
i_7f4dbe25ade0,c_e6c4948039b9,both,B,2026-08-13 16:50:38
i_5f05eb8a10a0,c_0346ef1c5502,both,A,2026-08-13 16:55:07
i_deb1802a21d9,c_689c83085ddf,resource_card,B,2026-08-13 16:56:16
i_322627efa68d,c_f510de4c1f01,resource_card,B,2026-08-13 17:00:10
i_bce9686daa24,c_8a3e95accc43,resource_card,B,2026-08-13 17:08:22
i_fae705a06603,c_5e507eae74e1,both,B,2026-08-13 17:10:58
i_5f711497ab3a,c_2ccdf2aea4fb,both,B,2026-08-13 17:18:58
i_cd77a8d518aa,c_c4b5713ec493,both,B,2026-08-13 17:21:03
i_3f195f4b0948,c_75360fdb094e,both,A,2026-08-13 17:21:43
i_d25c8a430aa5,c_5e79c96f55d9,resource_card,B,2026-08-13 17:22:46
i_015ae314419c,c_6be35886708c,both,A,2026-08-13 17:25:13
i_f0e13f49cf72,c_2a6e0a996d9f,resource_card,B,2026-08-13 17:26:47
i_0f4e5e2f883b,c_7939a03368ab,both,B,2026-08-13 17:29:13
i_13c52b1236e4,c_fd92115a4c19,resource_card,B,2026-08-13 17:31:22
i_57d1003d21ee,c_9ad07267ee8b,resource_card,B,2026-08-13 17:32:01
i_d33dc418e90b,c_22d950ede92f,both,B,2026-08-13 17:33:31
i_3ed8491fcde8,c_39d3da4347d9,both,B,2026-08-13 17:44:37
i_1be9dddff93a,c_42a4f23957ef,both,B,2026-08-13 17:45:07
i_ef7385fff6ee,c_3a408f2ad7f8,resource_card,A,2026-08-13 17:46:04
i_ec33d43d1f6b,c_3cee20e98343,resource_card,B,2026-08-13 17:47:57
i_165a7c80aec8,c_8a5d197affa5,resource_card,B,2026-08-13 17:48:12
i_e7745c9b74c1,c_4493073154c8,both,A,2026-08-13 17:58:44
i_645928ec292e,c_5017f97d7658,both,A,2026-08-13 18:00:31
i_7c51711eac15,c_0bd447f91566,both,A,2026-08-13 18:09:32
i_663010aa8ade,c_48863af284fe,both,A,2026-08-13 18:18:48
i_1b5ebcb33658,c_110aed464846,both,A,2026-08-13 18:19:56
i_82745621c8f6,c_4cce31b86f48,both,A,2026-08-13 18:20:29
i_4ba774e2f169,c_69e34295362e,resource_card,A,2026-08-13 18:22:29
i_525b78dfab39,c_45c261733598,resource_card,A,2026-08-13 18:22:51
i_7aeaf4116220,c_bf933c5273ac,both,A,2026-08-13 18:23:15
i_e2c725d02521,c_310e99e2b2a5,resource_card,B,2026-08-13 18:29:25
i_52cd64d1eef1,c_96c017f6ef27,both,B,2026-08-13 18:38:33
i_0d590b94a587,c_4eca73cf441f,both,B,2026-08-13 18:42:18
i_8e52b3ffad6b,c_4b0bb7e7b1d5,resource_card,B,2026-08-13 18:48:36
i_897426fa3b17,c_eae5b2075708,resource_card,A,2026-08-13 19:03:53
i_cd563ac0f5d2,c_47188fc69e73,resource_card,B,2026-08-13 19:14:43
i_1dff4aa5e243,c_f0d5e1be9e28,resource_card,A,2026-08-13 19:15:38
i_5d977a075a22,c_0f2a5d445a84,both,A,2026-08-13 19:24:09
i_8d29c9f9ab26,c_efeb62e2f434,both,A,2026-08-13 19:31:07
i_09419446094f,c_b68a5696cf5a,resource_card,A,2026-08-13 19:46:14
i_adab444905a4,c_0c097664d8df,both,B,2026-08-13 19:49:51
i_d511eb84cdd7,c_c83327d08c70,both,A,2026-08-13 19:56:29
i_124e5492fdb5,c_d0c12a6b30b7,resource_card,B,2026-08-13 19:57:59
i_4b751cfebf47,c_e9c4d75760a7,both,B,2026-08-13 20:02:23
i_bd0c8a179fa3,c_3a11056fa99f,both,B,2026-08-13 20:06:37
i_5b6bc98da014,c_6f0281cae9e2,resource_card,A,2026-08-13 20:06:46
i_30a702f16220,c_98c3ab853b56,resource_card,A,2026-08-13 20:07:33
i_42eddd0a0341,c_a71de1895c4d,resource_card,B,2026-08-13 20:13:45
i_df854ac20924,c_524960f18b27,resource_card,B,2026-08-13 20:15:08
i_3a5dd9580c4d,c_624d1b7ec96b,resource_card,B,2026-08-13 20:20:58
i_d9a25e2c7162,c_f28e02407967,both,B,2026-08-13 20:24:17
i_ecb5f4c340a7,c_de7e8e3c65fc,resource_card,A,2026-08-13 20:28:33
i_3f52e2c6c96f,c_3a2ef894a604,both,A,2026-08-13 20:33:27
i_924292003ecf,c_cb6d33f881e2,both,A,2026-08-13 20:34:18
i_ce990400003c,c_dad1f95b55b3,both,B,2026-08-13 20:36:17
i_061f381a011c,c_bad6d6ace436,resource_card,A,2026-08-13 20:52:11
i_8f2c92e40f0f,c_eb8ad28d9385,resource_card,B,2026-08-13 20:52:25
i_53ad05fbc8ff,c_a67c58e625ec,resource_card,A,2026-08-13 20:55:26
i_f3a477459408,c_559da6db2f2c,resource_card,A,2026-08-13 20:59:12
i_8c312d093e69,c_b46e0f9f1ea9,both,B,2026-08-13 21:00:18
i_97b68be49cca,c_464ba0048b50,resource_card,A,2026-08-13 21:05:20
i_3fbb019624c9,c_fdc0f2b0d6b2,resource_card,A,2026-08-13 21:05:49
i_c6cfeba5f374,c_117c0cc5e816,resource_card,A,2026-08-13 21:07:49
i_8f1ab9fc3acd,c_34f8790ada36,both,A,2026-08-13 21:07:54
i_138440047ac8,c_cf36cd9d1593,both,B,2026-08-13 21:12:24
i_e87377082b93,c_4af2b57e075b,both,B,2026-08-13 21:18:38
i_d875d226a98c,c_a494024f3da8,both,A,2026-08-13 21:23:07
i_098a11f932ad,c_b2326e8ff8cb,resource_card,B,2026-08-13 21:31:20
i_bd87f8baaa72,c_d1a74ad9651a,both,A,2026-08-13 21:33:16
i_051481b01f26,c_b0a4787126f0,both,A,2026-08-13 21:49:29
i_eb22d6183d5e,c_a1cba067ff6f,both,B,2026-08-13 21:49:33
i_8ca36c56b039,c_be0cf2ed50dc,resource_card,A,2026-08-13 21:51:32
i_28f552926071,c_11f41e7bc0f0,both,A,2026-08-13 21:53:25
i_bde75375bbb7,c_683dbd804eb1,resource_card,B,2026-08-13 21:58:52
i_aca96a6f41be,c_0f157adc94b5,resource_card,B,2026-08-13 22:01:52
i_5c17d585c86f,c_ee6f6da71e45,resource_card,B,2026-08-13 22:04:23
i_49bbc9488aeb,c_a65d3a41e75a,resource_card,A,2026-08-13 22:08:34
i_c5f52d829207,c_65e266b16b89,resource_card,B,2026-08-13 22:13:19
i_8669f7f68fc4,c_ff473183350b,both,B,2026-08-13 22:14:19
i_0d8da179048f,c_613f577ba3e7,both,B,2026-08-13 22:23:17
i_c8a8d1471c6e,c_2d98ea045349,both,B,2026-08-13 22:31:54
i_11858d890922,c_5e132c422f02,both,A,2026-08-13 22:40:03
i_388b6205c0d2,c_946e9f1c8e72,both,A,2026-08-13 22:41:04
i_7d428a616972,c_a028e26b70f0,resource_card,A,2026-08-13 22:45:35
i_3f984f7721d6,c_f41b675b888e,both,A,2026-08-13 22:47:42
i_346ca4fe64ce,c_d6f5d3603916,both,A,2026-08-13 22:52:46
i_b64955e66fbc,c_7268de49b898,resource_card,A,2026-08-13 22:54:26
i_0316be4ca364,c_acfdd76799b4,resource_card,A,2026-08-13 22:56:39
i_7edc6357334c,c_b720f698025a,both,A,2026-08-13 22:57:13
i_032d1635dbc8,c_4f3ec09ccfe1,both,B,2026-08-13 22:59:23
i_d287e0cff62c,c_d58b527d1d4d,both,B,2026-08-13 23:00:25
i_e41c637cf36b,c_5b1acb80d893,both,B,2026-08-13 23:00:49
i_cb4cbd425b3c,c_73aaee7d904b,both,B,2026-08-13 23:05:42
i_a3c2bae63aca,c_ffc4d40b15e8,resource_card,A,2026-08-13 23:15:05
i_ff5b0ea2cc75,c_857630ab77c7,both,B,2026-08-13 23:18:00
i_39b43bd21edc,c_4e8426ed0228,resource_card,A,2026-08-13 23:17:57
i_46c02c309bbb,c_8a5fbea0fa1d,resource_card,B,2026-08-13 23:19:03
i_b71b3379264b,c_5bd80ec08663,both,B,2026-08-13 23:25:52
i_ebe489d8bf63,c_8a10c4293bc9,resource_card,B,2026-08-13 23:35:59
i_8c42ef733774,c_f9651f3cbe79,resource_card,B,2026-08-13 23:40:42
i_ec964d142e26,c_c3fbd466f19a,both,A,2026-08-13 23:41:39
i_9634095edfe6,c_9832ad9dd996,resource_card,A,2026-08-13 23:47:06
i_1975158fc6ad,c_d4e68d43cda8,resource_card,A,2026-08-13 23:49:34
i_fb5321b17d44,c_a242e610ccc2,both,A,2026-08-13 23:53:18
i_78f377bbee9a,c_fc5532910873,resource_card,B,2026-08-13 23:54:15
i_3adf5538bde0,c_c24d300b4a07,resource_card,B,2026-08-14 00:00:14
i_11924a40349b,c_48d26bdbdf06,resource_card,A,2026-08-14 00:50:51
i_5fb8005323ff,c_7278b9f71316,resource_card,A,2026-08-14 00:52:05
i_32b998601465,c_da7be08d33c5,both,B,2026-08-14 00:58:38
i_04be1455510d,c_3d97cb79c895,resource_card,B,2026-08-14 01:14:13
i_da50e2222c56,c_81ab0bf48fda,resource_card,A,2026-08-14 01:18:14
i_33dce2b8a939,c_850d95abcf91,resource_card,B,2026-08-14 01:30:45
i_ebe92d9a130b,c_9474cf358cf1,resource_card,B,2026-08-14 02:25:20
i_f372c2c4397a,c_1f204a1e1946,resource_card,A,2026-08-14 02:29:26
i_e0be5f94dcd1,c_f897c1e8ae22,both,A,2026-08-14 02:45:19
i_f8dbb9cacd8f,c_cc12ca70ea32,both,A,2026-08-14 02:59:46
i_edbce4d67d88,c_5e5ee5962d20,resource_card,A,2026-08-14 03:01:37
i_5311e2d8a6f0,c_85c314fb974b,resource_card,B,2026-08-14 03:03:49
i_7b02a590dbc8,c_24143380c36f,resource_card,B,2026-08-14 03:34:15
i_75a69ccee637,c_7759e4513b49,both,B,2026-08-14 03:52:48
i_c3cbdce36701,c_fc91fa6471e1,resource_card,B,2026-08-14 04:52:41
i_4967a1ff7904,c_cdc74c7a0ed6,resource_card,A,2026-08-14 05:08:34
i_3537731a1e5a,c_6a414a5a35ee,resource_card,A,2026-08-14 06:11:07
i_bab68ac1ab23,c_1e0fae8291b4,both,A,2026-08-14 06:11:24
i_25141242cb4c,c_94c14bc18d81,resource_card,B,2026-08-14 06:33:39
i_70e61c570b78,c_de67b9233d2b,both,B,2026-08-14 06:48:59
i_85108033852d,c_c8e6730a26eb,both,B,2026-08-14 06:57:41
i_29cf1363e49f,c_65132b2f2fde,both,A,2026-08-14 06:57:57
i_af64059d6f87,c_7f9d1d3529be,both,A,2026-08-14 07:30:15
i_f6c81f4c29e5,c_21c6244aa726,resource_card,A,2026-08-14 07:56:22
i_36103a281702,c_8b87e69cb048,both,A,2026-08-14 08:08:11
i_b94db9983fe5,c_1a2f9a1e2200,resource_card,A,2026-08-14 08:29:48
i_9026bd088fb0,c_2ddad300694e,both,A,2026-08-14 08:34:45
i_95d25f5e7dfd,c_f0154e1204c1,both,B,2026-08-14 08:42:33
i_f0ee3fc571ee,c_866562560065,resource_card,B,2026-08-14 08:45:37
i_256f5d26871f,c_af73165ad03d,resource_card,B,2026-08-14 09:06:09
i_18dbb8217ecc,c_95b8bbfd6a87,both,B,2026-08-14 09:11:11
i_1626c623e823,c_e7d008bb0b75,resource_card,B,2026-08-14 09:31:32
i_e80f42aa7364,c_da13018d7b94,resource_card,A,2026-08-14 09:31:54
i_a0a884c47137,c_35f064d5d6c0,both,A,2026-08-14 09:33:46
i_cca4d54ce6a9,c_7eee6a059d6d,both,B,2026-08-14 09:43:07
i_d87887cdf525,c_408420476fa4,resource_card,A,2026-08-14 09:47:59
i_35e08d415096,c_ccc25526832b,both,B,2026-08-14 09:52:17
i_2930e5020f9b,c_79f4914f4452,resource_card,A,2026-08-14 10:09:14
i_f699516530cd,c_431d614b9566,resource_card,A,2026-08-14 10:09:48
i_cb8769020fc1,c_b4a9bcd3c0dc,both,A,2026-08-14 10:10:10
i_af2d4ca4b744,c_2b3bed47fda5,resource_card,B,2026-08-14 10:17:00
i_5ac3cec4387e,c_b14244db7787,both,B,2026-08-14 10:30:30
i_794843c1802b,c_d30428ad1662,both,A,2026-08-14 10:38:01
i_a8075fe878cc,c_a92071393453,resource_card,B,2026-08-14 10:54:40
i_0c3bf2d47639,c_48ec5543d24a,both,A,2026-08-14 10:56:29
i_292d88fb4802,c_80c737f9343f,both,B,2026-08-14 11:11:14
i_5c7b64f59b9f,c_3e392de13eeb,resource_card,B,2026-08-14 11:19:12
i_d4ed79786c04,c_d18835a93118,resource_card,A,2026-08-14 11:19:30
i_290e49e0f60e,c_c4ce30dd1706,both,A,2026-08-14 11:28:54
i_e40d84ba665a,c_e73b8aa8db4d,resource_card,B,2026-08-14 11:35:28
i_057fcd01af56,c_6796659880ca,resource_card,A,2026-08-14 11:50:08
i_b58e9b3a3009,c_6e2e4757f63b,resource_card,B,2026-08-14 11:58:16
i_acfdf3382ca9,c_e61b09c2186f,resource_card,B,2026-08-14 11:59:38
i_94d951d6cf5d,c_9c75f75bc73a,both,A,2026-08-14 11:59:56
i_7be4e436353d,c_bb6c19002fd8,both,A,2026-08-14 11:59:58
i_80c8fecf2cf6,c_c786154c8251,both,B,2026-08-14 12:00:23
i_ab782a314e7e,c_124861f79108,both,A,2026-08-14 12:15:15
i_eba3d4c4e0b0,c_7a13ac6bcb4e,both,A,2026-08-14 12:20:33
i_e43ed955af96,c_176a20f0ea89,both,B,2026-08-14 12:32:49
i_995ceab449ed,c_97cee3edcf62,resource_card,A,2026-08-14 12:34:54
i_86db578c35d9,c_34dc378c7e59,both,B,2026-08-14 12:34:55
i_c9cb12a14cd2,c_3bf501635aa3,both,B,2026-08-14 12:36:07
i_046310d63365,c_f9a431820c23,resource_card,B,2026-08-14 12:47:56
i_6874beb2edee,c_a4b5e2582ef2,both,A,2026-08-14 12:57:59
i_18f34cd6102a,c_e7bb68a1d985,resource_card,B,2026-08-14 13:26:52
i_4a9c52865439,c_32961260e9ca,resource_card,A,2026-08-14 13:27:10
i_44b5d7e04458,c_1cbb18af738a,resource_card,A,2026-08-14 13:31:37
i_4ad56d03d754,c_a84e751db746,both,A,2026-08-14 13:32:51
i_d56ff21d507a,c_70a51df2fe1b,resource_card,B,2026-08-14 13:34:49
i_f2ffd3bee453,c_b132eaa7d9e5,resource_card,B,2026-08-14 13:52:52
i_ae7cd54fc363,c_295fc604a650,resource_card,A,2026-08-14 14:17:50
i_21e562bddaf4,c_3b3cfb17bfc9,both,B,2026-08-14 14:18:17
i_cf36e6727bda,c_d645d45f2ef2,resource_card,A,2026-08-14 14:20:29
i_7131eb3869dd,c_1c222dcefbea,resource_card,A,2026-08-14 14:21:27
i_62e2742e526b,c_a53fa0c1017c,resource_card,A,2026-08-14 14:31:32
i_2565f8813b95,c_964b0f7a0f68,both,A,2026-08-14 14:38:54
i_7c76fb0d6cff,c_d788a1ae74a6,resource_card,A,2026-08-14 14:39:16
i_bf0e4a0180d0,c_474ece1a5196,both,A,2026-08-14 14:41:26
i_e59934f169fd,c_55ea0eaebea6,resource_card,A,2026-08-14 15:02:26
i_29a3c4c4b2e5,c_9a201049aa3b,both,B,2026-08-14 15:03:13
i_dbcc07a96e4e,c_70e07a26b8e2,both,A,2026-08-14 15:04:25
i_05ed8163d2b6,c_b2690d20be79,resource_card,B,2026-08-14 15:24:13
i_ba517bd151df,c_27e79803c327,resource_card,B,2026-08-14 15:26:06
i_5326b1738441,c_ab2731fa059c,resource_card,A,2026-08-14 15:43:11
i_80718cdc0a3e,c_84f0b035db02,both,A,2026-08-14 15:49:25
i_a63f30933983,c_95e50422492e,resource_card,A,2026-08-14 15:50:06
i_063944d76916,c_817c968d3720,both,A,2026-08-14 15:50:41
i_19ef46be884e,c_74d5cf373f47,resource_card,B,2026-08-14 15:53:09
i_23ad5b3fefff,c_c00d703558ac,both,A,2026-08-14 15:55:47
i_c47dcda06384,c_c0d7736dab1d,resource_card,B,2026-08-14 15:58:43
i_7ec81c65f4d6,c_29a249674d6a,resource_card,A,2026-08-14 16:03:50
i_344e182c1cc8,c_e7af1970255b,resource_card,B,2026-08-14 16:04:24
i_6df204389cc6,c_0f97afeef7c4,both,A,2026-08-14 16:09:03
i_b206a2b9876a,c_8c7ed860628c,resource_card,A,2026-08-14 16:12:42
i_92633cd2a1a6,c_7a519e92605c,both,A,2026-08-14 16:22:45
i_ba757c2e73d4,c_7b5c1cf6437f,both,B,2026-08-14 16:30:56
i_f059c4c60470,c_6edd4f11c851,both,B,2026-08-14 16:55:28
i_2cae21865130,c_1ff77f84a6b7,both,B,2026-08-14 16:58:36
i_fde40b38a9bc,c_a907aa3036b7,resource_card,B,2026-08-14 17:08:37
i_d1df0b31e11c,c_752d569c05d7,both,B,2026-08-14 17:18:51
i_610ba01fed05,c_fc09a815216d,resource_card,B,2026-08-14 17:19:24
i_92674860ebaf,c_6a73dba88088,resource_card,A,2026-08-14 17:20:56
i_81251f21c4ca,c_66544e865338,both,A,2026-08-14 17:33:56
i_9c3e176855ec,c_059451da3c40,both,A,2026-08-14 17:34:24
i_74e87332f56d,c_b1e1af3a8565,resource_card,B,2026-08-14 17:34:57
i_319ccccce98b,c_3f55c97753e6,resource_card,A,2026-08-14 17:42:43
i_a6788c2d0e16,c_743cba902ac7,resource_card,B,2026-08-14 17:50:25
i_5ed3fe630a2c,c_a6620c09b8bd,resource_card,B,2026-08-14 17:51:32
i_8e0d0f65ac9a,c_4f099e088eaa,both,A,2026-08-14 17:57:53
i_b8aad784d60b,c_e9db5f149f7d,resource_card,B,2026-08-14 17:58:28
i_8895983c044a,c_dcb67fea27e2,both,A,2026-08-14 18:04:20
i_96b2c96bb131,c_96926c06b0ee,resource_card,A,2026-08-14 18:05:34
i_781de755af7e,c_37cb71f32da4,resource_card,A,2026-08-14 18:06:52
i_2251a415c8b0,c_a97189b7f202,both,A,2026-08-14 18:10:28
i_dbf3356aa491,c_c30da39b5b5b,both,B,2026-08-14 18:15:42
i_c493f1cbb236,c_3f4515c2920e,both,A,2026-08-14 18:17:57
i_995e78044b74,c_620b01f72d9a,both,A,2026-08-14 18:18:28
i_f84350e9cb83,c_d66888f4df2c,both,A,2026-08-14 18:23:11
i_e35867fe576a,c_1b2777cf9b12,both,A,2026-08-14 18:36:44
i_c0f85d9c96c6,c_eddff717828f,resource_card,B,2026-08-14 18:38:15
i_08fd0a24b621,c_cdb0ea0be2b5,both,B,2026-08-14 18:41:33
i_b91cb391c03c,c_d3d10230af25,both,B,2026-08-14 18:46:56
i_24b3c14f4b94,c_c6b39eca7061,both,B,2026-08-14 18:48:40
i_fd13acf7f488,c_0a21d9ff2d85,both,B,2026-08-14 18:49:34
i_2503528a7099,c_c38c8d8cb3c9,both,B,2026-08-14 18:50:34
i_4e92e0fba6c9,c_ac7ab7868d4e,both,A,2026-08-14 18:56:30
i_0c76c7a162fd,c_fff111ebfe21,both,B,2026-08-14 18:57:30
i_6578dbceec1c,c_5c6c9c796164,both,A,2026-08-14 18:59:27
i_c628272a061c,c_e88c2ef6e3fb,resource_card,B,2026-08-14 18:59:39
i_e95cd75a72ce,c_0a76e085877c,resource_card,A,2026-08-14 19:06:01
i_d7cb877ccc40,c_ad8bf1609a24,resource_card,A,2026-08-14 19:06:28
i_58bd9c972c9f,c_469ceb0f6cd5,resource_card,B,2026-08-14 19:14:14
i_06c6e80651d5,c_6fcd4f29850d,both,B,2026-08-14 19:31:22
i_4654cb390164,c_b86334732537,resource_card,B,2026-08-14 19:31:56
i_9d20dfc733f1,c_c41942c60d5a,resource_card,A,2026-08-14 19:32:16
i_7903c81e1898,c_cac181168b0e,both,A,2026-08-14 19:33:12
i_72f300271876,c_860526b47ca4,both,A,2026-08-14 19:34:07
i_3837f630b946,c_3d613cedaefe,both,A,2026-08-14 19:35:42
i_0f0b3d98903e,c_8e6849b48819,resource_card,B,2026-08-14 19:44:56
i_ca78644a808c,c_542f93cdca01,both,B,2026-08-14 19:46:45
i_0b600fb17d0f,c_07fafeb45fcd,resource_card,B,2026-08-14 20:02:49
i_c113352c0600,c_3f301ea6c63c,both,A,2026-08-14 20:05:46
i_d60c426bdf1a,c_fb03b26760d9,both,B,2026-08-14 20:06:49
i_b0c84ee0c25a,c_825822755f82,both,A,2026-08-14 20:09:56
i_afa6d0ecfe48,c_8529e82219ee,resource_card,A,2026-08-14 20:14:47
i_573cd8130c52,c_5941983f82ed,resource_card,B,2026-08-14 20:16:29
i_33fc45d15a11,c_62b98b193cd1,both,B,2026-08-14 20:16:48
i_e3200cfd823b,c_18b85648ceac,resource_card,A,2026-08-14 20:21:05
i_414040a35d6c,c_e658d88c6943,resource_card,B,2026-08-14 20:22:11
i_5a795533eb7b,c_fde850f44367,resource_card,B,2026-08-14 20:24:13
i_6bc7470665b8,c_d68bddc3409c,resource_card,A,2026-08-14 20:25:03
i_c81ea4f3900a,c_62a1ca4eb6c4,both,A,2026-08-14 20:30:02
i_f4c749a833f7,c_6388301dac8a,both,A,2026-08-14 20:33:48
i_05714f2310a4,c_bab088dd4e0e,resource_card,A,2026-08-14 20:34:08
i_cc0fdc08aa9b,c_120b128ac858,both,A,2026-08-14 20:35:20
i_a21431211dd9,c_398048592236,both,A,2026-08-14 20:44:27
i_274818896b94,c_3e3297d9debc,resource_card,A,2026-08-14 20:45:44
i_f74ebf82389e,c_3c411b8fdf49,both,B,2026-08-14 20:48:37
i_acdf44bbdb9b,c_87cd2dcfb58a,both,A,2026-08-14 20:49:21
i_31fc7368537c,c_11aa16bb1174,resource_card,A,2026-08-14 20:51:12
i_5b8bcb106309,c_986a178cd0aa,resource_card,A,2026-08-14 20:51:34
i_7e2d60dfe9cb,c_bb6ec0393c47,resource_card,B,2026-08-14 20:54:51
i_fcd8380b8661,c_d4d26db33502,resource_card,A,2026-08-14 20:56:41
i_5eb3569a198a,c_d72baf5dccb9,both,B,2026-08-14 20:59:05
i_82db47f54e22,c_2425c16130d9,both,B,2026-08-14 21:02:58
i_09eb543e0322,c_cc08dc353b0d,both,B,2026-08-14 21:16:10
i_2c4e0fc6881d,c_6018264981d6,resource_card,A,2026-08-14 21:18:03
i_b714953defe9,c_865ed1b13730,both,A,2026-08-14 21:26:37
i_5a8e508613ff,c_3afd7fb1d4c3,resource_card,B,2026-08-14 21:28:05
i_4ea02652e509,c_934a25670cca,resource_card,A,2026-08-14 21:29:55
i_b43636acf32f,c_2e4926f05562,both,A,2026-08-14 21:30:11
i_7d45011798bc,c_ea5a47abd69a,resource_card,A,2026-08-14 21:32:47
i_ce83113818da,c_62d43fc99ece,resource_card,A,2026-08-14 21:52:51
i_e1a5e491c356,c_6ed9907ee63c,both,A,2026-08-14 21:59:55
i_bf20da749b96,c_0a73534474ff,both,B,2026-08-14 22:01:31
i_97f7acfb6cd1,c_3e4cb77b08e2,resource_card,A,2026-08-14 22:01:42
i_bc14177107c3,c_fa8372471334,both,A,2026-08-14 22:03:30
i_19062f837518,c_607b5910e545,resource_card,B,2026-08-14 22:18:31
i_66b846869a02,c_c29f9ce1f003,resource_card,B,2026-08-14 22:23:11
i_5df1e35107b6,c_fdf5773bcfef,resource_card,B,2026-08-14 22:28:04
i_dbe8bd28a948,c_c626bf8d995e,both,A,2026-08-14 22:29:09
i_54513dcc68d2,c_6650abca335b,both,B,2026-08-14 22:43:09
i_16bec8214b76,c_940a221a9442,both,A,2026-08-14 22:43:17
i_0af201df8c4f,c_311df2564bc4,both,A,2026-08-14 22:45:26
i_60f1e20d909a,c_168ede7d926c,both,A,2026-08-14 22:48:30
i_97d136a7df4d,c_3eec0871f933,resource_card,B,2026-08-14 22:50:15
i_f18101cb7cbc,c_746091cfdaeb,both,B,2026-08-14 22:52:08
i_e22f5afbd171,c_b010c9efd652,resource_card,A,2026-08-14 22:57:05
i_d3f5db422a6b,c_ca757f0c7ab6,both,A,2026-08-14 22:59:26
i_59a60f0afb4c,c_14104828cee2,resource_card,A,2026-08-14 23:01:16
i_9eb29b0892b5,c_0303da077480,both,A,2026-08-14 23:06:34
i_82291a4c88b7,c_90b3779fe594,resource_card,A,2026-08-14 23:09:15
i_3b7cd5e2070f,c_29d2aad013ca,resource_card,A,2026-08-14 23:26:21
i_ee094396916b,c_61fc76e68d20,both,A,2026-08-14 23:48:45
i_cb0bc1953e0e,c_7af007421feb,resource_card,B,2026-08-14 23:51:28
i_e9391e564baf,c_171ecc31361d,both,B,2026-08-14 23:51:52
i_f963d707704e,c_b6ff26e1b55e,both,A,2026-08-15 00:12:16
i_0573feb901e6,c_47de0abcb64d,resource_card,B,2026-08-15 00:41:54
i_5f4fde2ae9ca,c_9f54d358e83b,resource_card,B,2026-08-15 00:55:22
i_ce3418bab3c1,c_e0e8bad23da1,both,B,2026-08-15 01:21:03
i_7efbcac89af0,c_79420f2ba0fb,both,B,2026-08-15 02:49:40
i_f1d4656f4577,c_b300ef72a8ec,resource_card,A,2026-08-15 02:59:39
i_9e1b67d61775,c_049bb9238bd5,resource_card,B,2026-08-15 03:00:20
i_965bdd5f2167,c_223f1e9654bd,both,B,2026-08-15 04:19:46
i_0dfed743bb8f,c_73ccbd1709c5,both,B,2026-08-15 04:27:07
i_94a352bbe06d,c_55572297ad70,both,A,2026-08-15 04:51:34
i_469b4edd429a,c_3a0b0ab6b279,resource_card,B,2026-08-15 05:19:22
i_5ecb4b9fea03,c_daa8655748d6,both,A,2026-08-15 05:21:02
i_07ca0ddc15d7,c_b98403a753d8,resource_card,A,2026-08-15 05:34:05
i_af88eecb488f,c_a853ffcd6fba,resource_card,A,2026-08-15 06:20:56
i_265fb3d92688,c_14a4a63f3c54,both,A,2026-08-15 07:29:40
i_c6df36f0dd2f,c_0cf16465ed94,resource_card,A,2026-08-15 07:30:29
i_085f7aee64af,c_426c4c7188f0,resource_card,A,2026-08-15 07:47:07
i_572f6b6adef9,c_361d55a96579,resource_card,B,2026-08-15 07:55:35
i_91df367054c5,c_3ea2d02d3257,both,B,2026-08-15 07:56:15
i_85777c832eab,c_61fcbf653207,resource_card,B,2026-08-15 07:56:46
i_378706aa8782,c_a622f556be0c,resource_card,A,2026-08-15 08:09:33
i_cc40b6e1c997,c_fb1f2c6421dd,resource_card,B,2026-08-15 08:12:56
i_ab2d0de0174c,c_35ce6455d724,resource_card,A,2026-08-15 08:17:30
i_de99b44aac4c,c_b3e9ee7d5398,resource_card,A,2026-08-15 08:38:50
i_1af14372f439,c_9815d6d785da,resource_card,A,2026-08-15 08:44:01
i_07c29230959b,c_f50c040e75f8,resource_card,A,2026-08-15 08:54:02
i_c516c9af7244,c_dbe632a5ceb6,both,A,2026-08-15 09:03:06
i_e2348b5a0c8f,c_55c12a88e85e,resource_card,A,2026-08-15 09:03:18
i_cbb5d46109d1,c_5bae474ec5e8,resource_card,A,2026-08-15 09:21:34
i_682299d9646f,c_451514a5d84f,resource_card,B,2026-08-15 09:26:07
i_4b2f7ad9bbdd,c_61371db1aefc,resource_card,A,2026-08-15 09:26:31
i_6a3233e81e85,c_0765822598c2,both,A,2026-08-15 09:39:11
i_b272a820adac,c_33f1de49d96c,both,A,2026-08-15 09:42:11
i_a16f6be04b32,c_4f5c323178b5,both,B,2026-08-15 09:50:16
i_176b944f47d7,c_541d38b8f086,both,A,2026-08-15 09:54:48
i_b4e3ee36c2d9,c_ab9cd7850bc5,resource_card,B,2026-08-15 09:58:18
i_f0f44faeb3c8,c_8b6f84f7825f,both,B,2026-08-15 10:01:12
i_dbfd3cf7f782,c_d91dddc22afd,resource_card,B,2026-08-15 10:07:55
i_36f4342d321f,c_c468be7cba3e,both,A,2026-08-15 10:16:40
i_4596562d7ec3,c_7021a16d4a56,resource_card,A,2026-08-15 10:28:36
i_cb70540c0006,c_a69da63c99c6,resource_card,A,2026-08-15 10:36:52
i_f1174a2e25d2,c_8aefd8f42dd9,resource_card,B,2026-08-15 10:41:30
i_f18f691196b2,c_f17cffda5507,both,B,2026-08-15 10:56:01
i_30276f742bf1,c_74269a191634,resource_card,A,2026-08-15 11:06:22
i_0c1e93064a20,c_786e3b37ef4b,resource_card,B,2026-08-15 11:22:18
i_eb880623e966,c_bfc4909170e2,resource_card,A,2026-08-15 11:24:29
i_415e19ed3f59,c_fe839f0fc36e,resource_card,A,2026-08-15 11:43:19
i_21de8dac83b3,c_fc02d6537d37,resource_card,B,2026-08-15 12:07:21
i_246706e8e330,c_456b623eb4aa,both,A,2026-08-15 12:07:41
i_5dd23dbb48b7,c_7d100492ca79,both,B,2026-08-15 12:12:56
i_88583babebb6,c_d5e5edd835c9,both,B,2026-08-15 12:14:22
i_b521742bf4ba,c_c9c40e657bfe,resource_card,A,2026-08-15 12:25:46
i_8b3f2150388a,c_a45cc8c02d46,resource_card,A,2026-08-15 12:26:42
i_a6bd4cce75c2,c_d87ff6771271,both,B,2026-08-15 12:32:38
i_43d3d25b24c4,c_bf1ba2bd2dfb,resource_card,B,2026-08-15 13:00:42
i_1e0065dc229f,c_29e1db33be5e,resource_card,A,2026-08-15 13:11:28
i_2a76757df8d3,c_23fc0e083b0b,both,B,2026-08-15 13:16:53
i_8d670d15c0e9,c_f661dfec108a,both,A,2026-08-15 13:19:07
i_9eb063a48db3,c_bc4cedd1ed04,both,A,2026-08-15 13:20:28
i_1c522810b1e0,c_58b76089a79a,both,A,2026-08-15 13:24:10
i_ed1eb47a1fd7,c_cd6366ee13f3,both,B,2026-08-15 13:30:18
i_48ddbc1b59f0,c_02241198f322,resource_card,A,2026-08-15 13:36:21
i_3a32c84ff648,c_3b9199d10b32,resource_card,A,2026-08-15 13:40:10
i_c6e4e73c6a10,c_ff7847e287b8,resource_card,A,2026-08-15 13:52:38
i_40102bbbfecd,c_d2fe26fc5820,both,A,2026-08-15 13:52:52
i_b3e4ebbc4284,c_3bd3fea7206b,both,B,2026-08-15 14:18:05
i_df8d92b12978,c_0529e086d7a7,both,B,2026-08-15 14:21:36
i_8a234719745e,c_5854daed6976,resource_card,A,2026-08-15 14:55:13
i_60e17d229e80,c_c63f972b6de5,resource_card,B,2026-08-15 14:57:28
i_7c38fcd05439,c_474aca10ed8c,both,A,2026-08-15 14:59:09
i_853fa563dd27,c_54efaed28b75,both,B,2026-08-15 15:05:45
i_7e4e5b994c70,c_524ec5fef7a3,both,B,2026-08-15 15:06:05
i_eb7de80b2717,c_fe2a970ad4ff,resource_card,B,2026-08-15 15:10:55
i_fe3ee3cc1c26,c_715a2205de3d,both,B,2026-08-15 15:17:13
i_5f4bc9873eb5,c_11e9e01dd414,both,A,2026-08-15 15:23:51
i_f056440ef6c9,c_7b87309f8bcb,resource_card,B,2026-08-15 15:26:38
i_e4a5c7a6ece3,c_8b586bc892ce,resource_card,A,2026-08-15 15:27:18
i_ca67c8b44112,c_4389e58b3ee1,resource_card,B,2026-08-15 15:39:24
i_3ef647ee020e,c_b461155ccce3,resource_card,B,2026-08-15 15:39:53
i_1e4a3c6e3aba,c_bcf756f08448,both,A,2026-08-15 15:42:51
i_2c1dfe2a40e4,c_be1547a892e7,both,B,2026-08-15 15:49:18
i_1393690a01cb,c_4ab56735b293,both,B,2026-08-15 16:02:17
i_34769ab61a48,c_64f76e0b304c,resource_card,A,2026-08-15 16:03:42
i_a4d3ba02b850,c_b3aa0d7bb9ab,resource_card,B,2026-08-15 16:03:44
i_759bdad0c779,c_b0bdbb07bcec,resource_card,A,2026-08-15 16:23:03
i_e1a0770c4ec4,c_790ab271f384,both,A,2026-08-15 16:28:03
i_a069a91986d1,c_58ba6fcc504f,both,B,2026-08-15 16:29:52
i_cc3a5be435de,c_c3334d2e4fc8,both,A,2026-08-15 16:35:42
i_ae51d9c77129,c_3be3c17aef5a,both,A,2026-08-15 16:36:56
i_15ec69d9d4ca,c_0ed0d334eac5,both,B,2026-08-15 17:04:00
i_dad015e1e65b,c_e0637c938437,both,B,2026-08-15 17:09:40
i_6830abf2080b,c_d2d4e35ecbc4,resource_card,A,2026-08-15 17:16:07
i_3bf3a64b6a8e,c_e3b97a24a1e1,resource_card,B,2026-08-15 17:44:31
i_d90b97a83dc0,c_fa035d131421,resource_card,B,2026-08-15 17:51:24
i_fafbb893b1fd,c_c0f84601e305,resource_card,B,2026-08-15 17:52:04
i_11122231305e,c_e14104e24d3d,resource_card,B,2026-08-15 17:53:17
i_3cd744193695,c_594c4cb5854c,resource_card,A,2026-08-15 17:53:37
i_44b10f31434e,c_c2b81ef9cce0,both,A,2026-08-15 17:53:53
i_81f87f0a294b,c_39554b8adbf3,both,B,2026-08-15 18:09:28
i_b3a97c29d3a0,c_42550618765b,resource_card,B,2026-08-15 18:19:20
i_fb2cb452eb0b,c_3e4008d60cda,resource_card,A,2026-08-15 18:21:27
i_746f948c150a,c_3e71c87114d1,both,B,2026-08-15 18:22:19
i_43c7618e6a9d,c_52e2e703bf84,resource_card,A,2026-08-15 18:24:39
i_6d7706f52d2a,c_5d2e0eecfdde,resource_card,A,2026-08-15 18:31:39
i_ed5f3a2b02da,c_4d66a9fdaca1,resource_card,B,2026-08-15 18:34:30
i_b69fc668e3fe,c_6508cf0f0103,resource_card,B,2026-08-15 18:42:18
i_37bbcdef4b83,c_a5e47a4ceff7,both,B,2026-08-15 18:42:45
i_67cc0b950e7d,c_24259ebef254,resource_card,A,2026-08-15 18:44:41
i_cadccb28ff62,c_565b496cf025,resource_card,B,2026-08-15 18:47:50
i_30f6c8f45aaa,c_b2d1e1b97275,both,B,2026-08-15 18:50:28
i_79b749396990,c_29bb3fda679c,both,A,2026-08-15 18:55:06
i_a0b447090cc5,c_8a5334816657,both,B,2026-08-15 18:58:07
i_7dac01303923,c_aa8c7c9f1263,resource_card,B,2026-08-15 19:02:39
i_a9a604a37e9b,c_886b312b0966,resource_card,A,2026-08-15 19:15:38
i_22ea31094544,c_f0a944884c07,resource_card,B,2026-08-15 19:15:54
i_5a1fc1c0009d,c_c2f8523d054c,resource_card,A,2026-08-15 19:20:12
i_a284b3910a17,c_c19693e31d7e,both,A,2026-08-15 19:26:34
i_b3045393037c,c_5a5a64e69a3d,both,B,2026-08-15 19:34:08
i_97b6147caa97,c_4e0d7ef53447,both,B,2026-08-15 19:35:31
i_eb5b3f1b3117,c_ec1ec7392f49,resource_card,B,2026-08-15 19:40:21
i_354e7165d5a1,c_f52914eb5f15,both,B,2026-08-15 19:44:33
i_ac9bf6403011,c_4fa3b50e48a1,both,B,2026-08-15 19:57:47
i_fc60b6b25b1c,c_35af6abec286,both,A,2026-08-15 20:01:55
i_5c244e8165bc,c_8ffe380e7241,resource_card,B,2026-08-15 20:07:44
i_76caf695a4bf,c_55a42489c5ab,both,B,2026-08-15 20:10:19
i_5005c86335be,c_f7516571a2ab,resource_card,B,2026-08-15 20:13:53
i_2c686440ab2b,c_d01d7f0e5a08,resource_card,A,2026-08-15 20:21:02
i_b8b725bb403b,c_8bb5f41a974c,resource_card,A,2026-08-15 20:21:25
i_0431802e2a90,c_f21f5ad3f7ae,both,A,2026-08-15 20:21:57
i_a0288088e033,c_c282d282e063,resource_card,B,2026-08-15 20:25:05
i_d261f29ca1fe,c_ed67cba90717,resource_card,B,2026-08-15 20:29:13
i_acc7b4de95c8,c_1b83b688da1f,both,B,2026-08-15 20:32:45
i_3a7909bf0c37,c_b662a912ef2e,resource_card,A,2026-08-15 20:42:37
i_4a4a8b7a33b9,c_273779ffea89,both,B,2026-08-15 20:46:14
i_43d2d796a77f,c_d495954056f1,resource_card,B,2026-08-15 20:49:03
i_d8266930dfb1,c_1dd13e46dfa0,both,A,2026-08-15 21:01:34
i_ed420e006550,c_79f8febd56b0,resource_card,A,2026-08-15 21:05:59
i_248619876ddd,c_5c99ff2c3654,resource_card,A,2026-08-15 21:13:21
i_1a6ce2fa3af1,c_9e02aba6607a,both,A,2026-08-15 21:17:07
i_0d9ca3fa1026,c_64fd5f6e9afe,both,A,2026-08-15 21:36:16
i_9c1343fa5d58,c_f94badc7236a,both,A,2026-08-15 21:43:22
i_d6f678730f2c,c_86eae3059de0,resource_card,A,2026-08-15 21:46:33
i_3562293faabb,c_406787946fef,both,B,2026-08-15 21:49:31
i_2ba8b649015a,c_0d5f04118f93,both,B,2026-08-15 21:54:33
i_aa37036d9755,c_07995dd90923,both,B,2026-08-15 22:03:03
i_bef8f3e5a636,c_8f5a3be9f912,resource_card,A,2026-08-15 22:13:58
i_c5a1326fbcbd,c_447465e20437,both,B,2026-08-15 22:19:49
i_487498abadba,c_9d9488d28167,both,B,2026-08-15 22:23:13
i_66711864cff6,c_def171d7edef,resource_card,B,2026-08-15 22:27:17
i_cb4e7f49029d,c_57ccde2c55de,resource_card,A,2026-08-15 22:28:55
i_51622d3e0f4b,c_ec7fae39ed98,both,A,2026-08-15 22:41:37
i_d0e18922cc11,c_bb2a216ebab4,both,A,2026-08-15 22:54:09
i_24ca543d38db,c_c9f759c23323,resource_card,B,2026-08-15 23:04:22
i_81d9028086bb,c_dd97cfc7a6b2,both,A,2026-08-15 23:06:37
i_f0a581fc7eaf,c_8e3302b48cde,resource_card,A,2026-08-15 23:12:32
i_ecd94b0909f5,c_542b9a93821a,resource_card,A,2026-08-15 23:17:57
i_e50ebcd14cc0,c_2b32b5f3e788,both,A,2026-08-15 23:22:09
i_616667416ba1,c_df0f8d597aea,resource_card,A,2026-08-15 23:30:22
i_2bf688a57629,c_7dc081cce9bf,both,B,2026-08-15 23:31:25
i_580fc1685cf8,c_5bfe216943b9,both,B,2026-08-15 23:35:31
i_29e275e5d848,c_1389e9c09e22,both,A,2026-08-15 23:39:28
i_3bac657e5081,c_d8c58c865511,both,B,2026-08-15 23:45:45
i_e9eb512e7603,c_8e6d4fb1a83a,both,A,2026-08-15 23:48:48
i_89a0454f015e,c_ed7dfbe0c0b1,both,B,2026-08-16 00:03:50
i_8e17a2bc8b23,c_4cb716743132,resource_card,A,2026-08-16 01:06:59
i_86f2cb9a8d97,c_c491ca0ec620,resource_card,A,2026-08-16 01:12:47
i_8ceb9389e060,c_d80f7f2b65d2,both,A,2026-08-16 01:16:34
i_5ef0a2374966,c_c0a1d8a7925c,resource_card,A,2026-08-16 01:41:30
i_c6f35dcbe564,c_a9e2312f5385,both,B,2026-08-16 01:56:26
i_4823bbcde389,c_24df5aee885d,resource_card,B,2026-08-16 02:04:23
i_052a9932b801,c_ac55fba426fc,resource_card,A,2026-08-16 02:22:54
i_fad14ecadb61,c_a8ca82f23e84,both,A,2026-08-16 02:54:46
i_08088d6cbae2,c_e575102d7ffb,resource_card,B,2026-08-16 04:05:09
i_05208a1785d1,c_9a4251379011,both,B,2026-08-16 04:37:51
i_1f3b60b89cc3,c_7ca1539b2340,both,A,2026-08-16 05:34:38
i_1cf34f97ea80,c_1b81470a7bcf,both,B,2026-08-16 05:41:55
i_9a9f007e43aa,c_6ef689d21268,both,A,2026-08-16 06:22:55
i_b9c4af802b74,c_00b89e569cbe,resource_card,A,2026-08-16 06:45:17
i_10ce5589b7da,c_6512a10f32f2,resource_card,A,2026-08-16 07:08:30
i_d19fdbfcc40d,c_ef2c9625408d,both,B,2026-08-16 07:09:36
i_62f004620a50,c_4422f35a9151,resource_card,B,2026-08-16 07:23:01
i_74d3ccfffa84,c_484e3dde51b9,resource_card,B,2026-08-16 07:26:35
i_4726ac6f454c,c_bf6f745b7597,both,B,2026-08-16 07:27:25
i_b73e2b69ed3e,c_9d44f9f73ae9,both,B,2026-08-16 07:33:17
i_deb7f6684e1b,c_7b2e8c76c8ed,resource_card,B,2026-08-16 07:52:42
i_0b150b92197b,c_c1bd0c3305c7,both,B,2026-08-16 08:01:39
i_b973369f74fb,c_75a901c21e14,resource_card,A,2026-08-16 08:15:12
i_f6b0c33934e2,c_348f15ddbae4,resource_card,A,2026-08-16 08:15:17
i_2bb7fd59b0a8,c_4ab4cf77f77a,resource_card,A,2026-08-16 08:24:33
i_079faddcba9e,c_f3c0061ae316,both,A,2026-08-16 08:25:57
i_58ed326bb8f9,c_9f7eca62ea5f,resource_card,B,2026-08-16 08:45:59
i_13fcfa6259cd,c_39c15acfb445,both,B,2026-08-16 08:53:26
i_0af63925952f,c_6cd3a4fb1765,resource_card,B,2026-08-16 09:06:53
i_e43d6eacd378,c_ebfcab737fe8,resource_card,A,2026-08-16 09:18:48
i_97c971396079,c_508c5d7e602f,resource_card,B,2026-08-16 09:23:54
i_880d264f1372,c_f65c0723b4d0,both,A,2026-08-16 09:28:20
i_f2ce773aeb25,c_3e835fdacb63,resource_card,B,2026-08-16 09:31:30
i_285757a9d50a,c_0491a1467aa0,resource_card,A,2026-08-16 09:34:13
i_32d8beb4752a,c_957259c86242,resource_card,A,2026-08-16 09:38:49
i_c6d15af6fcd1,c_208f631a1195,resource_card,B,2026-08-16 09:44:05
i_bb9e60159635,c_5f98a501b2be,resource_card,A,2026-08-16 09:54:16
i_7f68c432c819,c_071f225bf260,resource_card,A,2026-08-16 10:01:27
i_e90838bf8483,c_d052c3d5a353,both,B,2026-08-16 10:05:29
i_cdaa4c53e5f8,c_56098dff272a,resource_card,A,2026-08-16 10:09:12
i_fd69b2ad1245,c_0fe1d65aefc8,resource_card,A,2026-08-16 10:12:21
i_b72830c8e178,c_0fd3482d276c,both,A,2026-08-16 10:17:47
i_3c24bb8565a5,c_6ac199eb9e92,resource_card,A,2026-08-16 10:19:40
i_101f32ca13fb,c_5bc01e2886fd,resource_card,B,2026-08-16 10:28:43
i_54dd821633d3,c_0888569fd40a,both,A,2026-08-16 10:36:05
i_019b2c8496ee,c_eeb058bbc5a1,resource_card,B,2026-08-16 10:36:18
i_aea9943c263a,c_f33ade546e6a,both,A,2026-08-16 10:37:52
i_3590a789467c,c_bfb94e3a0b83,both,B,2026-08-16 10:47:30
i_33ff260fc7f1,c_b4d8176a2e93,both,B,2026-08-16 10:59:41
i_7c740bcf9ab5,c_92d9c87c51f0,both,A,2026-08-16 11:03:31
i_045a757d6942,c_ae65d55404d0,both,A,2026-08-16 11:06:05
i_b901e4413d3c,c_51cb5f07b22e,both,A,2026-08-16 11:12:07
i_41b6b1cb0b52,c_1f563b33432e,both,A,2026-08-16 11:13:33
i_e5a8d598e016,c_e488b080a514,resource_card,A,2026-08-16 11:22:52
i_14854a192d62,c_c2b4c50298f1,resource_card,B,2026-08-16 11:24:41
i_6c44b0b45f2a,c_342fd57169d8,resource_card,A,2026-08-16 11:37:23
i_47040200a511,c_07e099affe32,both,A,2026-08-16 11:54:14
i_d80de9e6783f,c_36d82d9c3c3b,resource_card,B,2026-08-16 11:54:06
i_3f88950af83b,c_67ca693f7271,resource_card,B,2026-08-16 12:11:13
i_92088f9a68c9,c_15ebbc8f827b,resource_card,B,2026-08-16 12:15:48
i_dd06a4b9695f,c_1e94a1158dff,both,B,2026-08-16 12:16:06
i_250d3c5985d1,c_8fb7677e5aae,resource_card,A,2026-08-16 12:21:19
i_99def1918b2d,c_e58ff127b4af,resource_card,B,2026-08-16 12:34:42
i_27460b8344a2,c_2a7e6588f964,resource_card,A,2026-08-16 12:37:13
i_55aa817979f0,c_294b3038b162,both,A,2026-08-16 12:39:23
i_1c6a49095a0b,c_e52618cd47c6,resource_card,A,2026-08-16 12:40:05
i_41e5bd28424b,c_a0a8ae126a47,resource_card,B,2026-08-16 12:52:37
i_7a565a299ac3,c_6cb7eb5f0331,resource_card,B,2026-08-16 12:56:15
i_1da8fc6ab6bf,c_49fd50379da3,resource_card,B,2026-08-16 13:02:14
i_2882df1d36c7,c_d3f95e9b56fd,both,B,2026-08-16 13:06:25
i_20395640a166,c_32ab3c5c1d75,both,B,2026-08-16 13:14:39
i_80a0828d81e8,c_cd3b33672c9a,both,A,2026-08-16 13:17:29
i_d1ca5764e2ac,c_ec8c672b104f,both,B,2026-08-16 13:20:16
i_60dbd1594ef8,c_9fc71be0b492,resource_card,A,2026-08-16 13:23:04
i_56dba09ff8a4,c_6eaec1f0c4ac,resource_card,A,2026-08-16 13:23:32
i_93e1a096b3a2,c_8039f0529fb2,resource_card,A,2026-08-16 13:41:44
i_de24485bbc0d,c_5324c5e2fcc6,both,A,2026-08-16 13:56:07
i_6a5b02927f71,c_beb7dde630e2,both,A,2026-08-16 14:05:57
i_7f00d3e8eff7,c_9eb1c8d56dfd,resource_card,B,2026-08-16 14:12:53
i_44e94107cfce,c_2fd5b5bba047,resource_card,B,2026-08-16 14:28:07
i_3e9ca949268e,c_b4f8adc3b332,both,A,2026-08-16 14:33:57
i_e524eee2f4d7,c_b8d23ea75f1a,resource_card,A,2026-08-16 14:46:21
i_9a967efa8234,c_afb1da83bc24,both,A,2026-08-16 14:47:56
i_0a7abb577244,c_b03acdc431cd,resource_card,B,2026-08-16 14:51:26
i_1f0de7177c82,c_87d3bbe01965,resource_card,B,2026-08-16 14:59:57
i_8aebec63f879,c_114985b3f32b,both,B,2026-08-16 15:16:35
i_a6c3bd12d452,c_241ab81f7c40,resource_card,A,2026-08-16 15:41:15
i_f0e453cbac6e,c_f6bfff1c4da8,resource_card,A,2026-08-16 15:41:38
i_78ceb296ae0b,c_6a5dd338ba48,both,A,2026-08-16 15:44:08
i_caa763c02f48,c_c25dbc23eeee,resource_card,A,2026-08-16 16:06:11
i_7168bf544481,c_a7279f233aa8,both,A,2026-08-16 16:21:46
i_7c0bf8821bab,c_cb59cf84297e,both,A,2026-08-16 16:43:17
i_b40150243f73,c_d7d89627d832,both,A,2026-08-16 17:07:53
i_197cffdca95c,c_03693634bae4,resource_card,A,2026-08-16 17:24:13
i_86a128513018,c_53bda31d3373,both,B,2026-08-16 17:32:57
i_19e407560b63,c_a75c3c8090f2,both,A,2026-08-16 17:36:53
i_8b18ff77e49d,c_bab308ab2830,both,A,2026-08-16 17:38:09
i_33a590cd9c96,c_d80ad80d86e1,both,B,2026-08-16 17:50:36
i_dbfca2379e61,c_ad0b52ad5470,resource_card,A,2026-08-16 17:54:33
i_9d9445fba621,c_ff6ac8bc3b73,both,B,2026-08-16 17:56:47
i_de2c437ce28c,c_dbb7bf9b65e9,both,B,2026-08-16 17:57:07
i_686c87aaae23,c_3613e55b9c95,both,B,2026-08-16 17:58:30
i_cb05ae0ec7db,c_8fdf81046018,resource_card,A,2026-08-16 18:03:23
i_6b5a9347c704,c_3dcae138f3b7,resource_card,B,2026-08-16 18:07:04
i_b9cd796da818,c_2f8b6cc515ff,both,B,2026-08-16 18:10:24
i_eebca8dc2345,c_ddcbbe00fecc,both,A,2026-08-16 18:18:06
i_d9e47dc7ad99,c_8b610f0210d6,resource_card,A,2026-08-16 18:18:56
i_714db11f078d,c_28c1fabc759e,resource_card,A,2026-08-16 18:22:33
i_dc6bf22fc0d0,c_d1295b7f3df0,both,A,2026-08-16 18:23:43
i_734d01bbc2e8,c_fc825d918662,resource_card,A,2026-08-16 18:25:49
i_4b25b85c1270,c_c0b1fc0de259,both,B,2026-08-16 18:38:42
i_521befd2ea5c,c_e4a5e2e20762,both,A,2026-08-16 18:43:33
i_47f6a9023d6e,c_e5b2490f7046,resource_card,A,2026-08-16 18:44:11
i_8b874d7d8a04,c_3a39201610c6,both,A,2026-08-16 18:51:50
i_45a777a57182,c_3fe193bc521a,resource_card,A,2026-08-16 18:58:05
i_110434736349,c_f2f633108b0a,resource_card,A,2026-08-16 18:59:19
i_94605d4a50db,c_555349a65af7,both,B,2026-08-16 19:09:34
i_2637388f59b2,c_724c695a25b0,resource_card,A,2026-08-16 19:11:26
i_10c1587e747b,c_0c14a5708a80,both,A,2026-08-16 19:12:04
i_686ed07e0d05,c_60d63f88122f,both,B,2026-08-16 19:29:59
i_10567153f419,c_4f11511fd884,resource_card,A,2026-08-16 19:30:50
i_caf195aeda96,c_d8be42b2eab2,both,A,2026-08-16 19:30:59
i_6d3a07ee67d0,c_9560f9b66f49,both,B,2026-08-16 19:38:43
i_50bd3a1a70c0,c_ec866a26be01,both,B,2026-08-16 19:39:21
i_c5db38c15a82,c_967adca56663,resource_card,B,2026-08-16 19:41:52
i_948bbbc03bb1,c_a052920c8d63,both,B,2026-08-16 20:02:04
i_3928a22fec56,c_48528097276f,both,B,2026-08-16 20:04:09
i_9a8510f5de28,c_35dcb847457c,resource_card,A,2026-08-16 20:09:13
i_08acdfe0ce5a,c_c0a20b919b81,resource_card,B,2026-08-16 20:49:04
i_0fca34eb0983,c_3cc54de350ac,both,A,2026-08-16 20:54:06
i_6533b528532d,c_af49ac962453,both,B,2026-08-16 20:54:09
i_456afddc9240,c_bc51f364109f,resource_card,B,2026-08-16 20:54:43
i_bb1837065e76,c_44cdc67cae75,resource_card,B,2026-08-16 20:55:23
i_37958ec2f6be,c_7d978530b54a,both,A,2026-08-16 21:00:16
i_82e2e011bbdc,c_c5c5e602cd45,both,B,2026-08-16 21:05:51
i_f60cdef2169d,c_5ef145cc4cd8,resource_card,A,2026-08-16 21:07:59
i_2888c0193f2e,c_a74cfd3ae910,resource_card,A,2026-08-16 21:10:49
i_25b90427c608,c_d0900a15b3bb,resource_card,B,2026-08-16 21:31:20
i_df1fa3d00c7c,c_8f77d58a850a,resource_card,A,2026-08-16 21:39:41
i_c63dfed825ba,c_3968deb21db1,both,B,2026-08-16 21:43:20
i_1ec4ccd2cf66,c_35cd2e07b893,both,B,2026-08-16 21:47:18
i_8df6d7bae35c,c_bf0b2b66447d,resource_card,B,2026-08-16 21:49:52
i_c1d950525406,c_a2ad549c8910,both,A,2026-08-16 21:54:53
i_2ec5b848553b,c_6694b7f06107,both,B,2026-08-16 21:59:10
i_8a46a48873b1,c_3b02de673d8e,both,A,2026-08-16 22:01:51
i_171f1603873a,c_546ee8afdbef,both,B,2026-08-16 22:07:06
i_c0061480e0a8,c_947d6267f0ee,resource_card,A,2026-08-16 22:09:59
i_5659c050522a,c_891923a37672,resource_card,A,2026-08-16 22:20:10
i_72a784222a6c,c_ea871b29e578,both,A,2026-08-16 22:20:14
i_ac3b0edec2c6,c_4a83a8fd9388,resource_card,A,2026-08-16 22:34:40
i_f648209c30df,c_c259da895f03,both,B,2026-08-16 22:36:28
i_3f149cdade14,c_bc8daa3a78d4,resource_card,A,2026-08-16 22:38:39
i_2b9f20d3c793,c_16981d8d19bf,resource_card,B,2026-08-16 22:40:21
i_f07240f052c5,c_3ab6ad09478a,resource_card,A,2026-08-16 22:42:25
i_5ee8afd640c9,c_126783c6890e,resource_card,A,2026-08-16 22:51:30
i_b828860034af,c_5da557d2f89d,both,B,2026-08-16 22:59:35
i_6816e76e0dce,c_3b587d55e4ce,both,A,2026-08-16 23:03:41
i_a7edc717172d,c_e3f918535d4c,resource_card,A,2026-08-16 23:28:07
i_4e6e810bf9ce,c_b0b6c353fe65,both,B,2026-08-16 23:52:07
i_8f03eb13334d,c_cc0731ef7448,both,A,2026-08-16 23:53:48
i_29a17956e5cb,c_114de9a60e3e,resource_card,A,2026-08-17 00:01:00
i_41b5aac5f8d9,c_4dbaeb7cd74a,resource_card,A,2026-08-17 00:01:05
i_4bf97d4060b0,c_21a4651a0dc9,resource_card,B,2026-08-17 00:06:49
i_63c358e31c3a,c_bfc011da3480,both,A,2026-08-17 00:11:32
i_c2f96d49a583,c_c90846bdce1d,both,B,2026-08-17 00:14:56
i_ef0fe6933c02,c_6b0b7a48bb7f,resource_card,B,2026-08-17 00:15:46
i_b9a148e1a954,c_162f24c05ffe,both,A,2026-08-17 00:52:44
i_c85b6b4895f0,c_e030f5db8871,both,B,2026-08-17 00:59:16
i_8aa7e9e3fe92,c_7295afa7dbd0,both,A,2026-08-17 01:15:25
i_10499d868e91,c_1808bd88b153,both,B,2026-08-17 01:28:21
i_583b341b9737,c_327c5d822eb2,both,A,2026-08-17 01:33:47
i_b4c554fdb989,c_85c917dc89b0,resource_card,A,2026-08-17 02:00:33
i_a07174063c55,c_dd05966f210c,resource_card,A,2026-08-17 02:15:32
i_fc66c0781b3f,c_f3cab66ede22,both,A,2026-08-17 02:28:52
i_f7635f93ea8f,c_29535a69c37c,both,A,2026-08-17 02:31:10
i_f6c033b71d0f,c_8540f0ac497b,resource_card,B,2026-08-17 03:06:01
i_1397d39688dc,c_35364ffb5d1b,both,B,2026-08-17 03:10:49
i_9465d909ab81,c_9408a2447301,both,B,2026-08-17 04:15:31
i_be282791d461,c_b4196931795a,both,A,2026-08-17 04:29:21
i_d8a9201d0319,c_ce1ad825e72f,resource_card,B,2026-08-17 04:37:51
i_06215da7f2b1,c_f4ba3e3eb805,both,B,2026-08-17 05:37:33
i_c5a0596891dd,c_8f27cb428c13,resource_card,B,2026-08-17 05:47:21
i_7561dac453ea,c_d5f254a450d4,resource_card,A,2026-08-17 05:49:49
i_dc5e38857c29,c_9b22361d8552,both,A,2026-08-17 06:08:55
i_9fe60ab72db1,c_3ba39173b07f,both,B,2026-08-17 06:54:48
i_d312f2068ee9,c_196093ecf817,resource_card,B,2026-08-17 07:02:13
i_dae1f6ace541,c_dbcbfc16c672,resource_card,A,2026-08-17 07:07:18
i_fa0d77bd438c,c_18e890b60fcb,both,B,2026-08-17 07:10:39
i_6a9d99f07e76,c_2ca4657213e7,both,B,2026-08-17 07:16:46
i_243705687b52,c_ac75db4a0392,resource_card,A,2026-08-17 07:19:46
i_4ce5b7a5a28a,c_bdf916ebe8b2,both,A,2026-08-17 07:24:23
i_56b34131a64e,c_b695188a2b21,both,B,2026-08-17 07:30:47
i_c1d7f1e2087b,c_5aec145ec693,both,B,2026-08-17 07:39:18
i_f1d7b5391251,c_f586f93554a8,both,A,2026-08-17 07:50:13
i_dd8f7b60135d,c_48ed04712880,both,A,2026-08-17 08:04:08
i_229fc12ceb88,c_80d2556d7e8c,both,A,2026-08-17 08:12:17
i_b76bfcf8a620,c_8fb9664cf137,resource_card,B,2026-08-17 08:17:45
i_4059b271bc41,c_46dbf1121fd9,both,B,2026-08-17 08:31:57
i_c7a42445d293,c_ec67e294018a,both,A,2026-08-17 08:35:07
i_889f525558a4,c_f84b6b7df832,both,A,2026-08-17 08:36:53
i_ed1fc6b5aa97,c_1a0c3c186eb6,resource_card,A,2026-08-17 08:36:55
i_c7b5c4eab275,c_f0296f1d3718,both,A,2026-08-17 08:41:13
i_b0fb1378db04,c_639ff6969e53,both,B,2026-08-17 08:46:01
i_f26917cf0d31,c_f37cdaf95e45,both,B,2026-08-17 08:58:26
i_2f1c979be51d,c_819342a93185,resource_card,B,2026-08-17 09:07:28
i_3000367119b6,c_6c26fe122049,both,B,2026-08-17 09:12:58
i_3a20310f61c5,c_d5acd82692ca,both,A,2026-08-17 09:13:50
i_2be309e075db,c_ccf57a9defec,resource_card,A,2026-08-17 09:15:19
i_c771372046b7,c_9f29995345e0,resource_card,A,2026-08-17 09:17:55
i_e3583c35e024,c_8f438215a03a,resource_card,A,2026-08-17 09:21:34
i_353abaeabfa7,c_bfbb9ccb686e,resource_card,A,2026-08-17 09:22:25
i_eccfd945c16e,c_440e14984270,resource_card,A,2026-08-17 09:23:47
i_edbe7ba805ba,c_9cc461d823a1,both,B,2026-08-17 09:34:06
i_c4de725e351e,c_6aec11ba117f,both,B,2026-08-17 09:37:12
i_2a1dfa64a23b,c_099aefa20cb0,both,A,2026-08-17 09:41:27
i_130f4e713bfd,c_903714ddce27,both,B,2026-08-17 09:42:38
i_75012da1484a,c_e6ee9ccae788,resource_card,A,2026-08-17 09:51:25
i_25e22f76d015,c_8d8a4ea99fc4,resource_card,A,2026-08-17 10:11:33
i_451f7d9fc994,c_ac8a30e8911c,both,A,2026-08-17 10:11:57
i_f7165b23a671,c_418193609bea,resource_card,A,2026-08-17 10:19:32
i_aeec48f30fc8,c_6625c17fd689,resource_card,B,2026-08-17 10:20:57
i_d68bd061de68,c_51781f7e83b1,resource_card,B,2026-08-17 10:27:25
i_02e113012128,c_c1ccb56ea099,resource_card,B,2026-08-17 10:28:27
i_ce1197b56225,c_afb33d1b6813,resource_card,B,2026-08-17 10:30:06
i_b0e7404d9823,c_39caa6e7f6b0,resource_card,A,2026-08-17 10:38:04
i_9bb7c56c37cb,c_45353c7a78db,resource_card,B,2026-08-17 10:44:54
i_b0326e6c92a0,c_ffa7306ebd0e,resource_card,A,2026-08-17 10:57:22
i_1443ab972fb7,c_4dc2607c4255,both,B,2026-08-17 10:59:23
i_88ed7cf9f570,c_8494a8490d09,resource_card,B,2026-08-17 11:04:34
i_aa2a23a740c1,c_15f57a9c19fb,both,B,2026-08-17 11:06:59
i_9ed4db2383d2,c_694723e79572,resource_card,A,2026-08-17 11:10:15
i_2fb5fd58240f,c_d1367241902f,both,B,2026-08-17 11:15:36
i_e78f490b2931,c_cbaef97d14c3,both,B,2026-08-17 11:23:05
i_d61c83fbe2fb,c_5347a9975a41,both,B,2026-08-17 11:23:34
i_7a976a3eb5f4,c_118aeed87712,resource_card,A,2026-08-17 11:31:54
i_e61025ff21ac,c_60be4ba16fed,both,B,2026-08-17 11:33:51
i_d14b23a5d792,c_9c0c33df2a1e,resource_card,A,2026-08-17 11:34:30
i_07a30732f8fc,c_4ba0b0693251,both,B,2026-08-17 11:48:40
i_3c6188873631,c_6be650955419,resource_card,B,2026-08-17 11:49:30
i_68c9808d60b8,c_4b13996a7eea,resource_card,A,2026-08-17 11:50:58
i_53d31073592f,c_de94ebf30ac0,resource_card,A,2026-08-17 11:55:03
i_be40e7fe4f80,c_5e5fa5688df1,both,B,2026-08-17 12:03:11
i_7dd997146315,c_8db73844b5fc,both,A,2026-08-17 12:04:08
i_5d7f6fd4984e,c_a5199da23a4f,resource_card,B,2026-08-17 12:05:37
i_1508f6e77002,c_92826e1e36e4,resource_card,A,2026-08-17 12:07:24
i_bc8c44b9f574,c_44deb85c9963,resource_card,B,2026-08-17 12:13:41
i_2df019cb3f26,c_59b693f05fb3,both,B,2026-08-17 12:31:16
i_6da446ee05d0,c_7329856d852a,both,A,2026-08-17 12:34:09
i_b1ec3b7e8bfb,c_d29dd9e741fc,both,A,2026-08-17 12:40:56
i_9f09642ec7ab,c_3e0ec19c46d4,resource_card,A,2026-08-17 12:48:07
i_dde2118970b9,c_eece3ad02a76,resource_card,A,2026-08-17 12:49:21
i_c3f4f78540ce,c_943731dbaa85,resource_card,B,2026-08-17 12:51:30
i_7fa9bff096c0,c_fd64ebda64d2,both,A,2026-08-17 12:56:00
i_39149035dad4,c_db7bed5694e7,both,B,2026-08-17 13:00:44
i_4b453801c567,c_af147f228252,both,A,2026-08-17 13:01:16
i_968812f5b857,c_7eab9cac6ea3,resource_card,B,2026-08-17 13:03:03
i_9a37ee3cd4dc,c_5f5cd8059678,resource_card,A,2026-08-17 13:10:27
i_76f76667dfae,c_38e1217eb955,resource_card,B,2026-08-17 13:19:23
i_efb7b7337707,c_4cc3e1a261d8,resource_card,A,2026-08-17 13:21:43
i_39f19d1f0b87,c_9e4eb31df382,both,A,2026-08-17 13:24:30
i_a134ccab70a7,c_d0fae643e768,both,A,2026-08-17 13:34:13
i_78431de3b00a,c_908b989622b3,resource_card,B,2026-08-17 13:35:06
i_e30c3bbefa88,c_c3fe1379937b,resource_card,B,2026-08-17 13:37:23
i_13606539c287,c_7df24386b4f5,both,B,2026-08-17 13:43:00
i_8dc842103c9a,c_5f8501e1328c,resource_card,A,2026-08-17 13:46:00
i_0cb3bf3b576e,c_bfb9c0e81de3,both,B,2026-08-17 14:02:14
i_3532050181d5,c_92bcc769aac5,resource_card,B,2026-08-17 14:07:17
i_e0ea9d3f5525,c_ec7ef1d48f3d,resource_card,B,2026-08-17 14:10:27
i_9703d7d591bb,c_f8498dd2843a,both,A,2026-08-17 14:18:25
i_206a83056634,c_e8137308476d,resource_card,B,2026-08-17 14:30:11
i_ac97fde12699,c_5d2dff5d1ace,resource_card,A,2026-08-17 14:30:14
i_39096c83783c,c_fac19e427bc5,both,B,2026-08-17 14:35:15
i_0781eabe2420,c_4a33b66f1e33,resource_card,B,2026-08-17 14:36:30
i_726958451c0f,c_7702a786e437,resource_card,B,2026-08-17 14:54:51
i_a6a54c2a0ca5,c_b9faf9ef4adb,resource_card,B,2026-08-17 15:01:58
i_78e24185af0c,c_8da2573a1986,resource_card,A,2026-08-17 15:14:41
i_de9555aab14a,c_70f9ce39344b,resource_card,B,2026-08-17 15:24:22
i_9361154644ec,c_1fa0148279a2,resource_card,A,2026-08-17 15:26:17
i_b4d8de9d3f08,c_470ea477a8ce,resource_card,A,2026-08-17 15:31:36
i_05da4b95f4b0,c_24dbc51324be,both,A,2026-08-17 15:33:10
i_619d38e1c120,c_3256a51b0db7,both,B,2026-08-17 15:40:26
i_b95b39c2c9b5,c_c7edba152593,resource_card,B,2026-08-17 15:40:43
i_ce1e656fd824,c_b31e7b0e6a0b,resource_card,B,2026-08-17 15:43:42
i_c0b637435dd0,c_8c3c71aad8dd,both,B,2026-08-17 15:52:46
i_7109a6179abd,c_12a2d4e7e6cd,both,B,2026-08-17 15:54:44
i_8148a3a17ae7,c_083cc3e4026c,both,A,2026-08-17 15:58:24
i_70fd2c11dccd,c_7108552ee4b6,resource_card,A,2026-08-17 16:03:20
i_2e06aab47c19,c_8e89abe37859,both,B,2026-08-17 16:20:34
i_badefb8b2313,c_247a03350210,both,A,2026-08-17 16:21:41
i_4bedeb3bbd6d,c_2c3061df6eba,both,A,2026-08-17 16:28:10
i_b34da82b620f,c_0873fa3447c4,resource_card,A,2026-08-17 16:28:30
i_0c7edf8b924b,c_9239e9124fe4,resource_card,A,2026-08-17 16:31:26
i_18b6042673ac,c_bf0b02082044,both,A,2026-08-17 16:39:07
i_35137503cfe4,c_d92e5736796e,resource_card,A,2026-08-17 16:39:54
i_e8e862bfbb48,c_cbf1d0bbf570,both,A,2026-08-17 16:43:58
i_7e44592b90f0,c_f8d34533962f,resource_card,B,2026-08-17 16:49:33
i_3c8c863e3d33,c_b6f17a5ce439,both,B,2026-08-17 16:54:52
i_ddc440e6cd2a,c_5c4215aaf91e,both,A,2026-08-17 16:58:14
i_7fa528f919fe,c_974922880312,resource_card,A,2026-08-17 17:02:22
i_218bb4dfd495,c_aebec4b75649,both,B,2026-08-17 17:08:26
i_18332fed29b6,c_4f5ee958b1dd,resource_card,B,2026-08-17 17:08:46
i_238fc0e0c443,c_0c5ebd832dc4,both,A,2026-08-17 17:09:58
i_18876b6582b9,c_7fd6f7b6f074,both,A,2026-08-17 17:12:03
i_e14c42b54fa2,c_1cf07a3fe362,both,A,2026-08-17 17:14:03
i_a2482a5312d9,c_22fafb4133b1,resource_card,B,2026-08-17 17:19:24
i_94ca7a703ad6,c_8b07a6b6176c,resource_card,A,2026-08-17 17:20:42
i_ca4b505d84a7,c_6a74518d5fbc,both,A,2026-08-17 17:22:45
i_1deffadbb84c,c_256014b58e08,resource_card,A,2026-08-17 17:25:23
i_7a2393761854,c_83f202cfa219,resource_card,B,2026-08-17 17:28:12
i_8e10c9908ca7,c_c9cc4ed894e9,both,B,2026-08-17 17:30:08
i_9bea827ec838,c_01499c2451e0,both,A,2026-08-17 17:30:37
i_eb3614eb8a13,c_badd1522ded1,resource_card,B,2026-08-17 17:31:24
i_aaef64363cb1,c_8f4f3a306c20,resource_card,A,2026-08-17 17:33:21
i_1962e96ba389,c_dd5516d95d1f,resource_card,B,2026-08-17 17:35:37
i_270430e1f4bb,c_a239b41452d9,both,B,2026-08-17 17:38:18
i_28ca38f26ab5,c_2e6301c688a4,resource_card,A,2026-08-17 17:44:30
i_7535b0746b21,c_9ff8f0019f7a,resource_card,A,2026-08-17 17:48:55
i_5f8b12bc876f,c_25e47a82b604,resource_card,A,2026-08-17 17:51:08
i_0cfc0b8444a9,c_fd9715f42c96,both,A,2026-08-17 17:52:32
i_42b0221f2a9e,c_76a2432435d3,both,B,2026-08-17 17:56:33
i_87227f5b77cb,c_cfe90ead67b7,resource_card,B,2026-08-17 17:57:18
i_4b1bc0c92374,c_a0c1fb31c67f,resource_card,B,2026-08-17 17:59:17
i_a8b7a932a5b5,c_9c460885960a,resource_card,A,2026-08-17 17:59:23
i_6736c4c98092,c_34f46414f396,resource_card,A,2026-08-17 17:59:32
i_cf0e45cd6c0d,c_954b1510db0f,resource_card,B,2026-08-17 18:03:41
i_15df77143228,c_6ba515078963,resource_card,B,2026-08-17 18:15:36
i_f0652d685a85,c_d049636b6bc9,resource_card,B,2026-08-17 18:21:11
i_6148531789fe,c_de81edb12b52,both,A,2026-08-17 18:22:47
i_f1bc44b5e54c,c_09575ac44a3a,both,A,2026-08-17 18:25:25
i_13bf72bc5db1,c_585359653619,resource_card,B,2026-08-17 18:27:14
i_3994574b8b49,c_973cd364746b,both,B,2026-08-17 18:27:24
i_95fcf18855c8,c_040218a11c75,resource_card,B,2026-08-17 18:35:18
i_069c450f84cb,c_32139672367f,resource_card,B,2026-08-17 18:41:14
i_7932e23838f4,c_fd63366ed6df,both,B,2026-08-17 18:43:20
i_8911cb711d99,c_e3bd89d2abeb,both,B,2026-08-17 18:43:30
i_faa583bf417c,c_58ce0bbbc511,both,B,2026-08-17 18:45:04
i_b19ebec79f0e,c_e1d80f158052,resource_card,A,2026-08-17 18:45:34
i_47ea7ea2df78,c_7f5d8971d393,both,B,2026-08-17 18:45:56
i_a500ddae68e1,c_081e36f215ff,both,B,2026-08-17 18:46:09
i_09d96aefe263,c_6880b73af1f2,resource_card,A,2026-08-17 18:46:19
i_f2324229c481,c_2f333c29b227,resource_card,B,2026-08-17 18:46:36
i_f48f521d8b1b,c_c3e8bbe9e054,both,A,2026-08-17 18:51:37
i_9b6365fd9000,c_eacda34a4a2f,resource_card,B,2026-08-17 18:53:34
i_a6172a23e82b,c_867658a9c9b9,resource_card,B,2026-08-17 18:55:05
i_cdb544e83f6f,c_a54bee6dd91e,resource_card,A,2026-08-17 19:06:46
i_3adc6fdc405c,c_64072df77437,resource_card,B,2026-08-17 19:16:38
i_69061aa6535a,c_ff732ed522b7,both,B,2026-08-17 19:18:01
i_84cf712f9b45,c_00da2ab8a4a9,resource_card,B,2026-08-17 19:20:21
i_77798bb625f4,c_c449464441c2,resource_card,A,2026-08-17 19:28:58
i_39cbb5b8ec01,c_b8426d9e8f10,both,A,2026-08-17 19:36:12
i_9afa9818918b,c_0fae0d209f57,resource_card,B,2026-08-17 19:37:58
i_ef33b9d8dfe4,c_810578e2f36a,both,A,2026-08-17 19:41:01
i_d4b5cf9b4e41,c_77c380a54715,both,B,2026-08-17 19:44:52
i_c3471ce35277,c_ec1813ebe84a,resource_card,A,2026-08-17 19:47:09
i_c27bff11c853,c_709c7d498f35,resource_card,B,2026-08-17 19:50:52
i_0ca395aea6db,c_71e17c181483,both,B,2026-08-17 19:51:15
i_98aa742a2f7d,c_bad9248fa0ad,resource_card,B,2026-08-17 19:59:54
i_c170fa146c72,c_405b00923efe,resource_card,A,2026-08-17 20:01:57
i_a2fa3e800647,c_79efc4a75515,both,B,2026-08-17 20:06:35
i_740c490939f4,c_6cf63880394d,both,B,2026-08-17 20:06:46
i_ed1d654c6435,c_ae16905ac74e,both,A,2026-08-17 20:17:09
i_e86b8766d38f,c_116ba83ac792,both,A,2026-08-17 20:18:05
i_eb2e477c0e7f,c_09d3d730d388,resource_card,A,2026-08-17 20:18:28
i_c6f83765e110,c_506e42678e2d,resource_card,B,2026-08-17 20:19:40
i_f2d2a60603b9,c_f93a79998b42,both,A,2026-08-17 20:22:57
i_2455ebf308f3,c_27bfc7b62f16,both,A,2026-08-17 20:26:56
i_ab8edd4569d4,c_7cf1c65dfa9f,resource_card,B,2026-08-17 20:34:49
i_2d15b3bb4efd,c_c55494aeb3d1,resource_card,B,2026-08-17 20:35:16
i_5660e7b6c575,c_bbc587743764,both,A,2026-08-17 20:40:57
i_371042e56e3f,c_12a729939b89,both,B,2026-08-17 20:44:49
i_d2ce69d0da71,c_116eae478486,resource_card,A,2026-08-17 20:44:45
i_0dc051665d08,c_491c384c6dde,resource_card,A,2026-08-17 20:48:40
i_dea6d0b3f0ab,c_b076d5112bd8,both,A,2026-08-17 20:49:11
i_d0dc80e66565,c_3612147b97d7,resource_card,B,2026-08-17 20:50:12
i_7587a8255cbf,c_70bc3f675880,resource_card,A,2026-08-17 20:50:27
i_7d28da87893c,c_6e0076d32686,resource_card,A,2026-08-17 20:51:00
i_01e9ee4c3887,c_8bb7077b03c9,resource_card,B,2026-08-17 20:54:25
i_3ba10d7764b8,c_cc02c54c8c5d,both,B,2026-08-17 20:55:31
i_04720ab3c1d4,c_bacc6eb56e2b,resource_card,B,2026-08-17 20:59:08
i_35db296e7a67,c_8e4f88919bb4,both,A,2026-08-17 21:01:10
i_616ae6dee34b,c_5aa01a5de226,resource_card,A,2026-08-17 21:02:02
i_e1a9275edf65,c_d86b8f0a18d8,resource_card,A,2026-08-17 21:03:09
i_09af4bb488a9,c_a8584f2553f6,resource_card,A,2026-08-17 21:03:32
i_8545a0cde662,c_0a44fdee0ebb,both,B,2026-08-17 21:03:32
i_f5553648cdd2,c_85abf0e92de4,both,A,2026-08-17 21:04:44
i_c0a00018c115,c_f63f6cfd2391,resource_card,B,2026-08-17 21:05:02
i_38213449ffad,c_e39b26f25dfa,both,A,2026-08-17 21:06:26
i_823f3314beb7,c_bd464f2574d1,resource_card,B,2026-08-17 21:06:39
i_77f8826b518a,c_fbc2dba2c9c1,resource_card,B,2026-08-17 21:07:11
i_9b91509f4442,c_f79b7f0e37f2,resource_card,A,2026-08-17 21:10:52
i_443388a44358,c_10d69643d891,resource_card,B,2026-08-17 21:20:06
i_d2c58641a2b9,c_ae582edaf4c7,resource_card,B,2026-08-17 21:21:12
i_9edf7c88fb52,c_d115be9fa0f9,both,B,2026-08-17 21:25:16
i_dd5a0f19d363,c_82050681f8d4,resource_card,A,2026-08-17 21:41:57
i_40782391793e,c_7af7e5daa92f,both,B,2026-08-17 21:52:48
i_9f96719b9867,c_3268ab914e6e,resource_card,A,2026-08-17 22:03:52
i_918ea4101172,c_cc9fa3ee28c8,resource_card,A,2026-08-17 22:10:32
i_7718280cfc9a,c_3a30a259dca1,resource_card,B,2026-08-17 22:14:46
i_8e716a63e548,c_49830cddd17d,both,B,2026-08-17 22:15:14
i_0ffce749bbf3,c_2fb8c0c92515,both,B,2026-08-17 22:16:21
i_66af65f9a8ff,c_8fe2328314da,both,A,2026-08-17 22:23:05
i_5ff469dd87af,c_d2ba813a226c,resource_card,A,2026-08-17 22:24:30
i_6379fa70535a,c_01a2cb625399,both,B,2026-08-17 22:25:22
i_aa879cdd9eb3,c_7707ec256b30,resource_card,A,2026-08-17 22:26:51
i_c7ab0a1592e5,c_d7d9cde167e1,resource_card,B,2026-08-17 22:28:22
i_05ea32d51ded,c_d57cee3f60c4,resource_card,A,2026-08-17 22:29:10
i_45cf8f04a452,c_3c4f05be61f8,resource_card,A,2026-08-17 22:29:54
i_b1bf4730a6f3,c_dcedd59a7f88,both,A,2026-08-17 22:34:13
i_f31d5ffbc4f0,c_bf8ff00da407,both,B,2026-08-17 22:36:13
i_f027a5ac23f0,c_c3d778a1bcbc,both,A,2026-08-17 22:36:32
i_fff7c3f37b54,c_4dc8a93d3ad5,resource_card,B,2026-08-17 22:42:12
i_8e32855069a4,c_e405838fc8bb,resource_card,B,2026-08-17 22:48:39
i_1aae50e2bed7,c_4eb787b06154,both,A,2026-08-17 22:52:42
i_2a7504e9c424,c_705d02a12cbc,resource_card,A,2026-08-17 22:53:22
i_633204b5c93d,c_d1bef5f9cc44,both,A,2026-08-17 22:55:42
i_605ed061296a,c_eb772c0953ed,resource_card,B,2026-08-17 23:06:06
i_0ffe7cfff1cb,c_e5a4bc18c210,both,A,2026-08-17 23:12:36
i_98e24ec82cd0,c_f988d187e78b,resource_card,B,2026-08-17 23:21:02
i_747d1193ac0a,c_115f3683cfce,resource_card,A,2026-08-17 23:21:56
i_a503090687c7,c_ed4a8d6a70e3,resource_card,B,2026-08-17 23:33:51
i_7fbb42bd83cd,c_fa8fa71a4ae7,resource_card,B,2026-08-17 23:37:49
i_1aeeb50587c0,c_c03498fb340a,resource_card,A,2026-08-18 00:14:03
i_a33ae92f4195,c_02614106a24d,resource_card,B,2026-08-18 00:51:27
i_9d386979b83b,c_fcc555dac2e2,resource_card,A,2026-08-18 00:53:02
i_c8d74c9ecd4a,c_c1be4fa65fe1,resource_card,B,2026-08-18 00:56:38
i_b8394c85ac94,c_9d3997d71412,both,A,2026-08-18 00:57:45
i_e4bb1bf665a2,c_fc2b1306c6a2,resource_card,A,2026-08-18 00:58:05
i_9e5b5eb6bf3b,c_2b6d46c2cf43,both,B,2026-08-18 01:24:37
i_81dea9c2b123,c_776dce3fcf14,both,A,2026-08-18 01:35:28
i_69147a54b5fd,c_5ba6a12390a6,resource_card,A,2026-08-18 01:42:31
i_ead499be88dd,c_280f91a80733,resource_card,B,2026-08-18 02:34:24
i_5885d2c06267,c_699bc6a1e746,resource_card,A,2026-08-18 02:38:21
i_92b9668aa3a5,c_7708a4f20b8f,both,B,2026-08-18 03:26:49
i_a084bcd1e46e,c_bdb7dbc52eda,resource_card,A,2026-08-18 03:42:35
i_de7bd6c5df30,c_3cda4b64fa01,both,B,2026-08-18 04:27:55
i_ed9c7dda30e6,c_f9faa319b323,resource_card,B,2026-08-18 05:17:35
i_86f1662bfd2e,c_e53e31dfbb28,resource_card,A,2026-08-18 05:24:43
i_62aab33f6908,c_0512c379e1e6,both,A,2026-08-18 05:27:36
i_506a615a613c,c_21ec95daa952,both,A,2026-08-18 05:28:54
i_da50f740f1fd,c_abc08af2d9f8,both,A,2026-08-18 05:38:54
i_9152f1213366,c_473e4686b004,resource_card,A,2026-08-18 05:54:04
i_7f8009da5113,c_e754f718c5f8,both,A,2026-08-18 06:22:39
i_3721017691ab,c_070c42d39caa,resource_card,A,2026-08-18 06:28:05
i_a3365bce2241,c_d6f319cd641a,both,A,2026-08-18 07:06:05
i_f61938fad36f,c_570b1d556327,both,B,2026-08-18 07:32:22
i_d910b3bf3530,c_d78f12c7041d,both,B,2026-08-18 07:32:45
i_c610a18d4650,c_4ee162646d42,resource_card,A,2026-08-18 07:32:51
i_97140d8cf8ee,c_7519d94a1616,resource_card,A,2026-08-18 07:35:45
i_87987d51490b,c_57677afa8945,resource_card,B,2026-08-18 07:40:54
i_8acd94c0993b,c_fa88037b2bd9,resource_card,B,2026-08-18 07:47:26
i_07aa707e44f5,c_ad080ebee569,resource_card,B,2026-08-18 08:01:34
i_18832891ab64,c_3856c58e6e10,resource_card,A,2026-08-18 08:02:09
i_f7f41c9f4d32,c_0bc0d58a779a,resource_card,A,2026-08-18 08:07:49
i_8c5e32538a18,c_c0825f0547a2,both,A,2026-08-18 08:10:04
i_a2eaac7a949e,c_26ef696e964f,both,B,2026-08-18 08:25:06
i_3802f34b6ff3,c_ac8959584962,resource_card,A,2026-08-18 08:27:46
i_74f791695901,c_c8de4d427bfe,resource_card,A,2026-08-18 08:36:54
i_87082418f655,c_c348251d22f4,both,A,2026-08-18 08:38:10
i_58ab8e0e2a91,c_e142c868f5a9,both,B,2026-08-18 08:43:52
i_ba61ca6ee46b,c_f70a537af75a,resource_card,A,2026-08-18 08:53:21
i_e01c9bdb5984,c_ee3084a1f224,both,A,2026-08-18 08:57:55
i_ce0632cc7319,c_e99c44b455df,both,B,2026-08-18 09:01:06
i_2b4ab1984277,c_2560dd689532,resource_card,A,2026-08-18 09:06:56
i_5817b6587516,c_d7c00b841f22,both,A,2026-08-18 09:14:53
i_d91a2a48b4c4,c_b2c62146d749,resource_card,B,2026-08-18 09:17:42
i_65125714d1f1,c_056a544b8b0f,resource_card,B,2026-08-18 09:19:42
i_9b7672f12970,c_b86dcf12e176,resource_card,A,2026-08-18 09:26:47
i_f81cf019f7da,c_0836ea2e51b8,resource_card,A,2026-08-18 09:38:12
i_7d8c254210da,c_8fb03acaaffd,both,B,2026-08-18 09:39:46
i_7b84863aceec,c_aa5f1757d156,both,A,2026-08-18 09:42:01
i_6b125f70fff8,c_21c9f5eb23f6,resource_card,A,2026-08-18 09:42:28
i_30a719aeae9c,c_b664c042079e,resource_card,A,2026-08-18 09:58:30
i_e363edb812d7,c_3eaf498c6191,both,B,2026-08-18 10:02:25
i_d41e287a6454,c_f510c1c0fc75,resource_card,B,2026-08-18 10:09:26
i_bdf5896ae0ba,c_ed001e016858,both,A,2026-08-18 10:09:49
i_23e724a5b66f,c_f6cca38a8112,resource_card,A,2026-08-18 10:16:15
i_de88bec6fd2e,c_12d82ae08657,resource_card,B,2026-08-18 10:22:26
i_ddf6d9548a44,c_804b19d4fc77,both,B,2026-08-18 10:28:56
i_f98df5de36fb,c_565fdb8b8bc7,both,B,2026-08-18 10:29:14
i_8ed5642a476a,c_219ec5420798,both,A,2026-08-18 10:35:09
i_cae5ae2e08b1,c_6d06983a879b,both,B,2026-08-18 10:53:02
i_7ec06193b4cc,c_932709fb0611,both,B,2026-08-18 11:05:03
i_d516eb59da68,c_89bbde0769ed,both,B,2026-08-18 11:24:15
i_82100b96006c,c_2d11d1c6950e,resource_card,A,2026-08-18 11:24:17
i_fd6dda9372a1,c_b460f8c2ccdb,both,B,2026-08-18 11:25:05
i_5cc5d3471300,c_c936455076e4,both,A,2026-08-18 11:25:43
i_a95f5420b697,c_7faf2df47196,resource_card,A,2026-08-18 11:31:19
i_57fb025a8390,c_2679c2021895,both,B,2026-08-18 11:31:59
i_5ccd0c0e5716,c_e240852b4d80,both,A,2026-08-18 11:37:33
i_21f64539c43d,c_bd839a689800,resource_card,A,2026-08-18 11:38:08
i_89b317d59795,c_534cb66ced05,both,B,2026-08-18 11:42:21
i_3df04edfc640,c_37fae9358336,both,A,2026-08-18 11:47:06
i_24946b114a86,c_5d172b0f386d,resource_card,B,2026-08-18 11:56:34
i_eee0d3b627ae,c_84bf5f815e59,resource_card,B,2026-08-18 11:58:36
i_becf5a3af6d7,c_4c0aa1007822,both,A,2026-08-18 12:05:00
i_efec7356f5e0,c_095739cca486,both,A,2026-08-18 12:05:46
i_1d26133df907,c_33e19fed6289,resource_card,B,2026-08-18 12:06:15
i_0ce9905ce5a7,c_e865c9dbef8a,resource_card,A,2026-08-18 12:07:06
i_415f3cd87783,c_0364f21c7042,both,A,2026-08-18 12:08:03
i_9a50856ee5f3,c_b4f9501441e2,both,A,2026-08-18 12:10:55
i_544a32b04fd7,c_e01ce8c3a7d7,resource_card,B,2026-08-18 12:14:36
i_1531491050b4,c_dc74408b0dbe,both,A,2026-08-18 12:18:46
i_4208072248cf,c_fd41ab640cf5,resource_card,B,2026-08-18 12:20:06
i_e95943feb32b,c_0d3d0acc2c15,resource_card,B,2026-08-18 12:22:12
i_ce9dfecf82cc,c_deeccf045653,resource_card,B,2026-08-18 12:25:49
i_da3f5206f2f6,c_87e98c4872ad,both,B,2026-08-18 12:28:42
i_2e82d644c815,c_2e53e1ebb1c7,both,B,2026-08-18 12:32:38
i_578286585fc9,c_3631fdfcdb9b,resource_card,B,2026-08-18 12:40:18
i_9fb53f564474,c_772b3dc4ee50,resource_card,A,2026-08-18 12:48:45
i_7921ce937e6e,c_2277388f025f,both,B,2026-08-18 12:58:00
i_a6a1a1ac37d8,c_dd824da733c4,both,A,2026-08-18 13:02:53
i_a541dea27ef1,c_5b2ced34bc05,both,B,2026-08-18 13:05:25
i_74849a5edfc8,c_2232a50ae0b6,resource_card,A,2026-08-18 13:21:52
i_cf2a9f5b6b17,c_f5ffe1700a63,both,B,2026-08-18 13:24:18
i_61277dc06590,c_7e033dceb34b,resource_card,B,2026-08-18 13:29:15
i_43169b23fd76,c_03ce4d92d3ed,both,B,2026-08-18 13:29:56
i_376724d0f603,c_12a1c971062c,resource_card,A,2026-08-18 13:36:00
i_4c192fdf3147,c_99476911a58f,resource_card,B,2026-08-18 13:47:27
i_ac75d9e348dc,c_54f617c33371,both,B,2026-08-18 13:52:14
i_2aae753e6d96,c_69fd46643c46,both,A,2026-08-18 13:54:12
i_5c7f79253fba,c_8d075db65d7e,both,A,2026-08-18 14:05:38
i_02dfa008c6ab,c_bea677a22599,resource_card,B,2026-08-18 14:09:17
i_db5b164599e2,c_bc8d6320269f,resource_card,B,2026-08-18 14:11:26
i_0fc6a6111394,c_b671cbdf7920,both,A,2026-08-18 14:11:40
i_1afcf13df250,c_b29409251c0d,both,B,2026-08-18 14:16:44
i_7d16cdf6ea5e,c_1035c3554b11,resource_card,B,2026-08-18 14:26:05
i_0c3d31e9150c,c_449edc0019a0,both,A,2026-08-18 14:28:25
i_521c57f0b5e3,c_f1f4354e8b52,resource_card,A,2026-08-18 14:33:52
i_8c37c697391c,c_e0413f093d74,resource_card,A,2026-08-18 14:37:38
i_417a8d233343,c_bd090e49f8a4,resource_card,A,2026-08-18 14:42:46
i_8f866d3d04fe,c_84cb7c73d495,both,B,2026-08-18 14:48:01
i_4f6c85424ffb,c_409e49fd46a8,resource_card,A,2026-08-18 15:00:13
i_971469162b9a,c_9ca6d237ef5a,both,A,2026-08-18 15:06:52
i_0d8c2d984f0b,c_c14f93c98b37,resource_card,B,2026-08-18 15:25:21
i_707fa3f2787b,c_f5197f4f667e,both,A,2026-08-18 15:26:13
i_2a59093bb78d,c_3a6df574e643,both,B,2026-08-18 15:41:12
i_ea49c76e1bbe,c_a33707e6d589,resource_card,B,2026-08-18 15:45:17
i_18706aa58f3c,c_bb6b6002f484,resource_card,A,2026-08-18 15:58:56
i_dce325491c9a,c_6e879e8f3fad,both,B,2026-08-18 16:01:57
i_32a568d307b5,c_32459409612e,resource_card,A,2026-08-18 16:09:56
i_d0fddf45170a,c_ebcb09e065a4,resource_card,A,2026-08-18 16:15:42
i_45a126893649,c_27b2f3621d00,resource_card,A,2026-08-18 16:20:40
i_e70aac37df30,c_032c577ec51c,resource_card,A,2026-08-18 16:21:58
i_54a9818cffda,c_545c06ccecb5,resource_card,B,2026-08-18 16:22:36
i_b8d08d01da53,c_dfee5b884f07,both,B,2026-08-18 16:25:52
i_fa02db08ecaa,c_2cc9ad299a2d,both,B,2026-08-18 16:32:13
i_7ba189788093,c_1e353e4abc14,both,A,2026-08-18 16:34:55
i_599ab4826328,c_fc6754bea18e,resource_card,A,2026-08-18 16:44:51
i_9c1afaa4ccc5,c_5261a39adc21,resource_card,B,2026-08-18 16:50:58
i_66dac0c9b958,c_9317043b46e1,resource_card,B,2026-08-18 16:57:26
i_b67ce3a2d64e,c_053f28d4697c,both,A,2026-08-18 17:13:57
i_ba2121feefa7,c_74216ff4256b,both,B,2026-08-18 17:15:28
i_807350784baf,c_c0c3b226b2b5,resource_card,B,2026-08-18 17:16:42
i_0b3cfc398be6,c_764a11994845,both,B,2026-08-18 17:29:42
i_806093ba5025,c_7173e61feeca,both,A,2026-08-18 17:30:46
i_fbc230702937,c_23e5927b30b0,resource_card,A,2026-08-18 17:35:56
i_adcad71f996f,c_fb1851df5ce6,both,A,2026-08-18 17:36:17
i_c89f7c42127e,c_c1ab8789381e,resource_card,A,2026-08-18 17:37:52
i_46ebe704ef7b,c_603b3e5e4eef,both,B,2026-08-18 17:38:39
i_df2bb1e77f4c,c_482326ccf8fe,resource_card,A,2026-08-18 17:44:45
i_de3ac5ca77e9,c_739d0885aa44,both,A,2026-08-18 17:48:46
i_546c7834d5f2,c_85ad6ee4c3a8,resource_card,A,2026-08-18 17:50:13
i_4dfc55b75fdb,c_d6ee7d469675,resource_card,B,2026-08-18 17:51:06
i_7c6aeb85fe37,c_0e2566e8cc5f,both,B,2026-08-18 18:02:22
i_37630302fd9b,c_176158833ddf,resource_card,B,2026-08-18 18:07:41
i_cabe35929c38,c_ff1edfb9cee2,resource_card,A,2026-08-18 18:11:20
i_0a61369d3a25,c_16a4cc75eb54,both,A,2026-08-18 18:11:26
i_60e9d8e8d7ea,c_5f3cf36985c9,both,B,2026-08-18 18:20:42
i_c50c403bd318,c_8d02af147389,resource_card,B,2026-08-18 18:24:06
i_95ceab1c40d5,c_9989dd877e00,both,A,2026-08-18 18:24:50
i_8102e4d44639,c_bc935a827d28,both,A,2026-08-18 18:33:03
i_5c28e4f0631f,c_4d206a763476,both,A,2026-08-18 18:35:28
i_7f0d87674c21,c_c132baca7a13,resource_card,B,2026-08-18 18:36:44
i_926bc59edf7d,c_362d28785245,both,B,2026-08-18 18:43:55
i_b1fb5fbc62d1,c_f79b15263ddd,both,B,2026-08-18 18:57:49
i_d1851f0996f1,c_891bd2f92ce6,resource_card,A,2026-08-18 18:58:18
i_cef0407bffd9,c_905280e68da3,both,B,2026-08-18 19:01:02
i_432ac9937307,c_8fcae5584d36,resource_card,A,2026-08-18 19:14:42
i_e85ef4cab138,c_ced306ef8a6c,resource_card,A,2026-08-18 19:15:12
i_910f5c5307cc,c_ee7ba64b1629,resource_card,B,2026-08-18 19:17:29
i_40d3a19a0998,c_2a987721671d,resource_card,B,2026-08-18 19:24:12
i_5ec8edde42fe,c_65c0b8d604f2,resource_card,A,2026-08-18 19:26:55
i_6be374fa5b56,c_fa0d2f14b8c7,resource_card,B,2026-08-18 19:30:38
i_a5722d82e3c7,c_d3e2bc13a785,resource_card,B,2026-08-18 19:31:41
i_49f2dfb847eb,c_2b1c2d683ec4,both,A,2026-08-18 19:33:39
i_168d86762f51,c_26e8c2538ece,both,A,2026-08-18 19:40:00
i_fdbae290c0f8,c_1e1cf55f14a5,resource_card,B,2026-08-18 19:44:15
i_26570a0e8b39,c_5622985baac7,resource_card,B,2026-08-18 19:49:07
i_2482a97b97b3,c_0d5cca0a3243,resource_card,B,2026-08-18 20:00:44
i_73b51f83bc5e,c_9373e123a275,resource_card,B,2026-08-18 20:02:28
i_41406d7debc6,c_6d9b2f3dd6e2,resource_card,A,2026-08-18 20:03:47
i_bfe7a7a77caa,c_8742c010a8e2,both,A,2026-08-18 20:06:05
i_6f75e5329c65,c_b5e7628f18ff,both,B,2026-08-18 20:06:44
i_315214005c0e,c_c07ae02873b3,resource_card,B,2026-08-18 20:12:15
i_969458b3d60d,c_c11d5ef18de2,resource_card,A,2026-08-18 20:12:32
i_19608ec685c4,c_95fc17a76bbc,both,A,2026-08-18 20:21:33
i_9f03974cf310,c_b68cedf6b252,resource_card,A,2026-08-18 20:23:32
i_f2228dae253d,c_aec716e96ce8,both,A,2026-08-18 20:25:00
i_6b515c970691,c_f8a3ddfcaa0f,resource_card,B,2026-08-18 20:25:02
i_958e0a0856b1,c_2a79c4b1eb74,both,A,2026-08-18 20:25:41
i_f73706649108,c_61d772386421,resource_card,B,2026-08-18 20:26:25
i_bb7be12804cc,c_ca3e050dc4e0,both,A,2026-08-18 20:34:52
i_8323890d8934,c_493bc33e8e60,resource_card,A,2026-08-18 20:38:39
i_95afd63d7dbe,c_cfaa55dd91f0,both,A,2026-08-18 20:39:03
i_ea2a9d8e0157,c_cbc809132700,resource_card,A,2026-08-18 20:44:35
i_4150db785b1e,c_2a2c84ba588c,resource_card,A,2026-08-18 20:46:18
i_7cf2edca54d4,c_9a735d82efc4,both,A,2026-08-18 20:46:46
i_1e7c3550c755,c_afea1232d8b5,both,B,2026-08-18 20:48:06
i_a46d6eca80f9,c_43d96094d487,both,B,2026-08-18 20:48:40
i_2261bd22e84f,c_a0b694fa741f,both,B,2026-08-18 20:51:18
i_1476bbe08902,c_7d5dd232b636,both,A,2026-08-18 20:54:56
i_fc4c28634fa5,c_cb550061a2e5,both,B,2026-08-18 20:58:12
i_79d12beb2234,c_00baa37aa029,resource_card,B,2026-08-18 21:07:08
i_9dc41d06231c,c_9b42a6a775d2,both,A,2026-08-18 21:12:54
i_b6f5f349affc,c_99112b045648,resource_card,A,2026-08-18 21:14:21
i_a831355453a4,c_eaa85ac58e00,resource_card,A,2026-08-18 21:16:52
i_8a2c90dcd6a3,c_e960700dbc53,both,B,2026-08-18 21:18:17
i_1c28ca50629b,c_d52948dbed14,both,A,2026-08-18 21:19:51
i_2daac6c1c6d8,c_dd96fd6b2b52,both,A,2026-08-18 21:21:22
i_fc64d6c957d3,c_f4036c6621b9,both,B,2026-08-18 21:22:45
i_dce69fc95682,c_aeed24135e74,both,A,2026-08-18 21:23:55
i_21a527a0c4b3,c_d41fa890c694,resource_card,A,2026-08-18 21:25:53
i_784d900de7d2,c_65787bc030bb,both,B,2026-08-18 21:39:13
i_333cf0fe4ef8,c_92d4461c7bd7,both,B,2026-08-18 21:52:09
i_54f580e7ea54,c_76ac5a3f3e25,resource_card,B,2026-08-18 21:53:41
i_3bc676417ecc,c_dcc74dac89ab,resource_card,B,2026-08-18 21:59:59
i_a132a849d22a,c_dee84403f91d,both,B,2026-08-18 22:07:28
i_ba4b74e08e73,c_14e1a3e15457,both,B,2026-08-18 22:10:17
i_f64e03b15a37,c_5c9c8160a179,resource_card,B,2026-08-18 22:13:49
i_11a1b8b1bfb4,c_2cf1e5b95cfc,both,A,2026-08-18 22:20:15
i_8494ad11ab84,c_b54c6a899845,resource_card,B,2026-08-18 22:22:10
i_026e59878b1d,c_e00a35545fd5,resource_card,B,2026-08-18 22:27:00
i_b678f2445ff3,c_e38ec09d30d4,resource_card,A,2026-08-18 22:31:49
i_800601ac1135,c_85f95e8d6726,resource_card,A,2026-08-18 22:32:25
i_835a27f8de9a,c_99ccd8dfaf89,both,B,2026-08-18 22:44:24
i_8d32fe2f7de9,c_e977fa129523,resource_card,B,2026-08-18 22:50:04
i_00decf4b39d5,c_3e85c893e027,both,B,2026-08-18 23:04:12
i_cf6852415efa,c_d87e2a119b60,both,A,2026-08-18 23:10:14
i_36d37386603b,c_8ab5fe3f6938,both,A,2026-08-18 23:10:40
i_e57a03fb7d80,c_165ab169cc5b,both,B,2026-08-18 23:29:09
i_556e33bd9932,c_e73be704a945,both,B,2026-08-18 23:30:27
i_937a9f8d64b8,c_0133aef325ea,both,A,2026-08-18 23:31:30
i_b6f8c3bfca93,c_6cb752e083ac,both,A,2026-08-18 23:37:43
i_1133954eb387,c_e8c5cac96131,both,B,2026-08-18 23:37:55
i_f0e7a3b773dc,c_5e136be853f2,both,A,2026-08-19 00:20:58
i_ea2d8a767f45,c_a4044adf27b7,resource_card,B,2026-08-19 00:37:26
i_928f963aca4f,c_ee60f4269439,resource_card,B,2026-08-19 00:47:47
i_4c2e8021484e,c_0fc272092c50,resource_card,A,2026-08-19 00:50:19
i_1698cea39555,c_a612f70d5943,both,B,2026-08-19 00:53:51
i_1304d8b4a139,c_31602cbf14ef,resource_card,B,2026-08-19 01:18:36
i_51e8237e0a01,c_2ebce9d42e6a,both,A,2026-08-19 01:25:53
i_93f2fe9d151b,c_4d78b2ab9f47,both,B,2026-08-19 01:37:41
i_0fb6e7d6a674,c_eae82a9b9ad1,resource_card,B,2026-08-19 02:15:13
i_888a3ea0767f,c_8eacc97decb1,resource_card,B,2026-08-19 02:20:51
i_aec6c7e224c1,c_8074b9bbce91,both,B,2026-08-19 02:55:27
i_8b39a24391e9,c_eaeacf482db3,resource_card,B,2026-08-19 03:03:01
i_39d1edf73708,c_dc02db8cbe9c,both,A,2026-08-19 03:34:55
i_68b71a8f488a,c_aead5673d0c0,resource_card,A,2026-08-19 04:11:16
i_5c4baf29bbcd,c_59744018204b,both,B,2026-08-19 04:24:36
i_87fb55cc7448,c_8ab45e8a88a4,both,A,2026-08-19 04:41:49
i_c40fdd2afd43,c_86b230146a04,resource_card,A,2026-08-19 05:34:23
i_186c6e751fac,c_c4e833e12262,resource_card,A,2026-08-19 06:07:16
i_a54fc667d10b,c_15726fd7b3f0,resource_card,A,2026-08-19 06:08:12
i_17d691cb926b,c_de690b860bd6,resource_card,A,2026-08-19 06:34:52
i_438cd9aae628,c_2a4e811e680c,resource_card,A,2026-08-19 07:03:12
i_18f94751af68,c_26ff1bd77081,both,B,2026-08-19 07:36:29
i_576875fba648,c_dc6b93a17f09,both,B,2026-08-19 07:39:01
i_6282a2ddbf50,c_ae422497dc75,resource_card,B,2026-08-19 07:39:00
i_f6f103b4ac60,c_3ff53f9740be,both,A,2026-08-19 07:55:26
i_b0f4ddc6b070,c_3c614426d297,resource_card,B,2026-08-19 08:09:17
i_2b92d767fd37,c_c7b134589a7c,both,A,2026-08-19 08:10:46
i_37e0470576d9,c_956a941565f7,resource_card,B,2026-08-19 08:13:47
i_63df07d9b51a,c_f7f014e7d581,both,B,2026-08-19 08:17:33
i_f30b0155fdad,c_9ca07d58d217,both,B,2026-08-19 08:22:35
i_080730c772a6,c_47be6b0746f8,resource_card,A,2026-08-19 08:28:42
i_53d37062b4cb,c_fab762805f45,resource_card,B,2026-08-19 08:32:04
i_50821bf4600c,c_c5b5090cac73,resource_card,B,2026-08-19 08:38:15
i_5868fef4331b,c_317f807fccc8,both,A,2026-08-19 08:49:25
i_ad91f92c1593,c_d303c87c4341,resource_card,B,2026-08-19 08:49:33
i_f620b01210f5,c_8694a8678200,both,A,2026-08-19 08:49:51
i_11f3a575e251,c_f72c21d3ef1b,both,B,2026-08-19 09:12:54
i_86c100bd672d,c_291aa669af2f,resource_card,B,2026-08-19 09:15:10
i_4367c34ee72d,c_210fbc7588d6,resource_card,A,2026-08-19 09:21:50
i_5cdd44a80aaf,c_e6480e6c54ac,both,A,2026-08-19 09:26:20
i_c992239dca48,c_c8085b52c20f,resource_card,B,2026-08-19 09:43:36
i_654e5c06183a,c_67d22c755458,resource_card,A,2026-08-19 09:44:15
i_b19b156b1b28,c_331b71cebc87,resource_card,B,2026-08-19 09:49:30
i_c25c17224b46,c_22d70061b625,resource_card,B,2026-08-19 09:51:14
i_620e4789f163,c_7bd651fb292c,both,A,2026-08-19 09:53:10
i_3564b76181d5,c_9cd8e7d6c5ae,both,A,2026-08-19 09:56:04
i_6d20f836006e,c_07266dacb4f4,resource_card,A,2026-08-19 09:58:08
i_2ea940624155,c_472d39949c04,both,A,2026-08-19 09:58:11
i_c5236b5c6648,c_3bf6efe5b3fb,resource_card,B,2026-08-19 09:58:10
i_914c782f880c,c_7ad31650b96b,both,B,2026-08-19 10:02:14
i_18b2643b7bd9,c_91a2cf09c9ab,both,B,2026-08-19 10:09:40
i_231cdd04aa19,c_3ff7bd996c20,resource_card,A,2026-08-19 10:14:56
i_de73cc1dcf23,c_57e372372ad6,resource_card,A,2026-08-19 10:21:24
i_b41aee84cdaf,c_a8f2075481d3,resource_card,B,2026-08-19 10:28:20
i_cc002b38dadb,c_98b4cd7f9c54,resource_card,A,2026-08-19 10:36:27
i_c4e5a6519306,c_80ecc6c5d5e5,both,B,2026-08-19 10:36:53
i_e6ab9b8a6188,c_c6e01e4ca1d4,resource_card,A,2026-08-19 10:41:24
i_d271adf23b4c,c_85824a5319d7,both,B,2026-08-19 10:51:31
i_2e181175463b,c_f044d3ba3843,both,B,2026-08-19 10:57:19
i_3dc6a841fbaa,c_61a3f4e2bcc8,both,A,2026-08-19 11:03:48
i_d2e549de9794,c_5239fd264631,both,B,2026-08-19 11:08:46
i_5e06ff4c6a07,c_5fb2a477fc66,both,A,2026-08-19 11:14:53
i_a4bf64818d84,c_bff9d8e567a0,both,A,2026-08-19 11:15:36
i_4a35c7b923be,c_82ea0d5a145e,resource_card,A,2026-08-19 11:22:27
i_183bd9936499,c_310ba8678b4c,resource_card,A,2026-08-19 11:30:36
i_897c05b4532d,c_a77e319849ac,both,A,2026-08-19 11:31:44
i_e302eaf38ade,c_1c000ec127d9,both,B,2026-08-19 11:49:05
i_e06e172a5273,c_a74a6e5c621a,resource_card,A,2026-08-19 12:04:13
i_b3dccb6d4862,c_29bcdb9944ec,resource_card,A,2026-08-19 12:06:45
i_c524309f7c55,c_0d26ea5f2489,resource_card,B,2026-08-19 12:07:18
i_0b250bb414bf,c_fba066ddae98,resource_card,A,2026-08-19 12:10:00
i_3c3288cfc3e2,c_92866f83dd7e,both,A,2026-08-19 12:10:19
i_ccfaa3a5e70f,c_4ebb0fd39307,both,B,2026-08-19 12:25:54
i_f10557b338f9,c_f6deee6d74eb,both,B,2026-08-19 12:52:29
i_51c22e7f0b31,c_3cfe71e556d4,both,A,2026-08-19 13:00:05
i_01cdb896bb2c,c_efdf7180f46c,resource_card,A,2026-08-19 13:00:15
i_b177d084dd9a,c_4a0471b87b16,resource_card,A,2026-08-19 13:00:41
i_0d4809158bf6,c_cd01e79a1dc2,both,A,2026-08-19 13:03:48
i_8aa55ccead71,c_26ce7e59434a,both,A,2026-08-19 13:06:38
i_e74cd76f8542,c_e2cbcdda8375,resource_card,B,2026-08-19 13:09:03
i_8e76b17a8712,c_aa5a2ed30448,resource_card,A,2026-08-19 13:09:24
i_00d652769570,c_1fd3eacda602,both,A,2026-08-19 13:10:07
i_d246c51f2e00,c_0c3185443bc6,resource_card,A,2026-08-19 13:14:36
i_8b0e28a5a368,c_dea1583a1227,both,B,2026-08-19 13:20:24
i_c664bff1c408,c_3628a4855bb0,resource_card,A,2026-08-19 13:25:24
i_af838789e27f,c_ceffc42e8c21,resource_card,B,2026-08-19 13:30:21
i_1d8e36b6aac8,c_2494986fb77b,both,B,2026-08-19 13:33:26
i_56bd2a4022cf,c_539d6a7344f6,resource_card,A,2026-08-19 13:48:24
i_1ce4fb480e3b,c_ac7db8c4497c,both,A,2026-08-19 13:53:00
i_dacf0928fce3,c_05ee064680b2,resource_card,A,2026-08-19 13:57:28
i_490ff55b7c31,c_9954b73627a6,resource_card,A,2026-08-19 14:00:33
i_487cdc5af87d,c_638c93f2539a,both,A,2026-08-19 14:00:48
i_ab5937d42636,c_0aa887826742,both,A,2026-08-19 14:02:36
i_97088801cca8,c_16704a18e303,resource_card,B,2026-08-19 14:06:36
i_54d89c823342,c_e8611a4b224c,both,A,2026-08-19 14:09:31
i_dba216b9dcde,c_6f6872e7a20c,resource_card,A,2026-08-19 14:11:34
i_c48121ca0abb,c_b09ed3f775ae,resource_card,A,2026-08-19 14:13:56
i_31031b7273f9,c_809197049349,resource_card,B,2026-08-19 14:28:53
i_396e24a49d47,c_2fb3bb9e7e84,resource_card,A,2026-08-19 14:30:59
i_06e95deb1bde,c_32575132f33e,both,A,2026-08-19 14:39:09
i_0f482a6c0756,c_a12c0f07a2bd,both,B,2026-08-19 14:42:35
i_9cf007df2156,c_8677fe2374ed,both,B,2026-08-19 14:48:37
i_27929980e2d3,c_04ccb649b598,both,A,2026-08-19 14:52:07
i_e0dc6f85d7e2,c_288ed019f166,both,A,2026-08-19 14:54:04
i_72f3c0ac47fe,c_5e5bdb9c201a,both,A,2026-08-19 15:00:25
i_0b8adb8e2c7a,c_ba529475f024,both,A,2026-08-19 15:03:15
i_0a37ee664321,c_0525f6e65f41,resource_card,B,2026-08-19 15:15:32
i_881c1d95a4a9,c_ad0dacb01303,both,B,2026-08-19 15:26:30
i_4e1d960b7166,c_9b9846dda7ba,both,A,2026-08-19 15:26:48
i_430eb464d241,c_0b4250362699,both,B,2026-08-19 15:32:25
i_ea3c70677e5c,c_90f088cd2378,resource_card,A,2026-08-19 15:49:12
i_47e17c0cf9dd,c_e75a8502dc79,resource_card,B,2026-08-19 15:59:46
i_1f0b3839e158,c_74b5e489572e,both,A,2026-08-19 16:09:58
i_77b5a43259ed,c_b22f4f91b2cf,both,B,2026-08-19 16:14:48
i_5db25b938c81,c_97557cba3e8d,both,B,2026-08-19 16:16:55
i_5f92b60ea689,c_a94f5c225133,both,B,2026-08-19 16:21:33
i_9d0e8ec6d368,c_3acc0c6e207b,resource_card,B,2026-08-19 16:21:54
i_82be0ea4b588,c_9d32fbd86e9c,both,A,2026-08-19 16:35:56
i_89edce1f6989,c_d69631778c2d,resource_card,B,2026-08-19 16:42:50
i_8b543ffdfc24,c_0b94e43afacf,resource_card,B,2026-08-19 16:46:42
i_dad0be2736ea,c_0c011a603d05,both,B,2026-08-19 16:48:26
i_fb55455cd27f,c_7a5097ab2548,resource_card,A,2026-08-19 16:54:14
i_1edf1bdcffd0,c_bffae3b34c69,both,B,2026-08-19 16:55:45
i_e58a8af7df41,c_a6f50e197381,resource_card,B,2026-08-19 17:01:09
i_15ceb4448fed,c_121fe4761865,resource_card,B,2026-08-19 17:10:48
i_b3e737723bbf,c_d9f83c07edad,resource_card,B,2026-08-19 17:18:39
i_55c7e1673dae,c_f551fac4daa8,resource_card,A,2026-08-19 17:19:44
i_85cc580c44cb,c_be76f151a0ee,both,A,2026-08-19 17:23:08
i_0da05464810c,c_8740ca2e1a31,resource_card,B,2026-08-19 17:24:22
i_31cae97054a2,c_535c37a89e65,both,B,2026-08-19 17:28:14
i_82fcfbd39ffb,c_6f6ebdb97a0f,both,B,2026-08-19 17:44:51
i_16d53cde8df4,c_2e2355a7acfa,resource_card,A,2026-08-19 17:52:16
i_f8f55ce2b7dc,c_c0caaa046f52,both,A,2026-08-19 17:52:22
i_1e11698dea65,c_8cf50dd92b2b,both,B,2026-08-19 17:59:12
i_8d1ca4c2f88d,c_e12d074b0f0e,resource_card,A,2026-08-19 18:01:20
i_11759a2209e1,c_990a24722fea,both,A,2026-08-19 18:05:52
i_c485148b464d,c_33e809f1c872,resource_card,A,2026-08-19 18:10:55
i_877cbc96de4b,c_5490e7bcb50c,resource_card,A,2026-08-19 18:15:47
i_d5888974e856,c_cb73aca8e06f,both,B,2026-08-19 18:16:19
i_1d3f9207b90b,c_c8c13d6db29b,both,B,2026-08-19 18:22:16
i_fc517f2c587c,c_835d1bc3fd01,resource_card,B,2026-08-19 18:22:25
i_d9cf980c0e99,c_a8b9fcf3440d,resource_card,B,2026-08-19 18:23:21
i_4a917a682fe6,c_1b04dc213514,both,A,2026-08-19 18:25:06
i_e9d7665a0163,c_e846999711a0,both,A,2026-08-19 18:27:52
i_762e9b90db0a,c_66413937448a,resource_card,A,2026-08-19 18:32:17
i_dcdd4abfea2a,c_f74a661ccb1b,resource_card,B,2026-08-19 18:40:06
i_7bc312144093,c_4c340e38ce18,resource_card,A,2026-08-19 18:43:53
i_4d94a711037e,c_f19bd4fb5a2c,resource_card,A,2026-08-19 18:45:28
i_089cccd76edb,c_6754c19cf657,both,B,2026-08-19 18:46:29
i_4eeddce00a73,c_560dbe49e885,resource_card,B,2026-08-19 18:49:08
i_54d223bff6ef,c_c188ffab537f,both,B,2026-08-19 18:49:35
i_307756bce380,c_9ba1572c4683,both,B,2026-08-19 18:52:02
i_8076cf3d3a2a,c_9ecf18413a6a,resource_card,A,2026-08-19 18:55:55
i_964afdcc6c3c,c_e51f6f88cb1f,resource_card,B,2026-08-19 18:59:31
i_00ee7f397f61,c_5d3a18c39617,resource_card,B,2026-08-19 19:19:52
i_b5e457a4b0ba,c_fc8c2f48c9cc,resource_card,A,2026-08-19 19:22:56
i_b0663fd70581,c_04fc08b95f1e,resource_card,A,2026-08-19 19:24:00
i_6029fa94b98c,c_f76f2b20c3eb,both,B,2026-08-19 19:30:58
i_ff5e09b3e499,c_0dc6103ade5a,both,A,2026-08-19 19:32:08
i_e7e8ba57cd93,c_73ad3f167fc5,both,B,2026-08-19 19:35:19
i_5b51974e9db8,c_2fc1c5a7cf52,resource_card,A,2026-08-19 19:36:40
i_ccef3b61ae90,c_f2afdf34bfa2,both,A,2026-08-19 19:37:40
i_6ed1fed49f91,c_0677567b44cd,both,B,2026-08-19 19:41:12
i_b7eb19d8a9c3,c_8c9873ea9eb3,resource_card,B,2026-08-19 19:47:41
i_abc26b9f47ae,c_6ae37952bf40,resource_card,A,2026-08-19 19:49:06
i_b3373526f22c,c_56e36e06fee8,both,A,2026-08-19 19:52:08
i_33cf53cd139e,c_abee55ce037f,resource_card,B,2026-08-19 20:02:31
i_0fea0da6373a,c_dbe8c5c5ec2e,both,A,2026-08-19 20:04:08
i_074cf31b89cc,c_f56e7fd79817,both,B,2026-08-19 20:04:48
i_c741a95e94db,c_2c9e904f6ee3,resource_card,B,2026-08-19 20:06:46
i_70ba68df8eb3,c_10f49b83b116,resource_card,A,2026-08-19 20:13:45
i_19d9be80a8d6,c_294ec5694c60,resource_card,A,2026-08-19 20:15:23
i_7631d89e6835,c_bf8ac7056019,both,B,2026-08-19 20:18:05
i_6c74929ccc41,c_b2092142dec9,resource_card,B,2026-08-19 20:20:05
i_d7a614f5c244,c_ce7d5945375c,resource_card,A,2026-08-19 20:28:07
i_644cf4ae85dc,c_521cfd7ad805,both,B,2026-08-19 20:29:13
i_91f429a15a27,c_913e73194516,resource_card,A,2026-08-19 20:31:02
i_05aace24e029,c_652eeab8fa09,resource_card,B,2026-08-19 20:32:34
i_6d0f07f7486e,c_eb12b0cc0f62,resource_card,A,2026-08-19 20:33:24
i_72fcaea724c9,c_98e11148c49a,resource_card,A,2026-08-19 20:49:21
i_d19b55c62277,c_73d93f6a1f1f,resource_card,B,2026-08-19 20:58:27
i_b801451143ec,c_f3c85f90d471,both,B,2026-08-19 20:59:04
i_e11a52a64188,c_f9b816cddf33,resource_card,B,2026-08-19 21:07:58
i_e7706f8150f2,c_208a6628d037,resource_card,B,2026-08-19 21:10:15
i_40bd473d95c1,c_f0bdd7c5b035,both,B,2026-08-19 21:13:16
i_22082bcfcab2,c_ad8e01fb693c,resource_card,A,2026-08-19 21:13:21
i_85921f833a9c,c_f66a02233d8c,resource_card,A,2026-08-19 21:22:30
i_6fb677acb8ef,c_b70ccc15a72f,resource_card,B,2026-08-19 21:24:56
i_478fb416d825,c_81312c921a26,both,A,2026-08-19 21:28:36
i_8e953e958da7,c_3c074cf235b8,resource_card,A,2026-08-19 21:29:22
i_a51b5b45029b,c_20d3721d25a7,both,B,2026-08-19 21:34:38
i_01bd4e098256,c_270fc5eca1b6,both,A,2026-08-19 21:41:10
i_49a2ba466c71,c_929da0733c66,both,A,2026-08-19 21:58:43
i_adde6c27471b,c_53e3d44bf6e3,both,B,2026-08-19 22:05:02
i_1b402998bd32,c_88354b5b956f,resource_card,B,2026-08-19 22:10:19
i_b9982a9ab342,c_ba36c9c82243,both,B,2026-08-19 22:11:26
i_365edc6d6f31,c_d53d9b3df43c,both,A,2026-08-19 22:11:36
i_53dfe0055a51,c_41aeea9c8925,both,B,2026-08-19 22:15:15
i_228b62077e09,c_4858bfb0c30d,resource_card,B,2026-08-19 22:15:24
i_7d0ce2f43b3f,c_b81f7f747f10,both,A,2026-08-19 22:18:18
i_bd13965422e9,c_7fb6521227ee,both,A,2026-08-19 22:26:21
i_070e69a7961e,c_368005712a95,resource_card,B,2026-08-19 22:28:54
i_3ac845de608f,c_4d473a8c9674,resource_card,A,2026-08-19 22:29:19
i_a68f0436714a,c_32bcd8a4b444,resource_card,A,2026-08-19 22:37:19
i_a753280d1b47,c_caf19fc85bde,both,A,2026-08-19 22:51:40
i_9a896341024d,c_19f5272c6c43,resource_card,B,2026-08-19 23:06:12
i_8ceec5bb42b2,c_d90f158308ad,both,B,2026-08-19 23:07:16
i_ac0ef3e87f14,c_6e7c9cb561ed,both,B,2026-08-19 23:11:20
i_6a3f8e6bb3c4,c_ed2540a867e7,both,B,2026-08-19 23:15:01
i_f8260f342693,c_098da6827521,resource_card,B,2026-08-19 23:36:22
i_82cb0ec64fbf,c_d8c320741ed4,both,A,2026-08-19 23:40:05
i_7c27fa2eaa8c,c_d562dd6130bc,resource_card,A,2026-08-19 23:41:50
i_122e661b1c19,c_53ae1d6799de,both,A,2026-08-19 23:43:22
i_f352cf5fb5c6,c_9500f483a1a6,resource_card,A,2026-08-20 00:05:34
i_f9b042c06d9b,c_ad7d4008d0f6,both,A,2026-08-20 00:09:17
i_a6b88ae46718,c_bc1313578dac,resource_card,A,2026-08-20 00:15:20
i_c4eee9d0bcf1,c_36fc5e379577,resource_card,B,2026-08-20 00:20:40
i_2c58de951dd1,c_cc6af195f72a,both,A,2026-08-20 00:21:35
i_7141eeb9fa9c,c_8ba7313268b3,resource_card,B,2026-08-20 00:25:33
i_c93bed046e26,c_5f5ddf5f2363,resource_card,B,2026-08-20 00:26:17
i_4a6deb98e829,c_c0240b3878dc,both,A,2026-08-20 00:36:00
i_d0e44f9ab852,c_4f8fb16f11ab,resource_card,B,2026-08-20 00:40:16
i_972e2d4ee431,c_ccd2e17426ab,both,B,2026-08-20 00:53:28
i_da7d0a024c27,c_90b0f6697f84,both,A,2026-08-20 00:54:18
i_7627b4b29e72,c_dfde91547f58,both,A,2026-08-20 01:21:45
i_cd02e951e93a,c_05094249d616,resource_card,A,2026-08-20 01:31:02
i_5d4616c82e0d,c_901dc5e6716f,both,B,2026-08-20 01:34:26
i_ba5293619a10,c_b516d8882999,resource_card,B,2026-08-20 01:44:08
i_7a1cf48f119d,c_911da0f546fc,resource_card,A,2026-08-20 01:46:24
i_ef893ee3f993,c_886cad953371,resource_card,B,2026-08-20 01:55:54
i_b7338c8d1f32,c_0bcade820725,both,B,2026-08-20 02:10:30
i_0b60f6e06f51,c_787cdfab418f,both,B,2026-08-20 02:50:26
i_288f0b860ed0,c_5fcf2947111d,both,B,2026-08-20 03:09:12
i_88c5c165eb63,c_62edab638b9e,both,A,2026-08-20 03:47:23
i_ab591ae222bf,c_3382578f227f,both,B,2026-08-20 04:05:14
i_279e154ae430,c_d5d9f7119225,resource_card,B,2026-08-20 04:27:22
i_bc3bc609fd04,c_46066c21e285,resource_card,B,2026-08-20 04:56:58
i_1ecd3168f31f,c_b0f219defb74,both,A,2026-08-20 05:01:34
i_9297271d8c2f,c_686543f17eb2,resource_card,A,2026-08-20 05:03:41
i_5f69019dbbd6,c_0cd0f81dd3a4,resource_card,A,2026-08-20 05:40:55
i_a2c4e862f7fe,c_8d87ddaaa19d,both,B,2026-08-20 05:47:23
i_0eace8961cbc,c_6e422fdb5da7,both,B,2026-08-20 05:59:15
i_6d6a0757b0ed,c_4dafb2791e9d,resource_card,B,2026-08-20 06:55:53
i_9065e84dd957,c_2aff1e807b78,resource_card,A,2026-08-20 07:01:00
i_8d171bf04e61,c_2e31efb2adac,resource_card,A,2026-08-20 07:13:13
i_59f3be54436e,c_ce6f08fbbfce,resource_card,A,2026-08-20 07:35:52
i_cbc035b951b3,c_f6cdbfbd7183,both,B,2026-08-20 07:37:20
i_f0727b8ed74c,c_936c39767c2c,both,A,2026-08-20 07:39:25
i_385f50f7759e,c_8bb12553adcf,resource_card,B,2026-08-20 08:02:17
i_845a660b6e5b,c_b30a0228bb4b,resource_card,B,2026-08-20 08:06:03
i_90d7754bfa00,c_a060f24bf68e,both,A,2026-08-20 08:07:05
i_0ac746fb8418,c_8d874f6f1a6b,resource_card,B,2026-08-20 08:09:45
i_abb326f49c07,c_c84a03c30363,both,B,2026-08-20 08:10:07
i_6fd8f9ab3d35,c_e72e80c74c3c,both,A,2026-08-20 08:12:02
i_3caab618463e,c_90c74537b453,resource_card,B,2026-08-20 08:26:16
i_62e68574474b,c_f61d633d79c3,both,B,2026-08-20 08:35:13
i_a3a9d3010598,c_adc5cc844a87,resource_card,B,2026-08-20 08:40:08
i_6dfe9e77bf89,c_9efd4c3b9185,resource_card,B,2026-08-20 08:41:57
i_2eb01bcebccc,c_e7e15266f8cd,both,B,2026-08-20 08:56:11
i_df1d8fafd952,c_8757801211be,both,A,2026-08-20 09:00:11
i_9ad54f550ae6,c_82048082e549,both,B,2026-08-20 09:04:56
i_a199f2a17936,c_44a2cf728521,resource_card,B,2026-08-20 09:11:07
i_569970217114,c_10f0d695c1b0,resource_card,A,2026-08-20 09:11:52
i_af71a14478f9,c_c63509a4aa5a,both,A,2026-08-20 09:25:38
i_1fe7645c456c,c_3d2ba2b4743b,resource_card,B,2026-08-20 09:36:11
i_3780d1c0282e,c_d7b59cbebc9e,both,A,2026-08-20 09:43:25
i_3b2c3ecd0d15,c_b73885a7560d,both,B,2026-08-20 09:50:14
i_6e50cbcdb608,c_a57ab7f60769,both,B,2026-08-20 09:51:37
i_50e2381b5241,c_59d530ad2c92,both,A,2026-08-20 10:09:32
i_d32ddcbca2c6,c_c46ae571b4e6,resource_card,A,2026-08-20 10:10:49
i_9fceb023ee80,c_901873bef44e,resource_card,A,2026-08-20 10:11:29
i_59fe790aa06c,c_ef3f7bea0563,resource_card,B,2026-08-20 10:14:30
i_b6ea84925f50,c_418d26f7b7c1,both,B,2026-08-20 10:24:27
i_951394d418b4,c_b1b54368b479,resource_card,B,2026-08-20 10:32:45
i_e70d5ac4e50c,c_12ec37613b14,both,A,2026-08-20 10:37:47
i_082889fc9ded,c_14c0630d6040,resource_card,A,2026-08-20 10:39:22
i_72d0ea368ca3,c_22c7c9b5829e,resource_card,A,2026-08-20 10:45:05
i_8870d12cb48a,c_9006c6d24ed8,both,A,2026-08-20 10:47:36
i_98756464ad6b,c_96b12a52c90e,both,A,2026-08-20 10:48:28
i_88d5b870ffaa,c_6faf900b8995,resource_card,B,2026-08-20 10:50:29
i_31374ffd596a,c_16d6c72367ed,resource_card,B,2026-08-20 10:58:46
i_8ed231197bfb,c_41e144b36e5d,both,B,2026-08-20 11:02:21
i_8622670ecf74,c_2ae87c69247c,both,A,2026-08-20 11:19:59
i_f117f90203e7,c_2354d68b3ca5,both,B,2026-08-20 11:20:16
i_a7d356f38fac,c_062f8819f759,resource_card,B,2026-08-20 11:21:56
i_0aae1be93c63,c_22954812efda,both,A,2026-08-20 11:44:02
i_a0dbfabaec2a,c_8601d450b166,both,A,2026-08-20 11:49:52
i_bc64288d28ed,c_f9d6a2f1bd9c,resource_card,A,2026-08-20 11:51:22
i_f8f27cf2dfe0,c_34291d57be8f,both,B,2026-08-20 11:53:03
i_195835553c2d,c_10dec8db0e74,both,A,2026-08-20 12:03:27
i_3a9f3651269e,c_6bef84405bf0,both,A,2026-08-20 12:04:06
i_a66e6c08a0fd,c_5ad0a3052c2c,both,A,2026-08-20 12:06:48
i_c4c80863f8a1,c_8ab98c4467f0,both,A,2026-08-20 12:07:29
i_f6f41170dfc8,c_cf1d24993ebb,resource_card,B,2026-08-20 12:08:22
i_91d6cccba9dc,c_97bdcb715800,resource_card,A,2026-08-20 12:08:46
i_7bb146571ff3,c_73d5ab9f3852,resource_card,A,2026-08-20 12:17:12
i_3c8f497c6432,c_5cb42697fdfc,resource_card,A,2026-08-20 12:25:33
i_1c37db637305,c_96aafe089f5f,resource_card,B,2026-08-20 12:31:07
i_c3b37c569a22,c_cbcee6f2fa91,both,B,2026-08-20 12:32:09
i_eb478d007ba4,c_4500e459a0ed,both,B,2026-08-20 12:38:19
i_c94f51376714,c_ea36fa45dbef,resource_card,B,2026-08-20 12:45:37
i_d7c7f4606853,c_0b5f9eafe1d8,both,A,2026-08-20 12:51:35
i_8abb2b90886e,c_1be3550c7397,resource_card,B,2026-08-20 12:52:53
i_2fc8bb3ad358,c_aa42da1d0a3c,both,A,2026-08-20 12:53:14
i_5bda0af18c2c,c_a3770dee2c8b,resource_card,B,2026-08-20 12:57:46
i_98266cf7e2d4,c_c002379a4665,both,B,2026-08-20 13:06:17
i_6923366b406b,c_9caf3fadb4aa,resource_card,A,2026-08-20 13:08:40
i_4d05d68ec384,c_ee4a568c47e4,both,A,2026-08-20 13:10:06
i_4f7ffcb909d1,c_055256b931d3,both,B,2026-08-20 13:14:18
i_a037893c2048,c_5019bbbda54c,resource_card,A,2026-08-20 13:15:05
i_0410e25eb995,c_e55bfa9fa0ba,both,A,2026-08-20 13:15:57
i_db88a924bbcb,c_3721f2d8c483,resource_card,B,2026-08-20 13:24:37
i_214afa184f77,c_77496ea3eb76,both,A,2026-08-20 13:26:50
i_f466b48bab59,c_b24180638fee,both,A,2026-08-20 13:27:03
i_5a005f2b499b,c_0cb1726043da,resource_card,A,2026-08-20 13:29:40
i_27224c7a31e2,c_42d9409885d1,both,B,2026-08-20 13:29:59
i_73ea510272d7,c_288034b66f67,both,B,2026-08-20 13:34:49
i_c2d141e6cdd7,c_3de0dd62f202,resource_card,A,2026-08-20 13:38:54
i_7e6635bec7bd,c_28ced0c2a402,resource_card,A,2026-08-20 13:44:45
i_96b82352e3b0,c_b40da5ad0064,resource_card,A,2026-08-20 13:46:31
i_899662807e1c,c_bc256b392f1c,both,A,2026-08-20 13:51:17
i_b75dc241e4fc,c_1b54616e9f9e,both,A,2026-08-20 14:03:08
i_e301517bc60c,c_f19239636b4e,resource_card,A,2026-08-20 14:08:35
i_591dcf78e9aa,c_5f7727096ece,both,A,2026-08-20 14:28:09
i_ca6a1a6d00b1,c_4c66ae9ae6d7,resource_card,B,2026-08-20 14:30:45
i_74de85b02060,c_82bd5cda9d3f,resource_card,B,2026-08-20 14:37:10
i_6203a664b8a8,c_0310dbbcf823,resource_card,B,2026-08-20 14:41:06
i_5935c249f710,c_4970d4d363d4,resource_card,A,2026-08-20 14:44:58
i_fed2b2c9d154,c_a24504205a2a,both,A,2026-08-20 14:45:08
i_d134bd6e40a1,c_25a267cb1672,resource_card,A,2026-08-20 14:45:49
i_31a264fbfbc6,c_9f3c3b9323a0,both,A,2026-08-20 14:50:15
i_211c833d7471,c_73f52aee2211,both,B,2026-08-20 15:01:24
i_6a6a2f423b95,c_a0a3015e80dd,both,B,2026-08-20 15:04:46
i_3e9d9d7f8cf2,c_ad8465a2917b,both,B,2026-08-20 15:10:50
i_e5729cad18be,c_997fe2e0b77a,resource_card,A,2026-08-20 15:11:26
i_76c36216beb1,c_0f92d39c9cb4,both,A,2026-08-20 15:26:08
i_57b0e2a5dc1d,c_8c7a42403e12,resource_card,A,2026-08-20 15:35:20
i_e4598a2cc32f,c_1b0b245d06dc,resource_card,A,2026-08-20 15:43:45
i_efb868b3612f,c_f618a8bdd313,both,B,2026-08-20 15:50:27
i_6dc72505050b,c_abd84b0f7de2,both,A,2026-08-20 16:01:24
i_3fcfed11c828,c_bcca6e1dc1cd,both,B,2026-08-20 16:06:19
i_ee661345af1d,c_a156bde0ff9f,resource_card,B,2026-08-20 16:08:13
i_ae4d8b272de5,c_8b0a25e0cd36,both,A,2026-08-20 16:13:51
i_b16fd876f1cc,c_9bc064601a87,resource_card,B,2026-08-20 16:17:15
i_16d5f92156ff,c_ac2ea3a3bf4f,resource_card,B,2026-08-20 16:17:32
i_81a3f0a453bf,c_a192dadd1ee8,both,A,2026-08-20 16:18:23
i_36a14dd6a9d0,c_24ed85ded5a8,both,A,2026-08-20 16:29:52
i_d06effba7637,c_f346a0aefc20,both,A,2026-08-20 16:34:38
i_b524f0eab8b3,c_96a2f7e1b165,both,B,2026-08-20 16:47:27
i_ebabcb31c465,c_b59e865beec5,both,B,2026-08-20 16:57:30
i_38ebe13de5e1,c_b549af9ebd4a,both,A,2026-08-20 16:58:02
i_93d852ac7930,c_d5257306f2a4,resource_card,A,2026-08-20 16:58:22
i_103af5d10739,c_eda1cdbcaa9c,resource_card,A,2026-08-20 17:02:09
i_56f69db5b4d5,c_af9d42e68abc,resource_card,A,2026-08-20 17:04:02
i_11789aae8b72,c_66dc37a0f908,both,A,2026-08-20 17:14:20
i_cb012eac2ba8,c_0c1608705ab2,both,A,2026-08-20 17:17:34
i_b4165419bcdf,c_bbe872a53e48,resource_card,A,2026-08-20 17:19:58
i_de0926a4f657,c_ab39ecb257df,resource_card,B,2026-08-20 17:21:12
i_ca625b64f5d9,c_29c4a2a2f335,resource_card,B,2026-08-20 17:25:28
i_dfda1844b66d,c_f16f9eb4cec6,resource_card,A,2026-08-20 17:26:08
i_919f55d4d2b9,c_b653b7325669,resource_card,B,2026-08-20 17:30:06
i_62640166ecd0,c_230ec7f8f784,both,A,2026-08-20 17:35:57
i_7976c657a754,c_1370b8dbd780,resource_card,A,2026-08-20 17:40:08
i_f49ec5b35d5d,c_7d2162ec39c9,resource_card,B,2026-08-20 17:44:14
i_c3c04f9d03fa,c_55ca96c41610,both,A,2026-08-20 17:45:13
i_87ee5c38e3ee,c_968bbe045e93,resource_card,B,2026-08-20 18:08:05
i_f84cc663f5b1,c_b64da17e42b5,resource_card,B,2026-08-20 18:08:25
i_450e315d00fd,c_33a1f6669956,both,A,2026-08-20 18:13:57
i_557d7bae4c07,c_4b59fe768db9,both,B,2026-08-20 18:17:53
i_43f61e2ec42f,c_a7b5b81be7ec,resource_card,A,2026-08-20 18:20:09
i_60b9801bc618,c_b72cdb032f1d,both,B,2026-08-20 18:29:25
i_f59966d1b2c1,c_fa97069f8491,both,B,2026-08-20 18:31:02
i_3d289b5efe19,c_a38a1d4491b7,resource_card,B,2026-08-20 18:31:51
i_226c5c2a076f,c_b67c5154e6b7,both,B,2026-08-20 18:33:46
i_98c1ae38ddac,c_b01d1776ba92,both,A,2026-08-20 18:37:02
i_544e3ebd96a5,c_ce25eabeb983,resource_card,B,2026-08-20 18:37:11
i_7a62e16b5112,c_5a162f0a805e,resource_card,A,2026-08-20 18:40:10
i_0fbf6ecb7df7,c_aadc6838c558,both,A,2026-08-20 18:41:13
i_5c917dffa9dc,c_9c4fb24c6471,both,B,2026-08-20 18:44:54
i_9d358093ce0a,c_c55af00350fc,resource_card,A,2026-08-20 18:53:13
i_0ac42d817043,c_72cdc377fc85,both,B,2026-08-20 19:05:57
i_0d8511415fc2,c_df28e893587a,resource_card,A,2026-08-20 19:10:03
i_6499fc365a5b,c_38d91a0a2b50,resource_card,A,2026-08-20 19:12:02
i_6d5b5e31f345,c_a66ed860adf0,resource_card,A,2026-08-20 19:20:45
i_1d0f48a1dff3,c_bcbbbfa50b4e,both,A,2026-08-20 19:22:27
i_684cc94a91f3,c_772bca4f97be,both,A,2026-08-20 19:28:58
i_a696fc468e6d,c_1274dc692582,resource_card,A,2026-08-20 19:34:17
i_df1095e5d402,c_f3df925f277f,both,B,2026-08-20 19:56:40
i_4ea12b82a026,c_d3586b0b7fbe,resource_card,A,2026-08-20 19:58:49
i_35de8414e95f,c_acbc2567128b,resource_card,B,2026-08-20 20:05:20
i_9e104a033b42,c_3577a6390429,both,B,2026-08-20 20:06:09
i_dc771a4de7a9,c_455f8256a6ee,both,A,2026-08-20 20:06:13
i_7f69d0dfb2f3,c_c8ae71470d2d,both,B,2026-08-20 20:09:11
i_9f7258285945,c_6043969b26da,resource_card,A,2026-08-20 20:12:03
i_27f456266357,c_ef114f196309,both,B,2026-08-20 20:14:43
i_af89214d19fb,c_26753e42d39a,resource_card,A,2026-08-20 20:17:15
i_b44468b8926f,c_7c5b3928ab23,both,B,2026-08-20 20:17:40
i_b4df629afaa1,c_65f7abb0e4c9,resource_card,B,2026-08-20 20:21:41
i_f3f3c3c31bb2,c_256e348a7a3d,resource_card,B,2026-08-20 20:22:27
i_006841be3ec5,c_538c7a63d87a,both,A,2026-08-20 20:22:36
i_140b41956958,c_a381c76540a4,resource_card,A,2026-08-20 20:29:54
i_783e99472caf,c_0d79f8486232,resource_card,A,2026-08-20 20:34:25
i_6e63f30f736a,c_e793e95d9fce,resource_card,A,2026-08-20 20:43:36
i_c015e6e02ca5,c_9e8c9b92f695,both,B,2026-08-20 20:50:29
i_92c3d1881f0e,c_fdf183cf4c06,resource_card,A,2026-08-20 20:50:32
i_7fdabd4418fe,c_1511d430028b,resource_card,B,2026-08-20 20:54:06
i_8230be84595d,c_7ba220e5379c,resource_card,A,2026-08-20 20:55:58
i_3666c6de3285,c_10c8adb9d2b4,resource_card,A,2026-08-20 21:05:02
i_b878eea559b3,c_3ce94dfaa0a2,resource_card,A,2026-08-20 21:06:12
i_b65c2c1aec7c,c_57c116553bfd,both,B,2026-08-20 21:24:09
i_8d94f17bc22c,c_6e6dcc18418f,resource_card,B,2026-08-20 21:25:14
i_342b6c1dd7f4,c_3ca95e37a315,resource_card,B,2026-08-20 21:25:17
i_cbe572991ac5,c_d2bece0392ae,resource_card,A,2026-08-20 21:30:10
i_52ac7f3c556b,c_8c47ce5a4941,resource_card,B,2026-08-20 21:40:54
i_02baa79c4ac7,c_1502d52d2995,resource_card,B,2026-08-20 21:41:05
i_98a1ee37fe5f,c_5efce95a0982,both,A,2026-08-20 21:43:17
i_626a83c7ce91,c_13bf2864a21d,both,B,2026-08-20 21:59:29
i_34ce6e43b314,c_e5f6ec46a291,both,B,2026-08-20 21:59:30
i_d1826bdf2328,c_8e800888b36c,resource_card,A,2026-08-20 22:03:32
i_90e4878032d7,c_426baa8c4de8,resource_card,A,2026-08-20 22:05:03
i_e1f69946ee07,c_9164f249c5af,resource_card,B,2026-08-20 22:05:24
i_c859fd97809b,c_836c186b9ae1,resource_card,B,2026-08-20 22:08:53
i_9716d8c6b1b0,c_0fdc22f7826f,both,B,2026-08-20 22:20:33
i_a21fc3720525,c_6e1818bbe662,resource_card,A,2026-08-20 22:23:02
i_bdacefeee432,c_17e9a649f583,resource_card,B,2026-08-20 22:23:43
i_baa27c1048d1,c_92d35438c85c,resource_card,A,2026-08-20 22:32:31
i_94578275b4e7,c_6c80f1f7e6db,resource_card,B,2026-08-20 22:33:02
i_d5d970508411,c_b024f66105b7,resource_card,B,2026-08-20 22:33:26
i_5bbcb4641438,c_aabbfb8dce95,resource_card,B,2026-08-20 22:55:58
i_61deca44549e,c_3281e96d4ed2,both,A,2026-08-20 23:03:05
i_ff7aea7a570e,c_36d6958bb5ac,both,A,2026-08-20 23:14:12
i_5786d3147396,c_e452d838afc3,resource_card,B,2026-08-20 23:33:22
i_e50c417417d5,c_9addddbc9880,resource_card,A,2026-08-20 23:35:23
i_6794ea7a6ed0,c_56cbb974715b,both,B,2026-08-20 23:35:54
i_a935b7b50ffe,c_0ba19ed177c2,resource_card,A,2026-08-20 23:36:33
i_6451656cd96c,c_b51565d95268,both,A,2026-08-21 00:17:44
i_9aa61b037006,c_3c4eb5a0be9a,resource_card,A,2026-08-21 00:33:19
i_eaa3ad327c0a,c_ee668cce9089,both,B,2026-08-21 00:34:05
i_62cbf1c5cbe8,c_876d52b7da3c,both,A,2026-08-21 00:37:39
i_934f2362a940,c_1f07302332c4,both,A,2026-08-21 00:37:38
i_400a82ec686d,c_0a12d4ed7fbb,resource_card,B,2026-08-21 00:38:57
i_1003a8fc9878,c_a1e2781ccb71,resource_card,B,2026-08-21 00:55:44
i_2df52023b1e6,c_fa4149548151,resource_card,B,2026-08-21 01:31:49
i_4397c1429db4,c_372ba4b9b387,resource_card,B,2026-08-21 01:33:18
i_87eb18f922a7,c_d7719fe0e0c0,resource_card,A,2026-08-21 01:42:05
i_feb12f57d12c,c_80c972b960e8,both,A,2026-08-21 02:35:22
i_1e3fd9fe14a7,c_2bc0b2c5905b,both,B,2026-08-21 02:49:03
i_85143578f194,c_35e17c5ed040,both,A,2026-08-21 02:52:49
i_a493b13f3f7d,c_80bd94abd66c,resource_card,A,2026-08-21 02:57:49
i_213d042a1a79,c_4e49e2fecf75,resource_card,B,2026-08-21 03:09:57
i_02bdf653237e,c_e9b98f1d8490,both,A,2026-08-21 03:29:23
i_5f21ebe9175c,c_b1e4a02c1682,resource_card,A,2026-08-21 03:49:34
i_6a1d588e2f3c,c_967ee854e399,both,B,2026-08-21 04:12:37
i_d4dc043b55cc,c_2db30398ea22,resource_card,A,2026-08-21 04:16:56
i_4780894716cb,c_0941d82249e9,resource_card,B,2026-08-21 04:48:53
i_ee21806379ca,c_ec1fa367e1dc,resource_card,A,2026-08-21 05:13:29
i_69250e445644,c_10a066603401,both,B,2026-08-21 05:21:40
i_af4a49c69995,c_0fe5d4d77bdc,both,A,2026-08-21 06:06:10
i_9996dcb4d025,c_e75657ae11e8,both,A,2026-08-21 06:10:05
i_7bd593edc712,c_b8afb2683a62,both,A,2026-08-21 06:19:57
i_b79d68b19622,c_83f059144b8a,resource_card,A,2026-08-21 06:52:06
i_d02dba823edf,c_ac7712ce0df6,both,A,2026-08-21 07:38:22
i_7db4ccdc1283,c_362e5925539e,resource_card,A,2026-08-21 07:38:54
i_5e5d3d723f40,c_cc2d648b2d3c,both,A,2026-08-21 08:00:34
i_e7df8253c004,c_78546285357e,resource_card,A,2026-08-21 08:01:37
i_3c4f4dba4db9,c_f89c46f8152f,resource_card,B,2026-08-21 08:21:25
i_707d48507d24,c_347bca2302f7,resource_card,B,2026-08-21 08:28:25
i_c1361265cccf,c_a1e51a92b8e4,both,A,2026-08-21 08:28:42
i_957cb2ef4a4f,c_d560c72dc086,resource_card,A,2026-08-21 08:32:01
i_4140e126ffe8,c_f1391bd5924f,both,B,2026-08-21 08:32:40
i_3990ab4fbbe4,c_9f564260f655,resource_card,B,2026-08-21 08:33:47
i_9bc6f52669ae,c_c1a96f91109f,resource_card,B,2026-08-21 08:34:01
i_04de805ec057,c_5902fe6ccb7c,resource_card,A,2026-08-21 08:34:37
i_0f29dfa1f92e,c_0defb27e92c5,both,B,2026-08-21 08:45:34
i_87c371e1ac88,c_ddea07ad3e6b,both,B,2026-08-21 08:48:55
i_5064097755d5,c_800f1045389a,both,A,2026-08-21 09:00:47
i_a82c15047c03,c_504756dab965,resource_card,B,2026-08-21 09:06:46
i_5e9a5d328457,c_146fada60037,resource_card,B,2026-08-21 09:13:13
i_f3000119e491,c_a2f6e30b2df9,both,B,2026-08-21 09:20:30
i_5662c0ca1f47,c_c65cde89bbf2,resource_card,A,2026-08-21 09:21:56
i_b3b3c0bc8b2e,c_6c249ebee4ce,both,A,2026-08-21 09:22:52
i_b540e25b61e6,c_f420c6c23f0c,resource_card,A,2026-08-21 09:24:48
i_a40347a9b1da,c_16709e83bbf9,resource_card,B,2026-08-21 09:30:04
i_432462f5e186,c_d3c7fabb0972,both,A,2026-08-21 09:49:19
i_45437a5b5233,c_38eda60af0bd,both,B,2026-08-21 09:49:45
i_ad97c66c836c,c_6b0b84540251,both,B,2026-08-21 09:56:05
i_fd60e8e9eb98,c_7995f467d875,resource_card,B,2026-08-21 09:56:41
i_910d29757467,c_284e2a0ae949,resource_card,B,2026-08-21 10:04:45
i_27d7b5c277bd,c_b04ed5c060b8,both,A,2026-08-21 10:16:40
i_f8de64c96a0f,c_46985bd5ecb2,resource_card,A,2026-08-21 10:31:17
i_98841efeef7a,c_8f29bc2bee79,both,B,2026-08-21 10:31:18
i_8db22cdaa819,c_48f816033e18,resource_card,A,2026-08-21 10:34:42
i_9c71d2bd5a68,c_63707b45d3fc,resource_card,A,2026-08-21 10:35:14
i_49bea77437f3,c_cc4466e20b87,both,B,2026-08-21 10:35:32
i_ee4464ca9d33,c_4cc1a4628462,both,A,2026-08-21 10:35:35
i_7a30b2f8894b,c_a53340f3e811,both,B,2026-08-21 10:39:08
i_2b7d56658bb6,c_29541c00c04c,resource_card,A,2026-08-21 10:42:57
i_1536d7e3c670,c_7f27336e154c,resource_card,A,2026-08-21 10:43:54
i_1f3653b5043f,c_f756149511b0,resource_card,A,2026-08-21 10:50:48
i_51187b742d83,c_8126a4615521,both,B,2026-08-21 10:54:07
i_e220a94a82f6,c_a6aea22ca3d6,both,A,2026-08-21 10:57:57
i_fadb863898d2,c_c6f327a2c3ae,both,A,2026-08-21 11:05:32
i_c41fc90da080,c_29d3c4eb900e,resource_card,A,2026-08-21 11:09:40
i_2e05e4b816df,c_b144ac709606,both,A,2026-08-21 11:24:50
i_37a003850076,c_8f927fd1f890,resource_card,A,2026-08-21 11:28:34
i_d9befb456d2f,c_5708560cd0cc,both,A,2026-08-21 11:36:03
i_d969dbbaa3df,c_b04b3e46d87e,resource_card,A,2026-08-21 11:41:20
i_4b628e744078,c_712b8b95d8ce,resource_card,A,2026-08-21 11:46:34
i_55964441f4ba,c_b487e9cd5923,both,B,2026-08-21 11:47:09
i_23953ed43dd1,c_fc6f9b2e01b2,both,A,2026-08-21 12:03:31
i_010964bd415c,c_75a4b8d67b28,resource_card,A,2026-08-21 12:11:15
i_b14e79680c12,c_67b31bb50827,resource_card,B,2026-08-21 12:29:54
i_3a57dcb8e86c,c_8985bc742bda,both,A,2026-08-21 12:38:10
i_57ed8f5789a4,c_a055830b81c8,both,A,2026-08-21 12:50:17
i_3e66c0ffd074,c_96a167f8bbcc,resource_card,A,2026-08-21 12:51:41
i_fc584c6cbfda,c_a7a0275aba52,resource_card,A,2026-08-21 13:02:56
i_dd50e54611c9,c_082bf1a2f505,resource_card,B,2026-08-21 13:02:57
i_11a2015cc02e,c_459ae9da8111,both,B,2026-08-21 13:13:39
i_1ae37f8efcb8,c_2871ee426edd,resource_card,B,2026-08-21 13:16:50
i_98b92f62a5c5,c_b6e0524058c9,resource_card,B,2026-08-21 13:25:02
i_c3c1c589ff0e,c_fb09ffe006cd,both,B,2026-08-21 13:43:38
i_4b0db69de2c2,c_c41e3a0dbd99,resource_card,B,2026-08-21 13:48:17
i_370f23a34ef7,c_af2b790269e4,resource_card,A,2026-08-21 13:49:02
i_93094c13dc7e,c_625338f60dd5,resource_card,B,2026-08-21 13:49:22
i_e042af0004a2,c_4e048f7ce239,both,B,2026-08-21 13:50:31
i_080cc3f01778,c_c31239b0cc0e,both,A,2026-08-21 13:54:54
i_db8b0b9c32cc,c_40745bfdf6e5,both,B,2026-08-21 14:02:42
i_8b229be476fd,c_acc6078d1996,resource_card,A,2026-08-21 14:09:47
i_d43b06262008,c_4d391b177c47,resource_card,B,2026-08-21 14:12:51
i_5091f829449a,c_0a9c7e8f5605,resource_card,B,2026-08-21 14:16:21
i_b9dc1a63e0b9,c_9735357ac721,both,B,2026-08-21 14:17:09
i_8975a53dae30,c_3ddc12d36b35,resource_card,B,2026-08-21 14:33:18
i_bb774e26eda7,c_c7d200bee766,resource_card,A,2026-08-21 14:36:39
i_fa89e76a30c3,c_fb928e1be172,resource_card,A,2026-08-21 14:38:47
i_c8ec5a518d9f,c_54aae7b95335,both,B,2026-08-21 14:47:54
i_fa8185997856,c_6c81153d807f,both,B,2026-08-21 14:56:15
i_a04444b87b9d,c_c7bca19be8a8,resource_card,A,2026-08-21 14:58:29
i_7ce1b64e5af1,c_134f3bd9c002,resource_card,A,2026-08-21 14:58:29
i_e584bbff7114,c_c038d22c682a,resource_card,A,2026-08-21 15:04:02
i_b389a9d5abef,c_799c01979285,resource_card,B,2026-08-21 15:07:12
i_ee8221d8a9c8,c_72e34e5e4433,both,B,2026-08-21 15:11:38
i_4f909d12fa13,c_052623b2805a,both,A,2026-08-21 15:15:29
i_15e24fc73ef2,c_86089ddb4876,both,A,2026-08-21 15:17:23
i_791eb46b6efe,c_1a781290b4a2,both,A,2026-08-21 15:18:28
i_e8ffc037c915,c_20aee2a57be4,both,A,2026-08-21 15:31:58
i_24dda7d1c302,c_e19b65ac4eeb,both,B,2026-08-21 15:32:36
i_3308db6457b3,c_44ae54ae09ce,both,A,2026-08-21 15:38:19
i_fcc5f9eba383,c_66bf94a108e7,resource_card,B,2026-08-21 15:42:06
i_f98df3cbc33f,c_f3fb7168cdcc,resource_card,A,2026-08-21 15:54:43
i_b6ebd8e360c1,c_dd16a0d5c7b4,both,A,2026-08-21 16:03:21
i_69652d872367,c_96fc3662172f,both,B,2026-08-21 16:07:17
i_028b35b7f72c,c_a1eabe7244fc,resource_card,A,2026-08-21 16:22:29
i_fc7ae5a8c52d,c_a49c22248010,resource_card,A,2026-08-21 16:33:12
i_2c0ccbf6b1e8,c_b9b4f3995ce0,both,A,2026-08-21 16:38:55
i_165639a9779a,c_cb8c6023cb7a,both,A,2026-08-21 16:39:09
i_95e4272a2460,c_b48832643416,resource_card,A,2026-08-21 16:43:46
i_bb7f119a6ec9,c_4ae2bd1febb9,resource_card,B,2026-08-21 16:50:18
i_9760e4b36dd5,c_98e8ba162e36,both,A,2026-08-21 16:59:06
i_19d6bc5d61c8,c_3704dbf823e2,resource_card,A,2026-08-21 17:05:13
i_9b3c503e953b,c_64ccb9594db2,resource_card,A,2026-08-21 17:09:14
i_a22146277538,c_ecbe8029c656,resource_card,A,2026-08-21 17:11:01
i_ed106b5c2db0,c_c583d95390ee,both,A,2026-08-21 17:11:14
i_355b30571079,c_528fd1c5fd5e,resource_card,A,2026-08-21 17:16:21
i_df1391d2ec69,c_eaa1575f2195,both,B,2026-08-21 17:35:34
i_3ef5cb41f903,c_e18cbbfff013,both,B,2026-08-21 17:36:16
i_461082c79f61,c_51573f9fe475,resource_card,B,2026-08-21 17:37:36
i_286e3264e122,c_dcbfcc03bb7d,both,B,2026-08-21 17:38:13
i_7380276e56a9,c_5b4f6cc014e2,both,A,2026-08-21 17:47:01
i_6715646788d4,c_5f8fcaa01b43,both,B,2026-08-21 17:51:05
i_0b4adb093b31,c_2cdf28925619,resource_card,B,2026-08-21 17:51:04
i_19a65968a355,c_5b8e9382809a,resource_card,A,2026-08-21 17:56:51
i_dd10dcb544e4,c_b33d03d6d040,resource_card,A,2026-08-21 18:00:35
i_36b46036af39,c_0b2d35e7f8ef,both,B,2026-08-21 18:01:17
i_04034e7037dd,c_7dfd4f17af1a,resource_card,A,2026-08-21 18:08:06
i_5782a0025c55,c_eaa1ad470507,resource_card,B,2026-08-21 18:09:22
i_62df7af44ed0,c_b5952d2027a2,resource_card,A,2026-08-21 18:25:59
i_8be35f9fa093,c_b2795115bc27,both,B,2026-08-21 18:28:32
i_fdb98a42d648,c_5169f62a0f2b,resource_card,B,2026-08-21 18:32:14
i_74238fc95f5b,c_24ca2e04ac92,both,A,2026-08-21 18:33:17
i_e3f103b0d416,c_e89a942c294c,resource_card,A,2026-08-21 18:51:09
i_f1f6135e5c81,c_47452b81a412,both,A,2026-08-21 18:51:15
i_1e4196f01694,c_f1a7b85b2392,resource_card,A,2026-08-21 18:59:02
i_79d0afd050b9,c_6eece37138ee,resource_card,A,2026-08-21 19:00:12
i_7e219dc84860,c_b140eb87abc1,both,B,2026-08-21 19:04:36
i_7acea0a5aec1,c_9a9b8729c401,resource_card,B,2026-08-21 19:14:48
i_0139f8b726a4,c_6f4eb063b5a3,both,B,2026-08-21 19:14:50
i_8ee045662121,c_438589063ca8,both,A,2026-08-21 19:16:08
i_50f59fc63a02,c_4081e8947172,both,A,2026-08-21 19:17:38
i_a3da3b89fa10,c_83213cbd8203,both,B,2026-08-21 19:19:42
i_f66540d7dbaf,c_e62525ce633e,both,A,2026-08-21 19:22:17
i_5286517a180a,c_2662b0f87481,resource_card,B,2026-08-21 19:26:09
i_ca2b9c474abc,c_ae6a656c06ec,resource_card,A,2026-08-21 19:27:43
i_41c37e24e9f8,c_310191077ce2,both,A,2026-08-21 19:29:30
i_0165f586a1c4,c_00eb7dab6ac5,resource_card,B,2026-08-21 19:47:44
i_874f73ab9a7b,c_a05d8dd626af,resource_card,B,2026-08-21 19:47:49
i_168fcc6040c6,c_0ea8286e4d78,both,A,2026-08-21 20:00:11
i_06351207145c,c_42aba4b7d975,both,B,2026-08-21 20:05:34
i_3f0703bee099,c_4b52f0bd54fb,both,B,2026-08-21 20:07:40
i_87be1aec31b8,c_2287477b90f4,resource_card,A,2026-08-21 20:08:02
i_d37da5cf2a38,c_15012eba2b7c,both,A,2026-08-21 20:08:31
i_106b8a9ec371,c_1567d815e09c,both,A,2026-08-21 20:09:59
i_a491294f52f1,c_0225f4e975dc,resource_card,A,2026-08-21 20:14:33
i_49c8ef7946e8,c_d28369fefc04,both,A,2026-08-21 20:14:50
i_1367f4f85556,c_09dade111c72,resource_card,A,2026-08-21 20:20:05
i_aa1e7f6753c2,c_0325ba60d351,resource_card,B,2026-08-21 20:24:05
i_9de61a54891f,c_6eccf0585313,resource_card,B,2026-08-21 20:29:44
i_7941fbf5ad4d,c_86fec899ca83,resource_card,B,2026-08-21 20:30:50
i_783406acdcc3,c_a70514d264b4,resource_card,A,2026-08-21 20:31:04
i_158d51d3c350,c_8da69f4b1a12,resource_card,A,2026-08-21 20:32:03
i_4fa87b52474e,c_c98bf76c990f,both,B,2026-08-21 20:35:25
i_bcaaba828088,c_2e70f4f0b00b,resource_card,B,2026-08-21 20:47:51
i_06b70eea45cc,c_5aa5a6f3aa6c,resource_card,A,2026-08-21 20:51:34
i_d180307b2bb0,c_9c078c48dfa4,resource_card,A,2026-08-21 21:13:06
i_62bf00b83121,c_ac5fe32f779f,resource_card,B,2026-08-21 21:18:06
i_61a232613e6d,c_0a6febcbb897,resource_card,B,2026-08-21 21:23:28
i_cebd7dd45fb7,c_e50e6e378dd8,resource_card,A,2026-08-21 21:26:36
i_6d1c21c41235,c_99fc2ffb7696,both,A,2026-08-21 21:27:57
i_01d7588e5633,c_8baa7b93785c,both,A,2026-08-21 21:28:52
i_68bf860a8924,c_185d8ff694af,resource_card,B,2026-08-21 21:29:00
i_bcef7b5c1493,c_cb5264853ac5,both,B,2026-08-21 21:32:03
i_df0ef4f04e23,c_1857f65ad270,resource_card,A,2026-08-21 21:33:54
i_768f29e91421,c_0b73152989f5,resource_card,B,2026-08-21 21:37:17
i_6a6a83ac7128,c_645ffefbe4dd,resource_card,B,2026-08-21 21:48:37
i_f1b942b48e03,c_d12bdd5c21d4,both,A,2026-08-21 21:50:41
i_0e28c9a53fb8,c_c22a6afa1d83,both,B,2026-08-21 22:00:43
i_b98782d72470,c_741fd84415fd,both,B,2026-08-21 22:05:13
i_dc17d10c1472,c_41ee2e75001b,resource_card,B,2026-08-21 22:05:56
i_b7a0f3ddee83,c_5dddc59d555e,both,A,2026-08-21 22:06:33
i_1b507321b2ee,c_5c5922557452,both,A,2026-08-21 22:10:20
i_6995c606ea84,c_951c1884d3d2,both,A,2026-08-21 22:18:15
i_9289ff70ac6b,c_ab18dddd19df,both,B,2026-08-21 22:25:07
i_db5e3ec199b8,c_7cb9641ad762,resource_card,A,2026-08-21 22:34:51
i_3b02b7adbedb,c_f1ae5005ccae,both,A,2026-08-21 22:37:10
i_8e719669e025,c_cf35b78b8b29,both,B,2026-08-21 22:48:52
i_f06296a6fe4a,c_000815642d80,resource_card,A,2026-08-21 22:49:10
i_4ee65bd9c2e7,c_924ecd5f5cb3,resource_card,B,2026-08-21 22:49:30
i_0a1aea7c235d,c_81d320216b86,resource_card,A,2026-08-21 23:00:55
i_8b9aacecc042,c_2f24cda06c65,both,B,2026-08-21 23:25:21
i_05415fdc1104,c_1f98d098d279,both,B,2026-08-21 23:32:05
i_e768c5f0dbc2,c_e02a1a7ca4a4,both,A,2026-08-21 23:56:06
i_8b646df9fbec,c_6e521c1cf883,resource_card,B,2026-08-22 00:58:40
i_9b18641223aa,c_b0f947e588ba,both,A,2026-08-22 01:01:27
i_1c31ce12471c,c_c98f4b9bc416,resource_card,A,2026-08-22 01:06:13
i_6319ac260812,c_0c1150f8f987,resource_card,B,2026-08-22 01:06:58
i_d5acc4bcd0e0,c_4ff759d5d5a5,resource_card,B,2026-08-22 01:09:53
i_fc164bb7dc4f,c_b57279837df1,resource_card,B,2026-08-22 01:28:53
i_d3d2818c9e18,c_203d7c2d0122,resource_card,A,2026-08-22 01:31:51
i_cb8f58fefa73,c_c6da98869c9c,both,A,2026-08-22 01:50:57
i_24eccefd6eb6,c_e5d147b62495,both,B,2026-08-22 02:01:15
i_bc029c75781e,c_2f2b23b8e406,both,A,2026-08-22 02:43:04
i_b93c57d10be7,c_31729f3c700b,resource_card,B,2026-08-22 02:45:15
i_83c4af4a6893,c_2ac14ecbe76c,resource_card,A,2026-08-22 02:57:09
i_3b5047f4c9cb,c_93faa722981d,both,B,2026-08-22 03:06:54
i_12c250883cb2,c_ebdb5c64d38c,both,A,2026-08-22 03:07:58
i_b5e177f8678b,c_3b69b9201ad8,resource_card,A,2026-08-22 03:14:10
i_6852222d3011,c_6164b7d333ad,resource_card,B,2026-08-22 03:19:20
i_5148082215f2,c_b61884c114a4,resource_card,A,2026-08-22 03:49:50
i_e40072c5bfd4,c_7fc5f8ab150f,both,B,2026-08-22 04:48:28
i_6ed27f287125,c_96368a7190ba,both,A,2026-08-22 05:01:41
i_3610546c74f2,c_245870a5b51a,resource_card,A,2026-08-22 05:17:51
i_ce8ca048582e,c_3de671e7e619,resource_card,B,2026-08-22 06:00:43
i_29dbfe83f69a,c_d895c1a5a680,both,A,2026-08-22 06:26:05
i_d58cf3d97fb9,c_1f046156eebe,both,A,2026-08-22 06:26:59
i_2b388228d968,c_a72bdc382f94,both,A,2026-08-22 07:03:12
i_53969342171b,c_3cf8bb7bd97a,resource_card,A,2026-08-22 07:21:08
i_55322f46f40f,c_570aa25fc126,both,A,2026-08-22 08:03:24
i_c3f53ea9ce85,c_056e5133b1ac,resource_card,A,2026-08-22 08:07:24
i_83ec060bf171,c_fded6746619f,resource_card,B,2026-08-22 08:11:42
i_f35fcf6a6869,c_a303a16b3d3e,resource_card,A,2026-08-22 08:15:24
i_0fc74d0b9d57,c_d97cbe542c81,resource_card,B,2026-08-22 08:29:27
i_796eab611c6d,c_4c532c284f70,both,A,2026-08-22 08:32:01
i_f98d6fdf2ef4,c_46faa6b6b4b2,resource_card,A,2026-08-22 08:51:13
i_ced7ae87e120,c_f17431a9e322,both,A,2026-08-22 08:59:17
i_24756ce4428d,c_00ccbcf837d5,both,B,2026-08-22 09:39:54
i_8b1b38398259,c_6723faef6bd3,resource_card,B,2026-08-22 09:51:37
i_9b6e99b6b82c,c_3e9a9c6b4568,both,A,2026-08-22 10:06:04
i_b2dc3e61c394,c_b6708c9bc753,resource_card,B,2026-08-22 10:09:34
i_d84acb0f1298,c_cde79bea7c12,both,A,2026-08-22 10:10:59
i_5acd591afc49,c_543b4d60ad25,resource_card,B,2026-08-22 10:24:37
i_eba8034f4f4a,c_60ff1a489295,resource_card,B,2026-08-22 10:37:07
i_b52c71c4b612,c_a8831edd56e9,resource_card,B,2026-08-22 10:38:49
i_d6892f61c654,c_2a0eb1248507,both,B,2026-08-22 10:39:55
i_c3e770ba2a77,c_aca2f83e1ffb,both,B,2026-08-22 10:54:23
i_63c31d3954b4,c_1075d1c35315,both,B,2026-08-22 11:04:58
i_e97ebf8281bc,c_560c205a0bbb,both,B,2026-08-22 11:07:46
i_9b0d4e60cf53,c_2637e6e050d9,resource_card,B,2026-08-22 11:34:53
i_65544a5d8608,c_1b3f099fc72a,both,A,2026-08-22 11:35:54
i_1d86b8df8c2a,c_287f6e09e722,resource_card,A,2026-08-22 11:48:37
i_55c0906c2b42,c_99c606a9df77,both,B,2026-08-22 11:49:39
i_6ed78904213c,c_2d4c1e916730,resource_card,A,2026-08-22 12:00:54
i_2f27bba5192e,c_aad81212a9ef,both,B,2026-08-22 12:06:58
i_a94c626c10f3,c_b7d20919ef1a,both,A,2026-08-22 12:10:33
i_9b98753423da,c_8dc100e5ff09,both,B,2026-08-22 12:21:23
i_19b89fa61d1f,c_95bcb0e38243,resource_card,B,2026-08-22 12:28:31
i_fb34fecdea09,c_f24f60d05b73,both,B,2026-08-22 12:43:41
i_cc70efbf3497,c_cfa4d786183f,both,B,2026-08-22 13:08:17
i_7a92076b11fe,c_25f133904d05,resource_card,B,2026-08-22 13:12:09
i_0486ad992994,c_6eca6c271ea0,resource_card,A,2026-08-22 13:28:44
i_df2f76baecf6,c_6320b67c468e,resource_card,A,2026-08-22 13:45:03
i_a53520d8975a,c_096cd28d06a9,resource_card,B,2026-08-22 13:47:42
i_e31949f5b84b,c_426d8f11fdc6,both,A,2026-08-22 13:48:21
i_7596d8fe5bdc,c_a6980c619c52,both,A,2026-08-22 13:53:06
i_9b11f33459d8,c_01e972876978,resource_card,A,2026-08-22 14:07:43
i_593df81b655b,c_bd37076faa33,resource_card,B,2026-08-22 14:11:40
i_3cef353179cb,c_10c9c4340357,both,B,2026-08-22 14:19:00
i_8ccca42194c4,c_da73ec2a0b19,resource_card,B,2026-08-22 14:21:12
i_c7559c99f0a6,c_42613689ebfc,resource_card,A,2026-08-22 14:25:25
i_9b7cd1a5c0ec,c_aa73156dab04,resource_card,A,2026-08-22 14:25:36
i_d325707c657b,c_f13859f8e6db,both,B,2026-08-22 14:39:04
i_a1ffd517a513,c_9be1cc940d49,resource_card,B,2026-08-22 14:44:00
i_dba9b30d30f8,c_eacc76b99604,resource_card,A,2026-08-22 14:45:22
i_ec343655d7ca,c_220aed32882e,both,A,2026-08-22 14:45:32
i_dd5ca98d812d,c_6f7e1e5c2440,resource_card,A,2026-08-22 14:47:12
i_c48988b0fde3,c_d5bb7b5eabac,resource_card,A,2026-08-22 14:50:08
i_d9668412371d,c_721fcf41188d,both,B,2026-08-22 15:09:13
i_85fcccf05333,c_0f6496ad3e8e,both,A,2026-08-22 15:11:46
i_de475835decd,c_d9a8e4c89c8d,both,B,2026-08-22 15:35:30
i_18ceab118241,c_6e6f465b4720,resource_card,A,2026-08-22 15:39:21
i_f4dde911817a,c_b11246f6960a,both,A,2026-08-22 15:39:22
i_51c7d802f41d,c_8c3fba261fc9,both,B,2026-08-22 15:50:58
i_258201e56a77,c_ceaaf8d01b67,resource_card,B,2026-08-22 15:56:06
i_f74e63368202,c_2fce07701aae,resource_card,A,2026-08-22 16:03:44
i_1cfc4ba49332,c_53f2cf64f58b,both,B,2026-08-22 16:06:12
i_1a78e1590379,c_01fb35d1364f,resource_card,B,2026-08-22 16:31:20
i_0650ffa2b6d5,c_5c35b59c1255,resource_card,B,2026-08-22 16:36:20
i_29e6cd74939d,c_cff11d087a54,both,A,2026-08-22 17:01:43
i_9b1a6cc6f65c,c_1d65a5390510,both,A,2026-08-22 17:05:21
i_aa19b059496c,c_218f8ad1f899,both,B,2026-08-22 17:09:22
i_d85bafeb3d79,c_933803d848be,resource_card,A,2026-08-22 17:17:05
i_7ac853019b8c,c_ab6fb4693ddf,resource_card,B,2026-08-22 17:22:24
i_86061aa19025,c_86f336f1d5a4,resource_card,A,2026-08-22 17:26:53
i_30758b33d680,c_6d755e69504d,resource_card,B,2026-08-22 17:27:04
i_55c6240ae6bc,c_e130c0e42d0d,both,B,2026-08-22 17:31:23
i_1784a2bdb3b5,c_3c6cc2f5d41d,resource_card,B,2026-08-22 17:31:59
i_076b545ce989,c_c5a5b16a5079,resource_card,B,2026-08-22 17:40:50
i_487961049832,c_dc03d7104257,resource_card,B,2026-08-22 17:49:20
i_6d0694e03c93,c_9c5ec12865d6,both,A,2026-08-22 18:02:15
i_5026f1f92faa,c_699c418ae507,resource_card,B,2026-08-22 18:03:00
i_3fe57e553da7,c_2da68349fa3f,resource_card,B,2026-08-22 18:06:45
i_d16db31d3946,c_06fe7ebe0e8c,both,A,2026-08-22 18:11:08
i_3ab1fa6dcb3a,c_bcce8b5ee315,resource_card,B,2026-08-22 18:13:18
i_db506694c785,c_14c755f631c5,both,B,2026-08-22 18:35:27
i_5184b4849879,c_7e3a55595714,resource_card,A,2026-08-22 18:42:53
i_61e4b0efcfd4,c_4b19b29d7f93,resource_card,B,2026-08-22 18:48:47
i_b4de658f7774,c_0443e4399803,resource_card,B,2026-08-22 18:53:13
i_2c823d6d9246,c_a5f997b0a6d7,resource_card,B,2026-08-22 18:56:46
i_f79f2748c55b,c_a5131bc07427,resource_card,B,2026-08-22 18:56:47
i_5717735e06a8,c_f7fa74b3cdde,both,A,2026-08-22 18:57:23
i_da7964a376f8,c_642b76b42e53,resource_card,B,2026-08-22 18:59:10
i_eea069e76993,c_968f06d0427c,resource_card,A,2026-08-22 19:00:22
i_0b2435586e29,c_ba2c6e74cdb0,both,A,2026-08-22 19:06:42
i_6cdfa773c982,c_1c6e62b474c2,resource_card,A,2026-08-22 19:13:51
i_36cff4f9feae,c_30a494e3920f,resource_card,B,2026-08-22 19:14:56
i_a329cde00565,c_978d78ec9a77,resource_card,B,2026-08-22 19:19:32
i_f66e549209ac,c_faa2a44f9b2e,both,A,2026-08-22 19:19:43
i_76c0cb9509d7,c_156094cbc647,resource_card,B,2026-08-22 19:22:50
i_d97e7e285933,c_d2226887608a,resource_card,A,2026-08-22 19:22:47
i_c119f24bd483,c_446d208c038c,resource_card,A,2026-08-22 19:26:49
i_08448f1bedb6,c_fc264b0c72be,resource_card,A,2026-08-22 19:33:37
i_3ef8634b85d2,c_382d3699387f,resource_card,B,2026-08-22 19:37:29
i_78a1c037def4,c_73864f6b6d59,both,B,2026-08-22 19:38:21
i_a05f151ab053,c_3eb2f41ce5b2,resource_card,A,2026-08-22 19:47:51
i_cf7140aa5552,c_22022e93c529,resource_card,B,2026-08-22 19:48:27
i_92989d1a6039,c_04ec689dcb78,resource_card,A,2026-08-22 20:01:37
i_ac8d6fb3673c,c_0af343c3ebcf,both,B,2026-08-22 20:19:54
i_eb56fc728160,c_817b7d61417b,both,B,2026-08-22 20:21:13
i_b1690d176f8d,c_0cb657fe9229,both,B,2026-08-22 20:22:22
i_fd3798c93b74,c_93c71c217f67,resource_card,B,2026-08-22 20:25:51
i_e9b8b5988b9b,c_9a035b953866,both,A,2026-08-22 20:28:44
i_dd67ee33b3f4,c_3b50df8f4b11,both,B,2026-08-22 20:31:22
i_3c8e330a6436,c_72bd9b5c48ad,both,B,2026-08-22 20:32:04
i_596b8f400683,c_68dabda86299,both,B,2026-08-22 20:38:34
i_38eb2dea75d2,c_7070164a2c9d,resource_card,B,2026-08-22 20:38:49
i_76d04f8f3e06,c_4431bac32da5,resource_card,B,2026-08-22 20:47:03
i_5b16c533a98d,c_f76d5b8d5e82,resource_card,A,2026-08-22 20:48:12
i_16301fd6e85c,c_759de7890969,both,B,2026-08-22 20:49:30
i_2912498a0bcf,c_2db2fddfd57a,both,A,2026-08-22 20:52:15
i_e13da9f75ed1,c_74d6db3b5753,both,B,2026-08-22 20:52:29
i_4cf97df38cd0,c_85bf2f73d042,both,A,2026-08-22 20:54:57
i_1a2e90395a2f,c_867eb9e6fc81,resource_card,B,2026-08-22 20:58:05
i_60e4b246afb1,c_294fe4ef60a1,resource_card,B,2026-08-22 20:58:38
i_ecb03f17b6de,c_7035b85c594f,resource_card,B,2026-08-22 21:03:21
i_7e4abd45b5ce,c_bc1a81972e50,both,A,2026-08-22 21:06:12
i_29ddea2c14ab,c_1996c86b37de,resource_card,A,2026-08-22 21:07:16
i_f7bfab921a48,c_b01adb0cc70f,resource_card,B,2026-08-22 21:08:54
i_c85bd35c22f9,c_ae5e2ab13840,both,A,2026-08-22 21:09:36
i_0ed48692f2a9,c_e9de33af1e49,both,B,2026-08-22 21:14:24
i_818804586d16,c_39642ebecd58,both,A,2026-08-22 21:26:00
i_6b3576019d45,c_b4a2a826409f,both,B,2026-08-22 21:26:37
i_28df9a23ab63,c_335dbda38a2f,resource_card,B,2026-08-22 21:26:54
i_6ea36674885d,c_396b9bce93a1,resource_card,B,2026-08-22 21:27:41
i_98ba241169f3,c_b7a51650853a,both,A,2026-08-22 21:27:49
i_52d7a20caafb,c_703cd67289cf,both,B,2026-08-22 21:34:55
i_f7217edf2d16,c_79d2896e85fe,both,A,2026-08-22 21:38:32
i_65e3b77832b9,c_36df7bf3eb26,both,A,2026-08-22 21:40:51
i_01abf2bbcef7,c_0fce828d6444,both,A,2026-08-22 21:43:26
i_bfaa4141110f,c_2bf73264fd91,resource_card,B,2026-08-22 21:47:40
i_c876d73830f4,c_7ca6dad30bf0,resource_card,A,2026-08-22 21:49:32
i_944c2c8b10c3,c_fb579065270e,resource_card,A,2026-08-22 21:51:52
i_fd25f143e90d,c_7ce51063b676,both,A,2026-08-22 22:05:23
i_3abfe8aaad4b,c_002e96428e09,resource_card,B,2026-08-22 22:14:47
i_cfcdce119509,c_825fd78ef62a,both,A,2026-08-22 22:24:03
i_09393b08d5b5,c_9d813cf7b8b5,resource_card,B,2026-08-22 22:27:32
i_f9b2e9efaf9b,c_a227d26d13a6,both,A,2026-08-22 22:33:27
i_d927c570ea38,c_d75a84cc7050,both,A,2026-08-22 22:39:39
i_51f4d941c8b3,c_22bd96800276,resource_card,A,2026-08-22 22:41:00
i_c509ab0bac1d,c_500aa697b088,resource_card,A,2026-08-22 22:44:05
i_94ef5aaa1fcd,c_98e1707ca0b5,both,B,2026-08-22 22:48:51
i_7ab72c96539d,c_4c8ca0459181,both,B,2026-08-22 22:57:41
i_1bf47c402765,c_3f461cbe3a5f,resource_card,B,2026-08-22 23:16:42
i_c5bbd65b1c65,c_9e948f5c7f91,resource_card,B,2026-08-22 23:17:59
i_e8a9b484a34d,c_dadc19807e33,resource_card,B,2026-08-22 23:31:10
i_7a5b9a8a9f47,c_64bedb00fde2,resource_card,A,2026-08-22 23:38:48
i_9cb208ce190b,c_609cb0c716f4,resource_card,A,2026-08-22 23:45:39
i_05d0c43160ce,c_4d7aa8e7d18e,both,A,2026-08-22 23:47:01
i_bae95ad302de,c_f5678a20e65e,both,A,2026-08-22 23:47:26
i_939f169a4dbb,c_2906ee731307,resource_card,B,2026-08-23 00:03:03
i_3a95831e1cc0,c_5fc8d143a614,both,A,2026-08-23 00:21:36
i_da7521d4349a,c_57bc7497988c,both,A,2026-08-23 00:22:33
i_3568609adc63,c_7d007d223217,resource_card,B,2026-08-23 00:25:56
i_3e9055a92398,c_2c328bc0ef69,both,B,2026-08-23 00:27:32
i_f3df03885a87,c_7e692f35909a,both,A,2026-08-23 00:39:10
i_106d72a36802,c_5581c6ec7828,resource_card,A,2026-08-23 00:44:01
i_afe8d22b7e87,c_a40c89e1d0f5,resource_card,B,2026-08-23 00:45:39
i_2be3e755b377,c_64354351274a,resource_card,A,2026-08-23 01:15:49
i_fac8a7567048,c_f36f74dc54b4,both,A,2026-08-23 01:29:02
i_2243fc3f8be7,c_fc4e6e17f7fa,resource_card,A,2026-08-23 01:41:32
i_178751dd49ef,c_7a2839fe26ab,resource_card,B,2026-08-23 01:56:47
i_77ddc2868bff,c_c2d20d2dc660,resource_card,A,2026-08-23 02:13:15
i_f450af1d3787,c_10e4c12b4a51,both,B,2026-08-23 02:30:09
i_75c77756c63b,c_a98c2c399e62,resource_card,A,2026-08-23 02:32:14
i_3f9075b5dbcb,c_e3c28484d99d,resource_card,B,2026-08-23 05:06:18
i_39b582b69b3d,c_5a60ea7f6749,resource_card,B,2026-08-23 05:35:07
i_4f056d3e5f0c,c_0102f6e1b9af,both,B,2026-08-23 05:35:31
i_e4d02077e4f1,c_a8541db9d734,both,A,2026-08-23 05:49:54
i_ed209b49b37d,c_e0d5dfb13efa,resource_card,A,2026-08-23 06:27:28
i_a907959780c3,c_19a647fc8b38,both,A,2026-08-23 06:38:10
i_4e60e089a252,c_710464fa05e2,both,A,2026-08-23 07:19:01
i_eaf1ef9fffcc,c_4888cdcb6574,resource_card,A,2026-08-23 07:19:11
i_f259a33bccd3,c_2bd4520009f5,resource_card,B,2026-08-23 07:27:04
i_61948c3e41ba,c_2e4c31dbbb9f,resource_card,B,2026-08-23 07:45:48
i_f9d74aae3b86,c_3c5d4686c9b2,resource_card,A,2026-08-23 08:08:05
i_7dc99e63954e,c_a055932d141e,both,A,2026-08-23 08:16:21
i_21ead459815b,c_9c58b00abd83,both,B,2026-08-23 08:48:06
i_6e8db264e6c7,c_4398f6497089,both,B,2026-08-23 08:53:55
i_e6f555ca71e3,c_40e12d554006,both,A,2026-08-23 09:06:25
i_75e7014b98cd,c_0b93f140eca0,resource_card,A,2026-08-23 09:08:23
i_9a0a52254bbf,c_4825494c9606,resource_card,A,2026-08-23 09:18:21
i_995d2c4d0225,c_60b94f8eddc4,resource_card,A,2026-08-23 09:24:29
i_a7d392cb6c09,c_2c414b176fed,both,B,2026-08-23 09:25:23
i_b006be88ac1f,c_1281c74b26b0,resource_card,A,2026-08-23 09:27:25
i_186f6e016f10,c_111fff88fda6,both,A,2026-08-23 09:29:47
i_98a731e8c5d8,c_10b2897b7a5e,resource_card,A,2026-08-23 09:33:41
i_2099833193f2,c_c1e33d1d887b,both,B,2026-08-23 09:40:58
i_f93c277773e0,c_cccb4a153d51,both,B,2026-08-23 09:45:53
i_d6edadfbf580,c_0f950479a863,resource_card,B,2026-08-23 09:50:07
i_53da5354d058,c_37c7732416b4,resource_card,A,2026-08-23 09:58:57
i_0f53bd894245,c_bb9c35ea0152,both,A,2026-08-23 10:10:53
i_2bafb81d4744,c_251ca5cfbe75,resource_card,B,2026-08-23 10:17:52
i_4766577b0eb8,c_ad7afbd4988e,resource_card,A,2026-08-23 10:28:50
i_d1eaab3a2c1c,c_e2108faffde9,resource_card,B,2026-08-23 10:30:40
i_e984d3c8aeaa,c_bd439bb7f1b1,resource_card,B,2026-08-23 10:34:52
i_a661593061b8,c_f1c6943e0047,both,B,2026-08-23 10:43:08
i_bc31c75606c3,c_a22cc0a4cbfd,both,B,2026-08-23 10:49:32
i_60f00f60a67c,c_f33b539758fb,both,B,2026-08-23 10:49:44
i_d8745032c80a,c_3fa385476a7b,both,B,2026-08-23 10:55:18
i_a9464f14a9f9,c_8c1e75587bbc,resource_card,A,2026-08-23 11:15:50
i_12a73f6a8ce2,c_b7c5effe31f7,both,B,2026-08-23 11:17:19
i_fe86f8926cc1,c_7f6b8c1cb821,resource_card,B,2026-08-23 11:21:40
i_3d2cef6f1439,c_f806b04fd947,both,B,2026-08-23 11:29:14
i_75308e2caa41,c_40d8a32ab5be,resource_card,A,2026-08-23 11:42:42
i_faad8ae73fb4,c_047236eaf9d6,resource_card,A,2026-08-23 11:45:26
i_a286b583e788,c_67060adb6353,both,B,2026-08-23 11:57:53
i_6e53969696ed,c_8197174db18d,resource_card,B,2026-08-23 12:01:33
i_b739404dc176,c_99677a73ba04,resource_card,A,2026-08-23 12:05:18
i_925b09a8874a,c_ed9aca5686a1,both,B,2026-08-23 12:07:19
i_50ed0a0a38c6,c_ddb0468a4468,resource_card,A,2026-08-23 12:08:57
i_029945cda7b0,c_5fe3134a6c53,both,B,2026-08-23 12:18:07
i_9b5fdc21c237,c_77da8a491c97,both,B,2026-08-23 12:22:36
i_4df4315c39dc,c_660a311dc08d,both,B,2026-08-23 12:23:01
i_5204beb05271,c_4b3afa80e1b1,resource_card,B,2026-08-23 12:36:53
i_e61d4e04b4b6,c_03f1a952bf38,both,A,2026-08-23 12:40:17
i_a16294a66ee1,c_6ea6b749aec6,resource_card,A,2026-08-23 12:48:44
i_44bfc3c39e22,c_1439deaf839c,both,A,2026-08-23 12:50:32
i_43c4df387714,c_9d94e504dbfe,both,A,2026-08-23 12:51:02
i_f0652da260c2,c_99c9b9fd05a7,resource_card,B,2026-08-23 12:56:30
i_8072b333c03a,c_2e53d3df16b7,resource_card,B,2026-08-23 13:04:08
i_e4f1e85547ad,c_42a533529094,both,A,2026-08-23 13:06:00
i_8541da268143,c_fb8c9cce7c62,both,A,2026-08-23 13:13:29
i_74dd003861f9,c_5d5603d96cb2,resource_card,A,2026-08-23 13:13:55
i_7919e4cf1351,c_7eb5670349cf,resource_card,B,2026-08-23 13:24:00
i_23ad1628e2c7,c_2bdb3d4067bb,both,B,2026-08-23 13:25:15
i_15124fc189d5,c_fdc39d7073d9,both,B,2026-08-23 13:32:20
i_22c95cac42d0,c_e596ddd382c4,both,A,2026-08-23 13:39:09
i_981de94485cd,c_058878ad9f0e,both,A,2026-08-23 13:39:20
i_248f9c69090f,c_e84737d74d74,both,A,2026-08-23 13:59:44
i_bd07c2f259b5,c_4a6dd266e938,resource_card,A,2026-08-23 14:02:53
i_6507c051b4a4,c_1c4f3b979623,resource_card,B,2026-08-23 14:04:07
i_6dd2cf0def9b,c_26d6ae080101,resource_card,B,2026-08-23 14:10:10
i_410830e4137f,c_bb72a263af65,resource_card,B,2026-08-23 14:11:16
i_07df5bb98726,c_2fbb038665f3,both,B,2026-08-23 14:18:04
i_86dbe0455fe7,c_f574e473f319,resource_card,B,2026-08-23 14:24:57
i_28f070464afd,c_698dae3b4094,resource_card,A,2026-08-23 14:30:15
i_94727c61b97b,c_bc214038c1aa,resource_card,A,2026-08-23 14:30:28
i_c6fbcd9deaca,c_e037f3aadc4e,both,A,2026-08-23 14:33:23
i_d04a2e72bca6,c_4a94377e64bf,both,B,2026-08-23 14:33:38
i_5dd485c1ad6a,c_f77652fae7e1,resource_card,B,2026-08-23 14:39:48
i_97ef359bb776,c_b69bc9ce20e0,resource_card,A,2026-08-23 14:41:13
i_eddf311f54fb,c_b504c0edf8b6,resource_card,A,2026-08-23 14:55:43
i_e5b26b14d79b,c_9e72bf6cde3e,both,A,2026-08-23 15:05:40
i_eaa36f3bb962,c_94c3d7a9383c,both,A,2026-08-23 15:07:40
i_48756bc4f882,c_349115e1893e,both,A,2026-08-23 15:38:36
i_4a3dc47823a8,c_60c1c6248874,resource_card,A,2026-08-23 15:41:45
i_58ceaa01915a,c_36ef5927ffe2,both,A,2026-08-23 15:44:07
i_a86f36fa638c,c_642ebe6ca185,both,B,2026-08-23 15:48:22
i_fe5271243cc6,c_512a2c8665e5,both,B,2026-08-23 15:55:14
i_6098e50e6a01,c_fac4065253ce,resource_card,A,2026-08-23 16:03:30
i_2b09bf89e92b,c_172c9cc0ffa7,both,B,2026-08-23 16:05:02
i_10ee7defd08a,c_fbdc5038aa79,resource_card,B,2026-08-23 16:08:58
i_a739969cf5b4,c_3bf414dd79e6,both,A,2026-08-23 16:08:52
i_df1aabeca3ea,c_cfd184c7bd5b,both,B,2026-08-23 16:10:20
i_df5e2f7b9bd8,c_e1b57a91b21e,resource_card,A,2026-08-23 16:32:37
i_f99e4722d180,c_129b8dbc5e3c,both,A,2026-08-23 16:35:35
i_37a7f0e0a5e5,c_964603ee56da,resource_card,A,2026-08-23 16:37:07
i_fdfb9ca6a868,c_86249b190512,both,A,2026-08-23 16:37:51
i_7951d86a507a,c_1d145297710a,both,A,2026-08-23 16:39:25
i_dbff48bd3cb3,c_e3d11ffb8b11,resource_card,B,2026-08-23 16:41:39
i_f4021a47d19e,c_847e353d60c6,resource_card,A,2026-08-23 16:53:28
i_8128b3478a28,c_890155591024,both,A,2026-08-23 16:56:34
i_59745e19167b,c_93bc20fe2908,both,A,2026-08-23 16:59:45
i_30ecdc680f1e,c_60c79f6e6aef,both,B,2026-08-23 17:04:41
i_40f4972865ab,c_ad66d221ecba,resource_card,A,2026-08-23 17:12:50
i_6cc4d1569585,c_5a2a53fa1ffe,resource_card,A,2026-08-23 17:12:59
i_4d7ad782958b,c_e7899b66472b,both,B,2026-08-23 17:14:34
i_65bf0adc035b,c_5436c6844de1,both,B,2026-08-23 17:22:40
i_8ee7f835e901,c_155d7a4c6947,both,B,2026-08-23 17:22:48
i_7ca899eda3d9,c_2aef11f2f5e4,resource_card,A,2026-08-23 17:27:45
i_8d8079caf2c5,c_3e5d78291628,resource_card,A,2026-08-23 17:31:50
i_3e18683fa13e,c_c5571b9da5ba,both,A,2026-08-23 17:45:47
i_78bd17ad7c4a,c_985986f0e7f9,resource_card,B,2026-08-23 17:45:42
i_e067d45537b9,c_6c74caa7e993,resource_card,B,2026-08-23 17:52:27
i_97121e010f03,c_6e59ebe01c39,both,B,2026-08-23 17:55:22
i_3d376a8db67b,c_836c5b4d7d49,resource_card,B,2026-08-23 17:56:58
i_d8d32af2084c,c_9cc64937d150,resource_card,A,2026-08-23 18:00:48
i_2836ab8aad7b,c_0ada59f42977,resource_card,B,2026-08-23 18:10:54
i_9a5d471b76c2,c_934b99f96e7d,resource_card,B,2026-08-23 18:12:28
i_3ae93eea13b1,c_016f459c2ef5,both,B,2026-08-23 18:21:03
i_a4191f5aa509,c_ae5382af42e9,resource_card,B,2026-08-23 18:25:56
i_ab8ace8d3e74,c_3bd962d04ed7,both,B,2026-08-23 18:26:18
i_c7036a679b60,c_b72d49b55440,resource_card,A,2026-08-23 18:42:33
i_efab2df5e235,c_a001e349efea,both,A,2026-08-23 18:44:29
i_61e66141ce81,c_c82ef6fa30ca,resource_card,A,2026-08-23 18:51:21
i_841885549048,c_bf65d047030a,resource_card,A,2026-08-23 19:03:40
i_74960208fbb6,c_baf1fb09a130,resource_card,A,2026-08-23 19:04:49
i_9695a852fcf8,c_424ecdcab2aa,both,A,2026-08-23 19:11:08
i_3a2e9505d904,c_862ce87be6f9,resource_card,B,2026-08-23 19:22:19
i_4e414f47c0a9,c_95df8f4d2b66,resource_card,A,2026-08-23 19:41:29
i_bf7c8f6b7328,c_860bfd33095e,both,A,2026-08-23 19:43:38
i_07267ac99745,c_264ebb15f13f,resource_card,B,2026-08-23 19:49:48
i_65011679caa3,c_3de5f7080609,resource_card,B,2026-08-23 19:50:34
i_943f9bde2ec1,c_f0a47f0f1f28,both,A,2026-08-23 19:51:06
i_82cb5dbe3575,c_04648eb6e611,both,B,2026-08-23 19:52:19
i_43f48536c276,c_d51b2412705a,resource_card,A,2026-08-23 19:52:35
i_e4e9778398da,c_9b6696434c56,resource_card,A,2026-08-23 20:05:51
i_2acf2c62bff6,c_d5eab3ac7503,resource_card,B,2026-08-23 20:13:45
i_937c333c52c5,c_fa7837b7b4ee,both,A,2026-08-23 20:18:58
i_36734e1992d3,c_45e43afacc9e,both,A,2026-08-23 20:20:59
i_bc9dd46b7117,c_604a794f80b9,resource_card,B,2026-08-23 20:21:10
i_e6e9c2f31775,c_2deada0fceed,resource_card,B,2026-08-23 20:23:35
i_ef3889ec2b3e,c_60e7d0882c13,both,B,2026-08-23 20:35:50
i_210788d24b05,c_b7c6e246c847,resource_card,B,2026-08-23 20:38:44
i_0a5a4b3b2054,c_08101dc4d189,both,B,2026-08-23 20:39:55
i_fb34b5f72c33,c_195599c97c37,both,B,2026-08-23 20:50:07
i_8e1c76bd0929,c_7dfe88f9f481,both,B,2026-08-23 20:55:13
i_f8f458394046,c_26dc7dc6a202,resource_card,A,2026-08-23 21:02:57
i_985367e9e06d,c_2c05437676fd,resource_card,B,2026-08-23 21:13:24
i_22eeeb83d28d,c_7ceb3dd1c358,resource_card,A,2026-08-23 21:27:12
i_bcb8ae6d9740,c_229d14bdb889,resource_card,B,2026-08-23 21:28:56
i_cb5804c1c38b,c_249ae0ff28a7,resource_card,B,2026-08-23 21:32:03
i_46b616876883,c_35fa2d0e24d2,resource_card,A,2026-08-23 21:35:37
i_628e920340c7,c_143629200c93,resource_card,B,2026-08-23 21:38:46
i_3e5e150d348e,c_9695aa2ec76d,both,B,2026-08-23 21:41:32
i_f33acc6953c0,c_055ac9c39963,both,B,2026-08-23 21:51:28
i_e0f5403aa34d,c_b555417a3d9c,resource_card,A,2026-08-23 21:58:39
i_b9610498aa15,c_e14758979bcf,both,B,2026-08-23 22:07:40
i_41b32216092b,c_b0e8cec91d5c,both,A,2026-08-23 22:08:35
i_bca8338bb9cb,c_a1a34df3274b,both,B,2026-08-23 22:11:54
i_83e528558282,c_bdbf211833fa,both,A,2026-08-23 22:17:36
i_ef486c56000f,c_11f46ded0d12,both,A,2026-08-23 22:19:56
i_43be1beb406f,c_0bcec252258c,both,A,2026-08-23 22:20:11
i_6f0c697bf2d1,c_b9f7c22eff02,resource_card,A,2026-08-23 22:21:36
i_77b45e731a10,c_25beda0be63a,both,A,2026-08-23 22:25:31
i_12ec23670b2e,c_d32bc86d216c,both,A,2026-08-23 22:37:47
i_975272397001,c_5afa1fe3faf8,resource_card,A,2026-08-23 22:41:25
i_46af6c5ae8c2,c_c7fe7f89b70d,both,B,2026-08-23 22:42:53
i_bf8d1797dcf6,c_d2eb2f9f0a74,both,A,2026-08-23 22:45:26
i_b0252ffd819e,c_ec089b5e8922,both,A,2026-08-23 23:15:25
i_e0ee04975c7b,c_88c287ed61ef,resource_card,B,2026-08-23 23:16:17
i_3b35223712ce,c_d14ed670feaf,both,B,2026-08-23 23:22:22
i_afb2b1c78d1e,c_841c0d0285f0,both,A,2026-08-23 23:31:53
i_21e78f47be7d,c_2ebddffac2d4,resource_card,A,2026-08-23 23:34:05
i_aa480c8e574b,c_e94fc2dc57c6,both,A,2026-08-23 23:39:17
i_7c78892fbf13,c_0ebf3757cd96,resource_card,A,2026-08-23 23:56:36
i_50667e2004f4,c_8bf5e9f9080e,resource_card,A,2026-08-24 00:16:08
i_b62860dc16d0,c_80b1a4a129a4,both,A,2026-08-24 00:16:07
i_7e915e4c2720,c_566f874ee87c,both,A,2026-08-24 00:17:08
i_f1905267d6f6,c_3e9be0edfa1b,both,B,2026-08-24 00:21:06
i_bd121b24a1f4,c_29579db6e832,resource_card,A,2026-08-24 00:29:01
i_c9c5c2c28601,c_f0056dd5436b,both,B,2026-08-24 00:44:25
i_3deaff5cb89f,c_bac5cf9e4fca,resource_card,A,2026-08-24 01:00:06
i_de26ce65991c,c_f4b75a40bdb1,both,B,2026-08-24 01:01:31
i_a2faac6a0f2b,c_ae572b999772,both,A,2026-08-24 01:05:37
i_0f1b1c8a7e7a,c_bf68dee6dfc7,both,B,2026-08-24 01:07:16
i_a5a113196def,c_fd9f188d9e27,both,B,2026-08-24 01:44:11
i_80c5aec08761,c_1d1b4cb42347,resource_card,B,2026-08-24 01:52:38
i_6672102a7309,c_6a1a48c9d2b3,resource_card,B,2026-08-24 02:31:30
i_0cf52c37ad4b,c_6ff50da361e7,both,B,2026-08-24 02:37:11
i_b18b1b910b6a,c_0d219c69ef15,both,B,2026-08-24 02:53:41
i_d021b0f8526d,c_565f1c1a5eb5,resource_card,B,2026-08-24 02:54:23
i_e17db85c78df,c_d41f0c9382e5,both,B,2026-08-24 03:55:06
i_31a47eee18f6,c_be5afe1e1d29,resource_card,B,2026-08-24 03:56:20
i_06aa398ab0be,c_b93d4c1c74e6,resource_card,A,2026-08-24 05:26:49
i_29a31aa10979,c_ea91a4c53830,both,A,2026-08-24 05:47:35
i_0f454ed117cc,c_ce1ee3af167d,resource_card,B,2026-08-24 05:47:27
i_a3ca3b269c57,c_9d98f5e2c6f3,both,B,2026-08-24 05:52:47
i_d20c426a58af,c_fce94ac8b7f8,both,A,2026-08-24 06:30:20
i_4fb6070b1e1e,c_e976f4aa03f0,resource_card,A,2026-08-24 06:36:28
i_a78364a18e12,c_51af71b4b8d6,both,A,2026-08-24 06:52:38
i_f2468643c165,c_6c74f504e5d9,resource_card,B,2026-08-24 07:00:00
i_6ac38f6b0780,c_470474034dc5,both,B,2026-08-24 07:01:54
i_ac4230b445ba,c_20e07f5961a9,both,B,2026-08-24 07:03:37
i_1d3a4e95e779,c_74cc181da3de,both,A,2026-08-24 07:11:21
i_ab4b925f6ccb,c_49f64e7574d8,resource_card,A,2026-08-24 07:12:33
i_6c9bdb9c503a,c_68eda547ab75,resource_card,B,2026-08-24 07:15:30
i_8914b111c8b9,c_2ee91167f718,resource_card,A,2026-08-24 07:23:14
i_f8d8cb1b14d6,c_306fee8299e6,resource_card,A,2026-08-24 07:31:29
i_b3ac8c407989,c_67fb623817ac,resource_card,A,2026-08-24 07:57:45
i_a475e8ad3f2a,c_582d7e5570f4,resource_card,A,2026-08-24 08:05:57
i_89db49f87871,c_461b12ea594c,resource_card,A,2026-08-24 08:06:53
i_92d8b759669a,c_7fced3b06ce7,both,B,2026-08-24 08:13:20
i_14679730e193,c_31f9efd82ade,both,A,2026-08-24 08:19:13
i_3c820b435079,c_6c745ebbea16,resource_card,A,2026-08-24 08:24:49
i_b19ee3e7f679,c_af291dd80807,both,B,2026-08-24 08:47:25
i_5da9949a002b,c_da3a0473d125,resource_card,B,2026-08-24 08:56:46
i_cc4e508c449e,c_38b72b0a943c,resource_card,A,2026-08-24 08:56:56
i_d34c6950e1ff,c_451d561572b3,both,B,2026-08-24 09:04:17
i_cf6bdae7d8fb,c_6d1d84e96ab0,resource_card,A,2026-08-24 09:09:32
i_c4304ef8858b,c_f7f92cfc0f9f,resource_card,B,2026-08-24 09:11:21
i_c596665f4b39,c_1d81f5337d75,resource_card,B,2026-08-24 09:16:59
i_9ea058e7ba38,c_4183b8abc3a6,resource_card,A,2026-08-24 09:18:21
i_743cc16a8367,c_ac350c5a64df,resource_card,B,2026-08-24 09:18:22
i_45796469b359,c_a1c9679cac9f,both,B,2026-08-24 09:20:20
i_716cbac1d0fa,c_43503ab6ac67,resource_card,B,2026-08-24 09:25:53
i_5a4b5e5f1694,c_22a152a81e20,resource_card,A,2026-08-24 09:26:23
i_fd669553fba4,c_0fd2c35693c8,both,A,2026-08-24 09:28:42
i_6a52e7214577,c_e05e47699243,both,B,2026-08-24 09:35:47
i_89ebcd3fcffd,c_48507db61de6,resource_card,A,2026-08-24 09:39:01
i_580e047e4d93,c_5b869971028f,both,B,2026-08-24 09:42:43
i_64ea06f62a72,c_9f943ee1fdb8,resource_card,A,2026-08-24 09:45:07
i_7545481914ee,c_aa13497e041b,both,B,2026-08-24 09:55:08
i_150e38d41112,c_21a4d5d761f9,resource_card,B,2026-08-24 10:11:23
i_7b617695314a,c_ba74b859ba04,both,A,2026-08-24 10:13:53
i_c253c7fc58d3,c_72521d9de2a3,both,B,2026-08-24 10:15:10
i_d0336acffd32,c_d48246e0888a,both,A,2026-08-24 10:16:38
i_7bc6b673a10b,c_ec78b7f12bf9,both,B,2026-08-24 10:32:15
i_cf9b39de294b,c_7d8bb85b1282,both,A,2026-08-24 10:43:08
i_ea3b697570d1,c_618bc76108fb,resource_card,B,2026-08-24 10:45:44
i_eac13f2e1f38,c_b884d2e64cbb,resource_card,B,2026-08-24 10:56:38
i_e7b814113309,c_706cddaed1f0,resource_card,A,2026-08-24 11:09:44
i_46f89472064d,c_e62400ba6813,resource_card,B,2026-08-24 11:12:49
i_5fa70efbc0e3,c_866062fdf11d,resource_card,B,2026-08-24 11:15:05
i_e82baa5310bb,c_b2ea7244b8e6,resource_card,A,2026-08-24 11:15:27
i_fb83196d7522,c_d501f2421a11,both,B,2026-08-24 11:30:00
i_72b2347ec2ce,c_4da1b9cae0a4,both,A,2026-08-24 11:32:06
i_9c71c9104f62,c_f2d4b0bec9e6,resource_card,A,2026-08-24 11:34:34
i_cc012e0c0d70,c_21eb65ebf195,resource_card,B,2026-08-24 11:52:08
i_a1ca1e3fa17a,c_a437c3666878,resource_card,A,2026-08-24 11:54:15
i_a68945a07896,c_93912553fd76,resource_card,A,2026-08-24 11:57:32
i_3e7ef124dc33,c_dcd1843727f6,both,A,2026-08-24 12:00:21
i_d0f84a4e4907,c_17a9befbdc48,resource_card,A,2026-08-24 12:03:28
i_1f01b06b5886,c_937cc465417f,resource_card,B,2026-08-24 12:05:56
i_263364675bfb,c_a95ada6e5f16,both,A,2026-08-24 12:07:08
i_e71521022bf4,c_68d57dfc5c0f,both,B,2026-08-24 12:24:54
i_5ef6af13b3b4,c_61e0a110e3f5,both,B,2026-08-24 12:33:35
i_0b18d3ff379f,c_74908ea4487a,both,A,2026-08-24 12:35:22
i_23c624aa9626,c_33c71fc47349,resource_card,B,2026-08-24 12:40:05
i_a5fea9f1f44e,c_f9e13fe3acd0,resource_card,A,2026-08-24 12:55:51
i_66498857fef4,c_61664c440dff,resource_card,B,2026-08-24 12:56:48
i_90391d9422f4,c_2f8e92495b3e,both,A,2026-08-24 12:59:37
i_5cda0fc9bb7f,c_05aab147d8fa,both,A,2026-08-24 13:05:16
i_a6d7ec35b1c4,c_acd0ffeed0b9,both,B,2026-08-24 13:05:42
i_1854222a99d8,c_c5a2eedc7f10,both,A,2026-08-24 13:06:06
i_661c42cc1f91,c_9a6f9729d655,both,B,2026-08-24 13:13:58
i_bd7b182e58f7,c_86a28e4fba15,resource_card,B,2026-08-24 13:17:30
i_872c24b9c261,c_f29dfe9bce7d,both,B,2026-08-24 13:37:43
i_1d570f445ed0,c_652ff8d955d0,resource_card,A,2026-08-24 13:42:18
i_46a465fadb1d,c_8d9b6161b4dc,resource_card,A,2026-08-24 13:59:34
i_d88533bdd800,c_2c92fee4339b,resource_card,B,2026-08-24 14:10:52
i_d4db0a60bf0c,c_4420e3698bb7,both,B,2026-08-24 14:11:32
i_ffe28fa3fd66,c_86d144d06f0b,resource_card,B,2026-08-24 14:13:29
i_a1a1d8843385,c_f1fe17b58b72,both,A,2026-08-24 14:21:16
i_9e6b5e3e198a,c_210ca0963e8c,both,A,2026-08-24 14:22:25
i_397c580ecd04,c_013339685e32,resource_card,A,2026-08-24 14:23:07
i_fa4aa153bef0,c_402447ae8cb1,resource_card,B,2026-08-24 14:27:41
i_d10e89bb6122,c_5c207fc1ae8b,resource_card,B,2026-08-24 14:30:35
i_3255316de71f,c_60097e5bdafb,resource_card,B,2026-08-24 14:34:15
i_aa99dea535c5,c_d73589089d7a,both,A,2026-08-24 14:48:19
i_33f5dd05b532,c_0d27b302f67c,both,A,2026-08-24 14:52:00
i_1b847738986a,c_96409a950e6f,resource_card,B,2026-08-24 14:56:17
i_c730f327025c,c_313cb491b220,both,A,2026-08-24 14:59:58
i_208b948d1d4f,c_564ee91aefb3,both,B,2026-08-24 14:59:54
i_dfc368424583,c_12e157e09f91,resource_card,B,2026-08-24 15:00:18
i_04e383a5874b,c_e45595f6505a,resource_card,A,2026-08-24 15:12:58
i_afcbc5a36b90,c_0f10354f7c43,resource_card,B,2026-08-24 15:22:12
i_6a8077ae5084,c_a898f314437b,resource_card,B,2026-08-24 15:23:46
i_7a8955aab07f,c_d55b2d05f380,resource_card,A,2026-08-24 15:25:47
i_687025098b09,c_dd79d900021d,both,B,2026-08-24 15:34:50
i_423c62cfbbb0,c_304c4c01b268,both,A,2026-08-24 15:35:15
i_304e261d8774,c_b819d50208df,resource_card,B,2026-08-24 15:35:58
i_cf6ba1cb748c,c_0773a395f941,both,B,2026-08-24 15:50:00
i_28a4fe287c1a,c_4db2660a3564,resource_card,A,2026-08-24 15:55:20
i_18f345effa5b,c_19912df4abd5,both,B,2026-08-24 16:05:12
i_1b9a81a60d2d,c_f444b7abde16,both,A,2026-08-24 16:09:03
i_1d9225fade54,c_1c57b5f972a2,both,A,2026-08-24 16:11:42
i_83e031e0e821,c_2305bcec2836,resource_card,A,2026-08-24 16:21:24
i_ad3993d2dbf4,c_37f373c9cb58,resource_card,A,2026-08-24 16:31:57
i_319a931c6699,c_3e3925d9abc9,resource_card,B,2026-08-24 16:34:57
i_d9aacaf8b51a,c_279fb7ad0d8b,resource_card,B,2026-08-24 16:44:12
i_03314404a911,c_264a122a0863,resource_card,B,2026-08-24 16:48:56
i_a0d0f4dd980d,c_33322c342ad6,resource_card,A,2026-08-24 16:51:35
i_983a4e2435cc,c_8f8b4d78d92d,both,B,2026-08-24 16:52:26
i_3ddd97e3519b,c_11baa4cdef49,resource_card,B,2026-08-24 16:52:47
i_afcee864076a,c_9aca76c4e906,resource_card,A,2026-08-24 17:01:45
i_71b84a260220,c_cfab91b35c24,resource_card,A,2026-08-24 17:05:34
i_95ceedccc506,c_c17c33035d1a,both,A,2026-08-24 17:13:35
i_c988e0588763,c_d243e0f8783f,both,B,2026-08-24 17:16:53
i_5ed339525ca1,c_a80aa692bf01,resource_card,B,2026-08-24 17:22:38
i_f341c97f198f,c_1e0ef63c7080,both,A,2026-08-24 17:25:16
i_489a3ab0c02e,c_6e6b959f6d67,resource_card,B,2026-08-24 17:27:08
i_cece273f8047,c_d476b5e82380,resource_card,A,2026-08-24 17:38:52
i_b0c3fdd405eb,c_448543916395,both,B,2026-08-24 17:39:50
i_3248143909a3,c_86c5e1b575eb,resource_card,B,2026-08-24 17:43:42
i_5fb97af4f9d2,c_10117f2b78ea,resource_card,A,2026-08-24 17:44:42
i_c823f039a955,c_0c1a0b2802b0,resource_card,A,2026-08-24 17:49:14
i_7ce8d3b740e7,c_206ae96d2163,both,B,2026-08-24 17:50:15
i_b43688e5ddca,c_9053225aa816,both,A,2026-08-24 17:50:52
i_575218d4cd3b,c_d3db7f063499,both,B,2026-08-24 17:51:48
i_c7b5356834d5,c_5b5618db75a7,resource_card,B,2026-08-24 17:57:17
i_69b0d906563b,c_18d448289403,resource_card,B,2026-08-24 18:00:36
i_a69b36921a63,c_d61b4fc96f46,both,A,2026-08-24 18:02:13
i_34c31d824884,c_4e8670f19294,both,A,2026-08-24 18:06:18
i_5aad77df2091,c_3e4e7128af70,resource_card,A,2026-08-24 18:07:49
i_81c4d29649ac,c_fd2f052d5eed,both,B,2026-08-24 18:10:54
i_a54dbe36f4e3,c_3e777e399e04,both,A,2026-08-24 18:13:58
i_8f8c123e1d75,c_c77e5387e865,both,B,2026-08-24 18:25:02
i_95aabb92cd83,c_75a0bfd9c2c5,resource_card,B,2026-08-24 18:28:01
i_98e9d4eb186b,c_b2c59d1b9abc,resource_card,A,2026-08-24 18:34:23
i_454d40f4cbc6,c_3e0ee741d06a,resource_card,A,2026-08-24 18:36:50
i_26e4d0926458,c_caf6a3329ba6,both,A,2026-08-24 18:40:24
i_49c9e66b0cb8,c_fd6a71dd7b94,resource_card,A,2026-08-24 18:43:20
i_c8ee74784a97,c_8139e4373207,resource_card,B,2026-08-24 18:45:02
i_0e13158dfbc8,c_2c5d8c59168d,both,B,2026-08-24 18:47:59
i_4d823abdb27e,c_afdd801c33dd,both,B,2026-08-24 18:49:12
i_a274389cfdbc,c_7ea5530cb7c1,both,B,2026-08-24 18:49:28
i_70aa4d76d8ba,c_b0a863d0b9ca,resource_card,A,2026-08-24 18:50:38
i_84d15eb3f107,c_41765dc18bb6,resource_card,A,2026-08-24 18:59:14
i_06719d4dc842,c_026748df7bbc,both,A,2026-08-24 19:08:28
i_2604af2f8cca,c_959dbfc83f8e,resource_card,A,2026-08-24 19:08:59
i_c99474b7c6d5,c_ac0434e4f6a8,both,A,2026-08-24 19:12:31
i_39788a03a94c,c_b4c122d28fe8,both,A,2026-08-24 19:17:30
i_403b02e9cea6,c_e8f77521f3fb,resource_card,B,2026-08-24 19:22:11
i_92814125ea75,c_b5c11e85e7dd,resource_card,B,2026-08-24 19:24:16
i_847fb3531e97,c_cb2ee1d5de26,both,A,2026-08-24 19:27:49
i_da8a16b48c56,c_b446df48e72b,both,B,2026-08-24 19:31:04
i_4dd695252808,c_2d8f98dea94e,both,A,2026-08-24 19:40:48
i_5c92cfe91cf3,c_32a12ea21709,both,B,2026-08-24 19:42:01
i_aab9c3b1c162,c_d655e465b333,resource_card,B,2026-08-24 19:45:31
i_42f880f8ea4b,c_f23dd69be913,resource_card,B,2026-08-24 19:49:46
i_fbf5c1a06b8b,c_b1bee058aa36,both,A,2026-08-24 19:52:25
i_ac3edf6602cd,c_998eb35b8431,both,B,2026-08-24 19:55:50
i_f1e136322cc7,c_19a2112955a7,both,B,2026-08-24 19:56:06
i_56a9836bc82c,c_054eb86e1a4d,both,B,2026-08-24 20:00:32
i_3bab179bac23,c_e21284d992ee,both,A,2026-08-24 20:01:19
i_269388580c78,c_06829950cb6d,resource_card,B,2026-08-24 20:04:36
i_3aebcc4185bf,c_3c61d7d8cf06,resource_card,A,2026-08-24 20:06:35
i_8edb89a1902d,c_d8559a62c7bb,resource_card,B,2026-08-24 20:21:34
i_2c4c2b3ac080,c_18aad20b645a,resource_card,A,2026-08-24 20:25:22
i_c8248cf56047,c_8202f6f943c9,both,B,2026-08-24 20:26:04
i_5929ca57a8f5,c_96055b69a2d6,resource_card,A,2026-08-24 20:34:10
i_f555d80d6906,c_4c0221555f47,resource_card,B,2026-08-24 20:46:43
i_0ca39f9bf13f,c_556c2d32b093,both,B,2026-08-24 20:49:51
i_522d70b0b9f7,c_5c8e6f165b7e,both,A,2026-08-24 20:50:59
i_4ecf87a6c18b,c_727a63794b6c,resource_card,A,2026-08-24 20:53:26
i_370caf7c8137,c_c4010ec74b42,both,A,2026-08-24 20:53:27
i_a4a1bd8c7fe6,c_1c2dc17cb4cd,resource_card,B,2026-08-24 20:53:47
i_ddef59484487,c_a7590fa43481,both,B,2026-08-24 20:58:27
i_82dcbb154570,c_5e88dcb89834,both,A,2026-08-24 21:02:19
i_c98aea5541aa,c_b25d211d00f0,both,A,2026-08-24 21:06:38
i_22bec884cdd4,c_2eba9ea379c2,resource_card,A,2026-08-24 21:08:48
i_61b89ccd155c,c_045c599b6668,resource_card,A,2026-08-24 21:11:04
i_7252f1c635dd,c_ecca721541f1,both,B,2026-08-24 21:11:16
i_c66aa3f64ed6,c_17d90840e039,resource_card,B,2026-08-24 21:16:02
i_59f0276f37d2,c_e7dc57878c7e,resource_card,A,2026-08-24 21:16:22
i_a7ffe604db11,c_7e1939fa7003,resource_card,B,2026-08-24 21:17:03
i_50c69c73acf3,c_df483bf63a3c,resource_card,A,2026-08-24 21:42:22
i_d28df9bdb64b,c_af24076634dc,resource_card,A,2026-08-24 21:46:25
i_473f7e6c0014,c_7f8ba05a4fd5,resource_card,B,2026-08-24 21:54:07
i_f618df8b9208,c_874c308a4965,resource_card,B,2026-08-24 21:57:00
i_3a18d538cf34,c_6d60633a33a3,both,B,2026-08-24 21:58:01
i_1c7bf0b192e7,c_9302a0c897f0,both,A,2026-08-24 21:59:25
i_45b2270e2cf4,c_ef3953ccc161,both,B,2026-08-24 22:03:16
i_75ee23e8f40e,c_8cbd9191081e,both,A,2026-08-24 22:06:18
i_479061a23277,c_cd85b97de9ec,resource_card,A,2026-08-24 22:09:02
i_0912f06148e0,c_476930399520,both,A,2026-08-24 22:10:13
i_2853fa47e432,c_a8177f1e109a,both,A,2026-08-24 22:18:43
i_bd327217ea74,c_807f20bf75f9,resource_card,B,2026-08-24 22:19:26
i_43b8cb1eee42,c_502a01511df8,resource_card,A,2026-08-24 22:21:57
i_86eb23c58100,c_68fb134cb76a,both,A,2026-08-24 22:25:04
i_8b388ea42df0,c_16e22b52e3e6,resource_card,A,2026-08-24 22:25:18
i_2de11aaec14f,c_3f6321864b2b,resource_card,B,2026-08-24 22:27:32
i_df5f5a8be3f7,c_1f3129949581,both,B,2026-08-24 22:36:52
i_a2daa5a27061,c_5c35cf1cc605,resource_card,B,2026-08-24 22:52:04
i_2338d936e539,c_3649d6717def,both,B,2026-08-24 22:52:37
i_4a6f9e2ffc30,c_e7bab429037e,both,A,2026-08-24 22:59:13
i_db3047bcf8a5,c_49a253c3bd87,both,B,2026-08-24 23:01:33
i_2787aefd1ea3,c_4b57c3f31a01,resource_card,B,2026-08-24 23:10:27
i_8176f77fe335,c_4312e3394434,resource_card,A,2026-08-24 23:14:24
i_c15b3e5febf6,c_57923c7eb1c2,both,A,2026-08-24 23:24:02
i_f63ff36565d3,c_83ac5b2df605,resource_card,B,2026-08-24 23:33:26
i_1a17bf96ce3f,c_ee69286ad25d,resource_card,B,2026-08-24 23:33:29
i_7a3f465364b7,c_0d4f89b6b2a0,resource_card,A,2026-08-24 23:45:26
i_b23f65065c70,c_8a4f29ed8e23,resource_card,B,2026-08-25 00:21:02
i_65741de9de3c,c_87ae5d701abe,resource_card,A,2026-08-25 01:12:27
i_e4e9e0917fbc,c_f46ed508fa8b,resource_card,B,2026-08-25 01:15:47
i_97629cc1831e,c_45577b9b4f42,resource_card,A,2026-08-25 01:31:34
i_5b034883cd0e,c_05b0d15b346c,both,A,2026-08-25 02:23:00
i_ab127a6be84d,c_6950aac05713,both,B,2026-08-25 02:40:18
i_7b85ca9b6785,c_0117dcc2a481,resource_card,B,2026-08-25 02:40:50
i_64843089bf08,c_7aecb71e61b3,resource_card,B,2026-08-25 02:55:11
i_c60585849c53,c_21515ace8df8,resource_card,A,2026-08-25 03:15:49
i_a4c894fc3b5d,c_bf42c6325e47,both,B,2026-08-25 03:23:27
i_d205b60a6f26,c_a5d27762cd58,resource_card,A,2026-08-25 03:34:40
i_d5a0dbe77710,c_eb3465010d40,both,A,2026-08-25 03:58:57
i_ffa6783780b4,c_15bc12a4ad92,both,A,2026-08-25 05:13:59
i_2795d3d0610e,c_9a0b53422a3a,both,A,2026-08-25 05:59:24
i_6b229d8e997e,c_82cfb862577f,resource_card,B,2026-08-25 06:02:12
i_0044e526620b,c_42eceba20bf1,both,B,2026-08-25 06:11:32
i_f7b0182f7264,c_bbacfc64fc22,resource_card,A,2026-08-25 06:16:54
i_ce21808dd1b1,c_8b179137687b,resource_card,B,2026-08-25 06:19:54
i_a785946685b9,c_b45d72968403,resource_card,B,2026-08-25 06:49:07
i_be0d89852882,c_c0316d7a9306,both,A,2026-08-25 07:06:11
i_f5cc060c439f,c_24812d12264d,both,B,2026-08-25 07:16:47
i_c442514e8265,c_db1088f974dc,both,A,2026-08-25 07:31:54
i_3ff3abc610ee,c_93ae918c05e1,both,B,2026-08-25 07:39:27
i_5cd4a636e4b7,c_5d6fd3c4756e,both,A,2026-08-25 07:46:55
i_a1ca83c816f4,c_79a12da11451,resource_card,B,2026-08-25 07:47:46
i_a5fd24c8a3c0,c_ef56f3e3a0c9,resource_card,B,2026-08-25 07:53:03
i_a773b8057836,c_5ee07c00a223,resource_card,B,2026-08-25 07:53:58
i_f767ab6abc39,c_d2498746435e,resource_card,A,2026-08-25 08:34:10
i_13a365ebb4ef,c_212746f4df90,resource_card,A,2026-08-25 08:38:26
i_d84d48c7345d,c_fd1656659f6c,resource_card,A,2026-08-25 08:45:58
i_81270d49d973,c_0ae1d9fc41b8,resource_card,A,2026-08-25 09:00:49
i_8a836cad77de,c_2290a4c1ef87,both,B,2026-08-25 09:01:01
i_cec7b24b0de5,c_1ddb72e89203,resource_card,B,2026-08-25 09:05:31
i_83a453845054,c_2519727a3aee,resource_card,A,2026-08-25 09:13:17
i_72aa3686b229,c_8c1bf37f67bc,both,A,2026-08-25 09:17:19
i_d437632be9cc,c_284ef5625913,resource_card,B,2026-08-25 09:18:02
i_d8b4c4531a10,c_b3ba93f9575e,resource_card,A,2026-08-25 09:46:11
i_071e7018f3f2,c_187dd799d0af,resource_card,B,2026-08-25 09:49:25
i_42fb035a2d2a,c_242d87ac4d82,resource_card,A,2026-08-25 09:59:44
i_99b1f8fc5e61,c_69cd87bec7cd,both,B,2026-08-25 10:00:29
i_88241e2f483b,c_f3cded4fd6df,resource_card,B,2026-08-25 10:04:40
i_d3fee3723006,c_a281b0dd9937,both,B,2026-08-25 10:09:34
i_dc71f1ea09d5,c_07be0bbc7ce1,resource_card,B,2026-08-25 10:22:40
i_50da8b113db4,c_c8e6bd20e4b4,resource_card,A,2026-08-25 10:26:11
i_9bef5f8a50b6,c_5142078657b4,resource_card,A,2026-08-25 10:32:27
i_b13d62876d40,c_7b672ec59c37,resource_card,B,2026-08-25 10:38:13
i_d006545466b1,c_385b625fb395,both,B,2026-08-25 10:43:48
i_a54896d9a67b,c_984693a5bcd0,both,A,2026-08-25 10:46:58
i_95070c33046e,c_d8bcc15eeae5,both,B,2026-08-25 10:47:51
i_3d94f24654a7,c_f352348a16d2,both,A,2026-08-25 10:54:51
i_490dde7137e1,c_19423c29a103,both,B,2026-08-25 10:56:33
i_41157052bfd9,c_f1f2c8a60a51,resource_card,B,2026-08-25 10:58:54
i_d0a2011f209e,c_6511c11780af,both,B,2026-08-25 11:02:58
i_0478defec3b7,c_c4c79f31b0a7,resource_card,B,2026-08-25 11:09:56
i_59e1eeed5dd6,c_011cb7b993cb,resource_card,B,2026-08-25 11:15:46
i_a6162151b29e,c_979a8e5c3dbc,both,A,2026-08-25 11:15:56
i_2fc2a8d8f036,c_53d48a7f9576,both,A,2026-08-25 11:23:29
i_28fb056644d4,c_1f31b5fca16b,resource_card,B,2026-08-25 11:27:25
i_f3bbfcba6030,c_04e3f2cb3727,both,B,2026-08-25 11:37:32
i_f7146a41c89c,c_85391e265594,resource_card,A,2026-08-25 11:38:00
i_5482a910e785,c_aa4ca673cc94,both,A,2026-08-25 11:40:43
i_8162b756bf53,c_437652a12fdb,both,B,2026-08-25 11:47:32
i_a78be44f78ed,c_ee26d3cf4aa0,resource_card,A,2026-08-25 11:54:55
i_c623037c7873,c_c13ffee0bc28,resource_card,A,2026-08-25 12:14:14
i_5672c4ccbc69,c_1a68846a679b,both,B,2026-08-25 12:29:14
i_451ff8e68fba,c_9b2dcbc4c097,both,B,2026-08-25 12:30:26
i_c4e2ea5e671e,c_f84f8dad7f67,resource_card,B,2026-08-25 12:30:34
i_f91c3ab9a164,c_ce3765577f76,resource_card,A,2026-08-25 12:31:24
i_2119d582bc69,c_f72ef1f7c09d,resource_card,B,2026-08-25 12:33:08
i_4760af1ce3e2,c_fc6cef9f2011,resource_card,B,2026-08-25 12:33:06
i_8803471282c1,c_bd0b60ffe866,resource_card,A,2026-08-25 12:33:44
i_00c6ae4297da,c_d8651542e3e1,resource_card,B,2026-08-25 12:34:42
i_ebd5ef61a56b,c_21d699ad746f,both,B,2026-08-25 12:35:05
i_35ec523fe553,c_ddb0c58695c0,resource_card,A,2026-08-25 12:37:45
i_a20d0417efdf,c_7d33a0eef767,resource_card,B,2026-08-25 12:40:40
i_13865c2f682c,c_0c2f80164464,both,A,2026-08-25 12:42:00
i_98f8b19dd8ad,c_a54dfa5b70a1,resource_card,B,2026-08-25 12:45:20
i_9eb72f227a2d,c_bef086c56a77,both,B,2026-08-25 12:52:53
i_308209b4fda7,c_9dd4e1a0a97c,resource_card,A,2026-08-25 12:59:54
i_b1ebcfb0683d,c_770074e706a8,both,A,2026-08-25 13:07:41
i_2625f18e2510,c_1ed3976e42a5,resource_card,B,2026-08-25 13:11:56
i_a8979fda0c5e,c_e3166baaec09,both,B,2026-08-25 13:22:25
i_9ba9cd90af45,c_fb5c9738d3be,resource_card,A,2026-08-25 13:45:31
i_4279acdb2d9a,c_816360055618,both,A,2026-08-25 13:48:25
i_06f8d8abcb33,c_75987d404cad,resource_card,B,2026-08-25 13:50:43
i_ad008e05a7e5,c_6094a4f48b5d,both,B,2026-08-25 13:51:30
i_77f546b03f78,c_b183e78761b8,resource_card,A,2026-08-25 13:52:14
i_f5f392b434db,c_a7935ecb1ca8,resource_card,A,2026-08-25 13:53:49
i_5d614b4f8ab3,c_b40256f916e6,resource_card,A,2026-08-25 13:57:34
i_0e6f05c9ca38,c_ed6b3e2b60da,resource_card,A,2026-08-25 14:23:05
i_a44a05f1a5c6,c_10a56a36b20e,resource_card,A,2026-08-25 14:25:43
i_c2c398bb0785,c_1c8c381713cd,both,B,2026-08-25 14:26:35
i_9e69e05af5db,c_a1113da0f81c,both,A,2026-08-25 14:29:43
i_8ae74e2812c8,c_fafb9a58950f,resource_card,B,2026-08-25 14:30:59
i_18f8bb491616,c_3cc9b5fceb5d,both,B,2026-08-25 14:36:26
i_fc77975db817,c_7c385f5185e5,resource_card,B,2026-08-25 14:36:54
i_15015ad02c86,c_998bebb05735,both,B,2026-08-25 14:38:41
i_cf0344d0ddba,c_0e293b6d62fa,resource_card,A,2026-08-25 14:41:36
i_3295fd9759c1,c_de3ecda8ec48,both,A,2026-08-25 14:43:33
i_1a1adfbacaef,c_db3209f2b1f9,resource_card,B,2026-08-25 14:44:56
i_befc8043faf0,c_e37ccfe662d0,resource_card,A,2026-08-25 14:57:50
i_1c74353c4052,c_5c7f160923bc,both,A,2026-08-25 15:05:30
i_d5757c93365d,c_69fe2db6ec56,both,A,2026-08-25 15:15:18
i_a19dfbcf8e00,c_c424fa55df15,resource_card,B,2026-08-25 15:20:07
i_278cd6c13b8b,c_5584ba82c364,both,A,2026-08-25 15:21:52
i_78f2826f3438,c_d0aff16c36d8,both,A,2026-08-25 15:24:32
i_92e131a92fd5,c_a09cf51b1e7b,both,B,2026-08-25 15:24:40
i_54b37ef8753f,c_c82aa1a29233,both,B,2026-08-25 15:34:05
i_1ea679b88257,c_ebe9b33acb31,both,B,2026-08-25 15:36:29
i_0c6127582aed,c_17d75f313431,both,B,2026-08-25 15:42:07
i_64094936dddf,c_c0d686fc69c7,both,B,2026-08-25 15:44:03
i_ea206bbf3215,c_2f44a2144421,resource_card,B,2026-08-25 15:56:44
i_268d2c469af4,c_7bda2fb434ef,both,B,2026-08-25 15:58:26
i_40f9e9d1bb1e,c_9f89f4c4423c,both,A,2026-08-25 16:12:31
i_f96c615e00a9,c_8dba1b4acfa8,resource_card,A,2026-08-25 16:13:41
i_31593670f7cf,c_187c4e6179dc,resource_card,A,2026-08-25 16:18:08
i_3bd7dc4b82ca,c_958e864f6459,both,B,2026-08-25 16:18:35
i_b81618608304,c_b1296012c232,both,A,2026-08-25 16:23:25
i_01271a3fc3ab,c_8c21f82b36a5,both,B,2026-08-25 16:30:16
i_40dac16bfd2a,c_64ad0aa27c3a,both,A,2026-08-25 16:33:37
i_8e163f5a8d15,c_b66b5d616475,resource_card,B,2026-08-25 16:34:12
i_f11938502343,c_8cb0523a6b71,resource_card,B,2026-08-25 16:35:44
i_1d8c30cd1fff,c_1ac1d6311052,resource_card,A,2026-08-25 16:49:29
i_8ffea4997d46,c_f597194ae684,both,A,2026-08-25 17:02:34
i_33f5251722df,c_b91102caaadd,both,B,2026-08-25 17:07:27
i_0955815ed23c,c_b101a313543f,resource_card,B,2026-08-25 17:08:09
i_f39ef8d12526,c_5b2e43cb570c,resource_card,A,2026-08-25 17:16:00
i_245b9a239284,c_4e5af7462fc4,resource_card,A,2026-08-25 17:23:36
i_c6c16ff756c4,c_79a1e57824c2,both,A,2026-08-25 17:29:34
i_9ce26bce4749,c_f7b6a9636acd,resource_card,B,2026-08-25 17:42:28
i_5718ecab0e62,c_561c19432348,resource_card,A,2026-08-25 17:43:07
i_64065da1b3b2,c_6a188e1be83e,resource_card,A,2026-08-25 17:44:31
i_fd12db69bd18,c_11bdc90277c3,resource_card,B,2026-08-25 17:45:31
i_9cfd67f4ab94,c_b89e5e159c02,both,A,2026-08-25 17:45:49
i_fd99b5a43cdf,c_c72301ddb2bf,resource_card,B,2026-08-25 17:46:12
i_9a94c4658be5,c_64fd3e0e39a3,resource_card,B,2026-08-25 17:58:58
i_12678c7ee9a4,c_a784ce9f1386,both,A,2026-08-25 18:03:33
i_2644ab20e6a3,c_87408498b37b,both,B,2026-08-25 18:13:55
i_8dda18e2ab98,c_abbe5372eb6a,resource_card,A,2026-08-25 18:31:13
i_616ef35017df,c_9d90570d467f,resource_card,B,2026-08-25 18:33:25
i_69a08c4dbdef,c_3a7e30f8f58d,resource_card,B,2026-08-25 18:35:21
i_c7d5b3af3511,c_aab94abc2787,resource_card,B,2026-08-25 18:52:59
i_e841aec78eb2,c_7e085f6ec460,both,A,2026-08-25 18:57:15
i_1d7e92639366,c_8ae4ae56aba2,resource_card,A,2026-08-25 18:58:16
i_99197fc5428b,c_c1af6a0217bc,both,A,2026-08-25 19:02:52
i_39d6fcedaa67,c_00d14d15d62d,resource_card,B,2026-08-25 19:15:49
i_ef42823e310d,c_7decc19de917,both,B,2026-08-25 19:22:06
i_a72a156d11da,c_84b8eb06f27f,resource_card,B,2026-08-25 19:25:00
i_901d9f0d87d6,c_f0a549805347,resource_card,B,2026-08-25 19:36:35
i_4a209d0dbb0e,c_0a612dd29f74,resource_card,A,2026-08-25 19:36:55
i_39670182c99c,c_feabf7798c6f,both,B,2026-08-25 19:38:01
i_77e8b1864b0c,c_61fc790c1ce1,both,B,2026-08-25 19:43:57
i_19c669099554,c_68b35483a687,resource_card,B,2026-08-25 19:49:53
i_960ce7d4fda0,c_490e5b7df80e,both,A,2026-08-25 19:51:20
i_8383bdc804ad,c_c82e3648c958,both,A,2026-08-25 19:53:53
i_eb8f4791f3bb,c_738dfe97ba82,resource_card,A,2026-08-25 19:56:07
i_88d95e3a7c8a,c_7ec895dd6990,both,A,2026-08-25 19:56:40
i_0d0bf47389f7,c_c130a4d76382,resource_card,A,2026-08-25 19:57:27
i_dc54db0883b4,c_152fb321f665,both,B,2026-08-25 19:59:40
i_945c982f20fb,c_01f11db359d1,resource_card,B,2026-08-25 20:01:36
i_e932bfa2aa31,c_1fa05c306f4a,resource_card,A,2026-08-25 20:01:53
i_d032fb66a6d9,c_a3ddd7155159,resource_card,B,2026-08-25 20:02:10
i_2a3bad79967b,c_f9977a6534e4,resource_card,A,2026-08-25 20:02:53
i_bccc91f17c5f,c_a8755a501077,resource_card,B,2026-08-25 20:17:13
i_5d03768412a7,c_36a767deaa46,resource_card,A,2026-08-25 20:17:46
i_5467b92eb09c,c_21b2f088df7c,resource_card,A,2026-08-25 20:18:39
i_5dd695f5fba6,c_8ab93c850708,both,A,2026-08-25 20:19:43
i_c4f90e24bd32,c_0b2bcb3e582a,resource_card,A,2026-08-25 20:22:27
i_ce73e9070957,c_19d91f3b4775,resource_card,B,2026-08-25 20:28:15
i_4d5aba70abf5,c_66decacc17b8,both,A,2026-08-25 20:31:17
i_dcab60c64254,c_1b84d6f1e041,both,B,2026-08-25 20:33:53
i_dba8d6cfa88f,c_8bd6006a049f,resource_card,B,2026-08-25 20:34:25
i_6af0df18b533,c_e66c1d76add7,both,B,2026-08-25 20:45:48
i_b7687f55d277,c_9b2d4eef2fd3,resource_card,B,2026-08-25 20:52:16
i_314bfec7bcb4,c_b7ae41b82cb8,resource_card,A,2026-08-25 20:54:45
i_1058a26db671,c_a2c058bd06d0,both,A,2026-08-25 20:57:13
i_1801b2a83ff3,c_31129b669aef,resource_card,B,2026-08-25 20:58:13
i_5116f070412c,c_2dc31b67443a,resource_card,A,2026-08-25 21:02:00
i_c102adc3751b,c_c702f0de421b,resource_card,B,2026-08-25 21:02:35
i_a5301794ee35,c_72944db88bbc,resource_card,A,2026-08-25 21:05:56
i_a34c57ffde91,c_76dc412d1cf2,both,A,2026-08-25 21:09:12
i_0cdbcad55bf5,c_94206362eabd,both,B,2026-08-25 21:10:47
i_fc18b42e34b1,c_82f44d0fdef8,resource_card,A,2026-08-25 21:10:47
i_03c8056d5f71,c_38cae90e043d,both,B,2026-08-25 21:13:36
i_ab28d8c81ccb,c_8f8962f3ef09,resource_card,B,2026-08-25 21:15:36
i_f230f057748a,c_87e9308cff60,resource_card,A,2026-08-25 21:16:46
i_c6d53d736735,c_e6d3d96368a5,resource_card,B,2026-08-25 21:17:47
i_7646ac687569,c_c1014701facc,resource_card,A,2026-08-25 21:18:26
i_4ef85c531555,c_9fab3744af62,resource_card,A,2026-08-25 21:20:53
i_a2ffb45304fc,c_62953594e2a8,resource_card,A,2026-08-25 21:24:47
i_22441d916e0d,c_d8132cefb814,both,A,2026-08-25 21:26:05
i_58d11ddbd711,c_a60a2b2ee449,resource_card,B,2026-08-25 21:26:06
i_cc02fc33e2f1,c_37f85d37eb26,resource_card,A,2026-08-25 21:28:24
i_5d1d70aaa740,c_ffa5427e2b45,resource_card,B,2026-08-25 21:28:48
i_e862a098e6f7,c_c5d07b0ea5e7,both,B,2026-08-25 21:31:31
i_7f5a29c60287,c_8b910001aa58,both,A,2026-08-25 21:42:33
i_35f04d4a4b41,c_bfde945240d3,both,B,2026-08-25 21:43:13
i_2eef3f288037,c_7cdd59e0c330,resource_card,A,2026-08-25 21:47:00
i_e0632fe1f529,c_93b89155b8b8,resource_card,A,2026-08-25 21:55:04
i_2b8d1396bc7b,c_917190669bcc,resource_card,A,2026-08-25 21:56:09
i_571908fe7a26,c_5e59c58d9cab,both,B,2026-08-25 22:01:04
i_e35d0c8bd630,c_a0b0b92056e5,both,B,2026-08-25 22:08:21
i_f390c2021436,c_744331c7043d,resource_card,B,2026-08-25 22:08:40
i_05bd83d6c995,c_bdbc353d3ef0,both,A,2026-08-25 22:09:02
i_b31152074f1f,c_25091bc3f906,resource_card,A,2026-08-25 22:11:00
i_529484bc1f2c,c_03fb728a8e61,both,B,2026-08-25 22:17:39
i_06af69f1ff19,c_3c78c9bdd50e,both,A,2026-08-25 22:18:08
i_2100a1750bab,c_554c3e821d7d,resource_card,B,2026-08-25 22:26:20
i_fb4636f8d044,c_4fc371ed6c1d,both,B,2026-08-25 22:26:57
i_66adc3e99ace,c_095c2fb82296,resource_card,A,2026-08-25 22:27:47
i_fb748c628956,c_8782a047f04f,both,B,2026-08-25 22:31:55
i_d6bc32512642,c_a56471cb37bc,both,A,2026-08-25 22:40:12
i_64fd1e2204e0,c_8e9a4e86a237,resource_card,B,2026-08-25 22:42:27
i_74bcef5430d9,c_c76366bde1b7,resource_card,B,2026-08-25 22:46:06
i_652dcec30abd,c_a069fb019413,resource_card,B,2026-08-25 23:03:18
i_898f583907f6,c_0c67ca768198,both,A,2026-08-25 23:06:18
i_21419b12913e,c_9347a4a585b3,both,B,2026-08-25 23:18:10
i_2ec41c3f929a,c_06fc643142d9,both,B,2026-08-25 23:18:36
i_aa95a9e0ca51,c_d6bc57253f9e,resource_card,A,2026-08-25 23:18:35
i_75352ad6c1f1,c_dab5503dfdb8,both,A,2026-08-25 23:25:58
i_cd1910707e20,c_54facbb9bdee,both,A,2026-08-25 23:34:48
i_50ad78e8615c,c_3bf47244d4a1,resource_card,B,2026-08-26 00:07:45
i_3b4e33215847,c_b6e14739fa64,both,A,2026-08-26 00:08:26
i_2cb1c4b2ca38,c_bf2f88499695,both,B,2026-08-26 00:44:32
i_ef6524a18a41,c_70ae7329c97d,resource_card,B,2026-08-26 00:47:03
i_2ece6af5f5c0,c_dcbaa514a099,both,B,2026-08-26 00:49:00
i_321a058fa92e,c_7304a62d2c17,both,B,2026-08-26 00:49:17
i_c0acb719e85a,c_8d95c0002bb3,both,B,2026-08-26 01:23:13
i_7e1d8c777e13,c_16c4a072cf04,both,A,2026-08-26 01:32:49
i_d09133ced2de,c_12ea5929db0f,both,B,2026-08-26 01:37:18
i_8612f113c4e4,c_f6d575acf14c,both,A,2026-08-26 01:45:32
i_da08150d4dfd,c_bef475d4c439,resource_card,B,2026-08-26 01:47:07
i_41ba399d4774,c_c6332edac19c,both,A,2026-08-26 02:00:41
i_585295392804,c_790647f198df,resource_card,B,2026-08-26 02:06:54
i_ca647d4af662,c_65ec940d5e19,resource_card,B,2026-08-26 02:08:14
i_1d4e976ad97a,c_8ded800790f3,both,B,2026-08-26 02:31:50
i_1ce3fc2a3542,c_e350622e7fe3,resource_card,B,2026-08-26 02:56:17
i_0b318821a009,c_3455ddb20d1a,resource_card,A,2026-08-26 03:01:38
i_8c5e46acc2ad,c_c67f29c8d8a5,both,B,2026-08-26 04:27:14
i_6c668dd7b338,c_76bd61e56c00,both,A,2026-08-26 06:13:46
i_0eabdba27ca2,c_2c4ce616f567,resource_card,B,2026-08-26 06:45:32
i_42a7a3ddbcc2,c_78a1291eba70,both,A,2026-08-26 06:51:30
i_9b7c008a8c5d,c_2c5de40dce75,resource_card,B,2026-08-26 06:55:01
i_b33b58adffd4,c_71e0f41b002a,resource_card,A,2026-08-26 07:17:10
i_1e08415fe69d,c_87b636f98756,resource_card,A,2026-08-26 07:45:41
i_2855dc4ff2cd,c_9f8ebcdb9f57,resource_card,B,2026-08-26 07:58:33
i_6c83cd95818e,c_50a6ddbab2f4,both,A,2026-08-26 08:20:55
i_f79746ec23f4,c_9e6d9cc43672,resource_card,A,2026-08-26 08:40:28
i_9c94abaceaea,c_b97d1d733031,both,B,2026-08-26 08:51:25
i_2b2263065b29,c_754c0bae7da3,both,B,2026-08-26 09:04:32
i_5d9816788390,c_8902fcb0691d,resource_card,B,2026-08-26 09:10:22
i_5f9c51410e3b,c_1f0411a2985b,resource_card,B,2026-08-26 09:23:11
i_fcefa53042db,c_7505e2466a56,both,A,2026-08-26 09:31:03
i_e0205c063cbe,c_0adeba5ed369,resource_card,B,2026-08-26 09:37:12
i_0a93feff42d3,c_6a64fb4c44c9,both,B,2026-08-26 09:45:14
i_ce5db93c93e3,c_34fe00ffd4ca,both,A,2026-08-26 09:57:42
i_818bfabd4f9f,c_01625e3e1b5e,resource_card,A,2026-08-26 10:03:19
i_c99946925898,c_03636eb0b124,resource_card,A,2026-08-26 10:18:20
i_0c0529ffbc45,c_130250331ac0,both,A,2026-08-26 10:24:04
i_d890defea0ab,c_4d1fd3be4dc3,both,B,2026-08-26 10:28:51
i_ebbfc6faaceb,c_1ed1e3aeb458,both,A,2026-08-26 10:29:09
i_6c604ce418f0,c_843bbcf75a50,both,A,2026-08-26 10:34:26
i_48d08eada671,c_cf98fe465749,both,B,2026-08-26 10:43:03
i_695c32775062,c_ee5c20b78e8b,resource_card,B,2026-08-26 10:43:12
i_d47e0a1f1e96,c_3ab95bd8f321,resource_card,B,2026-08-26 10:53:36
i_e4ac40c63fd5,c_db6ee5c16079,both,B,2026-08-26 11:05:02
i_754bee175ff0,c_7b7c96d82ee7,resource_card,B,2026-08-26 11:12:25
i_c4880b35fefb,c_fbd2165151db,resource_card,B,2026-08-26 11:17:46
i_3685f6ea5689,c_f1fae31703fd,resource_card,B,2026-08-26 11:19:27
i_1317251e06fe,c_4d2f3bc0a257,resource_card,B,2026-08-26 11:21:41
i_626667466209,c_30380955cd5f,both,B,2026-08-26 11:25:25
i_ce505bf8983e,c_4afeed1917d0,resource_card,A,2026-08-26 11:37:20
i_12eb620f33a9,c_be79ab1efee5,resource_card,B,2026-08-26 11:43:02
i_2e0d3cd7f18c,c_ae209ce96c0b,resource_card,B,2026-08-26 11:50:31
i_e4c010683abf,c_446e6a2764e3,resource_card,B,2026-08-26 11:53:16
i_4a3a556d85b5,c_81640b7d131e,resource_card,A,2026-08-26 11:54:29
i_47c3649515db,c_aba11d98b2bb,both,B,2026-08-26 12:01:26
i_9ec73fd94261,c_d1547a13442b,resource_card,B,2026-08-26 12:02:51
i_6bfbb1f9c363,c_2487f53bbf10,both,A,2026-08-26 12:04:43
i_4cc5f6ef8f2e,c_62bfb54f23bf,both,B,2026-08-26 12:06:47
i_df390e9d148b,c_22a19dd685c9,resource_card,B,2026-08-26 12:09:56
i_dbd54a9613e9,c_fe8a97fb7a1a,resource_card,A,2026-08-26 12:12:29
i_ae48626bf120,c_af3feb776a5c,resource_card,A,2026-08-26 12:16:39
i_1329e6bd5259,c_3f2f6129be3f,both,B,2026-08-26 12:21:16
i_80fe755b08eb,c_eb5a13d9e0a7,both,B,2026-08-26 12:23:53
i_e6ac642d8e03,c_0fb2e387e961,both,B,2026-08-26 12:25:46
i_b97e2f773da4,c_74db7a4c9eab,resource_card,B,2026-08-26 12:28:29
i_4a05c99f27c3,c_8f6b8fabc5f1,both,B,2026-08-26 12:32:06
i_c217a8a738a2,c_122579b0c3cd,resource_card,B,2026-08-26 12:33:07
i_c0724a1e49a6,c_889e5137cc85,both,B,2026-08-26 12:37:39
i_91b07a44f4e6,c_24d74b0ec4e8,both,A,2026-08-26 12:40:05
i_87b6f6839df8,c_30f725105ea6,resource_card,A,2026-08-26 12:42:55
i_37134ac7beaf,c_99515367202e,both,A,2026-08-26 12:43:53
i_a53898aba167,c_7bc00aee233b,both,B,2026-08-26 12:45:58
i_7399c3fa6698,c_afe182606c25,both,B,2026-08-26 12:47:11
i_6796a66234a5,c_6d8c3395ad5e,resource_card,A,2026-08-26 12:47:47
i_9bf927683f23,c_5dca7201f970,resource_card,A,2026-08-26 13:06:15
i_6535a575b7bf,c_ace86ab6de90,resource_card,A,2026-08-26 13:08:18
i_fca3b0368c48,c_0280b4bc6e50,resource_card,A,2026-08-26 13:13:48
i_f0539e9de3b7,c_6afdeea3d670,both,A,2026-08-26 13:13:58
i_acd74ad919de,c_76f411617033,both,B,2026-08-26 13:20:37
i_c3f54bfc7cbd,c_1c74cd42bfab,both,B,2026-08-26 13:23:57
i_85400b349fab,c_c2090086ad61,resource_card,B,2026-08-26 13:24:26
i_b2f6d37e47eb,c_fa01fe10d272,resource_card,A,2026-08-26 13:26:05
i_11b67cceaac0,c_2b084315f3ba,both,A,2026-08-26 13:33:02
i_fe2e85dd0931,c_38e3cbbd7a72,both,A,2026-08-26 13:36:53
i_edcf27a68191,c_4322fca17534,resource_card,A,2026-08-26 13:39:02
i_2d3d9282f37e,c_0047463b53e1,both,B,2026-08-26 13:38:58
i_ccfa49c400de,c_477e55975d74,resource_card,A,2026-08-26 13:50:20
i_3c0a9936194b,c_8a0bc273c054,both,A,2026-08-26 13:58:58
i_5ecdc73ca10c,c_0edf8158383d,both,B,2026-08-26 14:04:26
i_8a5592f78ae1,c_dd013e9a148d,resource_card,B,2026-08-26 14:04:33
i_be6a04fd2cef,c_93c3b6162586,both,A,2026-08-26 14:08:38
i_d7e2ac5733e5,c_d3db8ff83d7b,resource_card,B,2026-08-26 14:09:44
i_46600800812f,c_dde9ffcf4f8c,resource_card,A,2026-08-26 14:12:26
i_85aa72673b52,c_aa0b35876a80,resource_card,A,2026-08-26 14:18:10
i_af4f45a6bcd7,c_f22e27855157,both,B,2026-08-26 14:20:00
i_e37a9a425e1f,c_11cbcec9af57,both,B,2026-08-26 14:24:36
i_4626165a6219,c_a1899ca188a7,both,B,2026-08-26 14:29:43
i_bdd8ad189bba,c_4668410b28fa,resource_card,A,2026-08-26 14:44:26
i_a7f7bd7636c8,c_ca9dc6f9d9a2,both,A,2026-08-26 14:46:39
i_dee366d45a5e,c_57cf1baa1214,both,A,2026-08-26 14:49:02
i_ae93beefd781,c_1b223abe1df7,both,B,2026-08-26 14:49:21
i_d4dc54b1aff7,c_78802239218c,resource_card,A,2026-08-26 15:04:47
i_132a471b8951,c_627c197dfb3c,both,A,2026-08-26 15:14:37
i_bd04f45ef1b6,c_c87e8aa71558,both,A,2026-08-26 15:21:13
i_50e8a40547ae,c_1faf1dd23fd2,resource_card,A,2026-08-26 15:26:50
i_7a7edafcc5a2,c_df49e2c42d2b,resource_card,B,2026-08-26 15:30:29
i_bb7c0afbf29a,c_b90ff0318a03,both,B,2026-08-26 15:37:55
i_eb948b0152ac,c_bb41cde36130,both,A,2026-08-26 15:45:25
i_4b2b0b2c12a0,c_655887b4c697,resource_card,B,2026-08-26 15:51:09
i_087e823c233f,c_78c7a1117def,resource_card,B,2026-08-26 15:53:37
i_823473886487,c_e9a499e609e2,resource_card,A,2026-08-26 15:54:03
i_d4a0b4b19362,c_dfb4d04b0153,both,B,2026-08-26 15:58:42
i_e0ecbb13f6e2,c_87a17fb98f94,both,A,2026-08-26 16:03:02
i_9f46e04b0de7,c_da23ab1a6676,both,A,2026-08-26 16:03:29
i_c6f183570a8f,c_7b85d4de8757,both,B,2026-08-26 16:09:16
i_9631c5a1b2ff,c_d6114035fc92,both,A,2026-08-26 16:21:11
i_a2525a80edc6,c_c3d4b7e7769d,resource_card,B,2026-08-26 16:40:20
i_be5f31aa9fab,c_9666d3a88d74,resource_card,A,2026-08-26 16:44:06
i_b3105c3233b5,c_ee8f97ae3b6d,resource_card,B,2026-08-26 16:57:20
i_c657de6033bc,c_a02fccb127c9,resource_card,B,2026-08-26 16:58:55
i_fa7571ee924a,c_38a3cfe60410,both,A,2026-08-26 17:04:04
i_d4869a7b6b03,c_e1903375a933,both,B,2026-08-26 17:08:04
i_53ab820f123b,c_75272937f3d1,resource_card,B,2026-08-26 17:10:09
i_eab37cf9a285,c_40d268e2ae90,resource_card,A,2026-08-26 17:13:42
i_d98c5a4e3a6f,c_aeaf1ad57449,both,B,2026-08-26 17:15:17
i_5a62b8a2525b,c_84a5cdab3307,resource_card,B,2026-08-26 17:17:48
i_cd3a24315f18,c_43cc1bd5a23c,resource_card,A,2026-08-26 17:23:35
i_5f14432683f2,c_233d80aa1997,resource_card,B,2026-08-26 17:24:01
i_1b902d3e370f,c_c9744243be76,both,A,2026-08-26 17:32:16
i_28c986d33d3e,c_a9d07fe0f73e,both,A,2026-08-26 17:36:16
i_dd4a1a2a2a5c,c_b6800d6b9fcf,resource_card,B,2026-08-26 17:38:20
i_40b96bf1b4de,c_2519e3a062d9,resource_card,B,2026-08-26 17:41:56
i_3b1b5e24d53e,c_413af9f27d75,both,B,2026-08-26 17:48:00
i_7cf22e776536,c_0b3f0733fcae,both,A,2026-08-26 17:48:54
i_28882fc11be9,c_a5952fd8d00e,resource_card,A,2026-08-26 17:52:29
i_b66987e2dd53,c_5459b7c1fdc8,resource_card,A,2026-08-26 17:56:48
i_a663cc179688,c_50e476ee9c9f,both,B,2026-08-26 17:58:24
i_1bdf9be65d55,c_8842148095c1,resource_card,B,2026-08-26 18:01:51
i_3f4dfa537f3e,c_5dbac6ea26b9,both,B,2026-08-26 18:03:13
i_1c88ab50c268,c_2b6de0bcdadd,both,B,2026-08-26 18:04:06
i_95ee2ec7f9a6,c_24e4be402cce,resource_card,A,2026-08-26 18:06:48
i_b982c74dbe1a,c_f5de9a339ed6,resource_card,A,2026-08-26 18:07:31
i_9ad2a92683b0,c_e890a0a754c0,resource_card,A,2026-08-26 18:14:04
i_d7cee83b42e8,c_43d37b4b227b,resource_card,B,2026-08-26 18:20:53
i_ae96cb1a6021,c_be770e2fc803,both,B,2026-08-26 18:46:34
i_6c7078af9409,c_3c583a7e56b9,both,B,2026-08-26 18:48:09
i_264b4ea6c340,c_781fc2f21686,resource_card,A,2026-08-26 18:49:09
i_94d252a7e28b,c_6a6907726258,resource_card,A,2026-08-26 18:50:15
i_265b63bd728d,c_0c92401b9902,both,A,2026-08-26 18:52:48
i_067b2b3c07aa,c_9ab391b35522,both,A,2026-08-26 18:56:09
i_4786b0a0319a,c_ac4bb237c18e,resource_card,A,2026-08-26 18:56:34
i_c504d436671f,c_2fac6f308d26,resource_card,A,2026-08-26 19:02:26
i_be77423ccb64,c_20cd787f5aa6,resource_card,A,2026-08-26 19:05:11
i_3eb9410c6b85,c_943dbf4829d1,both,B,2026-08-26 19:11:11
i_bfdf874a6765,c_3fde5a33c259,both,B,2026-08-26 19:28:45
i_376e60486c28,c_055c6d6672bf,resource_card,B,2026-08-26 19:54:41
i_f5f481828147,c_8d4a3ea14dfa,both,A,2026-08-26 19:59:32
i_3d9641623f00,c_acf5506bb233,both,B,2026-08-26 20:03:16
i_a159ef462f43,c_09a428a9c0c5,resource_card,B,2026-08-26 20:06:43
i_6e038a523439,c_2ae409e006d0,resource_card,A,2026-08-26 20:11:28
i_ff3477b3182b,c_36134441f0d7,both,B,2026-08-26 20:17:17
i_38ca4adeb007,c_a8fda59a25e0,resource_card,A,2026-08-26 20:17:24
i_ff63db11621b,c_20d0f3b67d11,both,B,2026-08-26 20:19:40
i_15b88a91a436,c_5388a31331d9,both,B,2026-08-26 20:23:02
i_e84c30b591c6,c_3646cee7fd50,both,A,2026-08-26 20:27:55
i_a76627bb73c0,c_349d54ab4a24,both,A,2026-08-26 20:32:06
i_91ef3138afa3,c_a90023abc23c,resource_card,A,2026-08-26 20:40:03
i_222b4c3d48e8,c_a7359b3df289,resource_card,B,2026-08-26 20:40:58
i_9707e37e6db7,c_915d7b586376,resource_card,A,2026-08-26 20:46:32
i_9e78877d9923,c_fed25164c3ee,resource_card,A,2026-08-26 20:46:54
i_9f534211cf55,c_92cd67f2893b,resource_card,B,2026-08-26 20:52:51
i_e2ea01654cb4,c_9a032f99f716,both,A,2026-08-26 20:53:19
i_bcd054c975af,c_a3dfdc1fd135,both,B,2026-08-26 20:57:59
i_81c71cd24b32,c_340faa80950d,resource_card,B,2026-08-26 20:58:49
i_abc08c5bdbb8,c_b133d080c546,both,A,2026-08-26 21:01:01
i_da3006b567a7,c_f66067555532,resource_card,A,2026-08-26 21:02:06
i_13b2875930d2,c_ef33729ea010,both,A,2026-08-26 21:09:18
i_a7f591545d1b,c_d45a92461622,resource_card,A,2026-08-26 21:10:59
i_f7cbc0dda1e8,c_1177ff092f04,both,A,2026-08-26 21:17:43
i_73668f024a81,c_4ec904c177ee,resource_card,A,2026-08-26 21:21:10
i_94bcc1cbc9bf,c_e2a2e50a666f,both,B,2026-08-26 21:21:20
i_beeca8181be3,c_6afc14acc7c7,both,B,2026-08-26 21:24:37
i_bcaa79ddb11a,c_742eaf7dd55b,resource_card,B,2026-08-26 21:25:15
i_73379f8847f7,c_9f0054b62e70,resource_card,A,2026-08-26 21:29:25
i_7ef5fea3a1b1,c_a97e38a46c6f,resource_card,B,2026-08-26 21:30:34
i_57850e295956,c_159a17772f34,both,A,2026-08-26 21:34:40
i_8ef7928cb49b,c_2ed3acd1045e,both,A,2026-08-26 21:35:48
i_53c0a604e1a0,c_a28dede1bc36,both,A,2026-08-26 21:38:18
i_5aded8331808,c_dedcb8112670,both,A,2026-08-26 21:46:15
i_95537924a930,c_9c299f5afd11,resource_card,B,2026-08-26 21:47:48
i_84c40ea6033a,c_57087d0887e9,resource_card,B,2026-08-26 21:52:11
i_10a7da2f1c02,c_4f2d818e23ca,both,A,2026-08-26 21:52:23
i_12dc73092aa4,c_05632653b8f4,resource_card,A,2026-08-26 21:53:42
i_2de9292e178d,c_3ae8ba2e0144,resource_card,A,2026-08-26 21:54:06
i_c658bcc713e7,c_75fa3fb32002,both,A,2026-08-26 21:56:54
i_c9dd3f76c4d1,c_476a5b6e5791,both,B,2026-08-26 21:58:41
i_ad68be6d05fe,c_fbfe44d5b946,resource_card,A,2026-08-26 22:00:05
i_1bd8d0787ecc,c_10482ca61c3b,resource_card,B,2026-08-26 22:05:45
i_1e1b8732d50a,c_409e04672805,resource_card,B,2026-08-26 22:07:23
i_1a45c856bc64,c_1e8661f8a0e8,resource_card,A,2026-08-26 22:09:15
i_96be802ebbaf,c_09d770da3c57,resource_card,B,2026-08-26 22:09:17
i_e0ca2b0a442c,c_0b817949d98f,both,B,2026-08-26 22:22:32
i_664eddd95add,c_0e81c9565526,resource_card,A,2026-08-26 22:25:08
i_b97df48fad43,c_43e678f04ba9,both,B,2026-08-26 22:27:14
i_668d8ebce146,c_a63596c9949a,resource_card,A,2026-08-26 22:33:43
i_971624aadd2f,c_9138464c9a6c,both,A,2026-08-26 22:39:09
i_3896577aca66,c_97d83c49dc11,resource_card,B,2026-08-26 22:39:37
i_d3edb8c6c48e,c_933e71babfa2,resource_card,A,2026-08-26 22:42:59
i_0d6f3fe4813c,c_7b6c3dc8651e,both,A,2026-08-26 22:46:33
i_a37bb9ff97eb,c_1b77e4bcb7d8,both,A,2026-08-26 22:48:41
i_15c45367b24f,c_944b55c53aad,both,B,2026-08-26 22:52:10
i_228dcfb2b5fe,c_501401116eeb,resource_card,B,2026-08-26 22:53:33
i_f2bfd45d8eab,c_aa83bc06da5c,resource_card,A,2026-08-26 23:00:54
i_3364fd75cabf,c_56825005e420,resource_card,A,2026-08-26 23:02:38
i_a64e99b6cc5a,c_a856ec7376ac,both,A,2026-08-26 23:15:16
i_64c64684830a,c_5099d5536131,both,B,2026-08-26 23:15:17
i_05d1d54033c4,c_97522b094557,both,B,2026-08-26 23:15:35
i_0ff3b6ab33f6,c_ad523a9905bf,resource_card,B,2026-08-26 23:33:03
i_ae3488f6748e,c_15aa21713e93,resource_card,B,2026-08-26 23:36:25
i_fe4e7b788135,c_f6ccf5eceef0,resource_card,A,2026-08-26 23:46:04
i_c2262607b8c9,c_067f95272005,resource_card,B,2026-08-27 00:16:21
i_6069df5a4fe0,c_0793c62f4ed0,both,A,2026-08-27 00:23:04
i_05fd55b55200,c_0eac6d2bab1e,both,A,2026-08-27 00:53:20
i_26e0bf47a425,c_773a7c763ef3,resource_card,B,2026-08-27 00:55:04
i_c725870571ac,c_190e9386ba71,both,B,2026-08-27 01:02:47
i_2adbd26cbeb8,c_17a6cff994ca,resource_card,A,2026-08-27 01:59:17
i_afd7a1cb1d19,c_d3f7496f7ac0,resource_card,A,2026-08-27 01:59:52
i_02aed91c4c3a,c_3f7548024125,resource_card,B,2026-08-27 02:36:58
i_60a920b070fc,c_f3cad7255828,both,A,2026-08-27 03:03:10
i_bead510eb77e,c_34b401917b1a,resource_card,A,2026-08-27 03:41:45
i_41233fe554a4,c_0229189dcd20,resource_card,A,2026-08-27 04:16:11
i_864e605de0b5,c_a0f619fc6514,both,A,2026-08-27 05:15:22
i_8943757fce3a,c_80776ecbb2ab,both,B,2026-08-27 06:08:08
i_5e5500f0f47e,c_60b4a12ce09b,resource_card,B,2026-08-27 06:11:31
i_6ce3a28b5378,c_1783a8786e63,both,B,2026-08-27 06:25:35
i_e3b1011a31ca,c_66dbcfe9c567,resource_card,B,2026-08-27 06:34:14
i_a34c98be5c6b,c_ec7cc6256138,both,A,2026-08-27 06:39:11
i_a868ee0c8ae0,c_89736c1a9cd0,resource_card,A,2026-08-27 06:39:20
i_a601273e2f2a,c_26d43bf71f48,both,A,2026-08-27 06:39:27
i_e09ab3474a66,c_fb6ca9c7ef71,resource_card,B,2026-08-27 07:02:29
i_21ea5e8adcb1,c_ecd783f8e29c,resource_card,A,2026-08-27 07:08:24
i_48f0f9615712,c_53b8b3a485f2,both,A,2026-08-27 07:10:46
i_624255bd8cad,c_eb860c0c559d,both,B,2026-08-27 07:15:54
i_9287976d8d21,c_98941efbb2fa,resource_card,A,2026-08-27 07:17:09
i_a5567261edea,c_bcb19dbf5af9,resource_card,B,2026-08-27 07:33:05
i_c7f34a755eb7,c_5915d1077068,both,A,2026-08-27 07:34:23
i_106d972a23eb,c_57ac87ccf689,resource_card,B,2026-08-27 07:45:06
i_9748288f5dbd,c_2b7adbd89f91,resource_card,B,2026-08-27 07:50:34
i_62b4da8f4b80,c_20cefa0ad5f8,both,A,2026-08-27 07:55:52
i_0c486fe6ad90,c_c19aecbaf608,both,A,2026-08-27 08:04:13
i_c435b6261ac9,c_9df6a72341ad,both,B,2026-08-27 08:15:13
i_bcae4dc75bb0,c_37dfba03e23c,both,A,2026-08-27 08:17:32
i_c31ea0910a55,c_cfb26c2bfc7f,both,B,2026-08-27 08:19:31
i_295008a32d91,c_63866c26b0dc,resource_card,A,2026-08-27 08:20:28
i_77a073473922,c_132ab3862eea,resource_card,A,2026-08-27 08:49:06
i_3fe7d79901fa,c_1c35d63c1a14,both,A,2026-08-27 09:04:45
i_fe5d1c733cf4,c_52319c83134d,both,B,2026-08-27 09:05:56
i_0cd25a40323f,c_f187389f96bb,both,B,2026-08-27 09:20:35
i_25c9ff9562dd,c_4955f98cc8fd,resource_card,B,2026-08-27 09:21:27
i_463ed987cb47,c_e917d3224c3d,resource_card,B,2026-08-27 09:45:02
i_d5fb3ca20da5,c_042e89a2cb45,resource_card,B,2026-08-27 10:02:51
i_dc661f89f077,c_6c607a342eb3,resource_card,B,2026-08-27 10:05:36
i_7084ac75ca75,c_d776a0eece0d,resource_card,B,2026-08-27 10:09:16
i_e4ec1ba64d12,c_02cfd8da8702,resource_card,A,2026-08-27 10:16:08
i_ca7b6ad09568,c_245b27d06c90,resource_card,A,2026-08-27 10:20:57
i_cc012235b439,c_2cc3d4f4f8f5,resource_card,B,2026-08-27 10:25:19
i_3968ee4438f1,c_45521ed393d4,both,A,2026-08-27 10:26:28
i_690a4303bec4,c_fc9dc71048cf,both,B,2026-08-27 10:28:14
i_2adfca7f2ef9,c_0901dda43c72,resource_card,A,2026-08-27 10:29:28
i_33710cdd7e8e,c_a6180fd225e6,both,A,2026-08-27 10:34:58
i_b57b2d83f399,c_548b09336649,resource_card,B,2026-08-27 10:43:51
i_19a74a2563df,c_fe87cbd36f53,resource_card,B,2026-08-27 10:45:24
i_5c377a782716,c_c82c496d615f,resource_card,B,2026-08-27 10:49:39
i_ccd170a21282,c_986f4b02ee70,resource_card,A,2026-08-27 10:54:53
i_8a3faa72df38,c_da6f90b8350f,both,B,2026-08-27 11:02:20
i_b811441cd55b,c_982c5c4d3ee7,both,B,2026-08-27 11:04:18
i_c0499b3aacf8,c_ce4581e8e61b,resource_card,B,2026-08-27 11:06:48
i_ce57c26ad2ec,c_1ac807728a96,resource_card,A,2026-08-27 11:15:32
i_045e3380916b,c_133553992c2a,both,A,2026-08-27 11:18:47
i_a81d927a1f40,c_a1affccceab1,both,B,2026-08-27 11:24:43
i_d48866719fda,c_d95b8785b02f,resource_card,B,2026-08-27 11:35:07
i_da7d1feddba9,c_718925fd2029,both,B,2026-08-27 11:39:46
i_586b2485f824,c_28a359176867,resource_card,B,2026-08-27 11:49:20
i_4ab7d23072c0,c_d0bc22b37806,resource_card,A,2026-08-27 11:53:51
i_b4f26bca0829,c_40851b0cda38,both,A,2026-08-27 12:02:57
i_825947a941a5,c_61d8ca4d4310,resource_card,A,2026-08-27 12:05:49
i_9155eda5700b,c_563acb86286b,resource_card,B,2026-08-27 12:06:43
i_e57beb84e3fc,c_7838819790d3,resource_card,B,2026-08-27 12:09:06
i_3ce8bb315a13,c_8098750f9131,both,B,2026-08-27 12:10:47
i_472d40a44986,c_e9276bd949e4,resource_card,A,2026-08-27 12:14:33
i_6f23cee9d4d9,c_cfc470dce84c,resource_card,A,2026-08-27 12:22:26
i_38465fc14255,c_e00e0c9cdf2e,both,A,2026-08-27 12:23:30
i_483ed01c668c,c_af7d89491fba,both,A,2026-08-27 12:30:08
i_0a728c6b5824,c_699ba724c12a,both,A,2026-08-27 12:31:06
i_6e1d573d63a8,c_dd39ed2c90cf,both,B,2026-08-27 12:36:54
i_ee7d740152c8,c_20dd5b5cf458,both,A,2026-08-27 12:41:47
i_7d574906254e,c_d4142db67201,resource_card,B,2026-08-27 12:45:10
i_8f8b4f5d74ba,c_43a808a3a306,both,A,2026-08-27 12:51:25
i_7e4e269698b0,c_69c4bde693ab,resource_card,B,2026-08-27 12:58:59
i_00963cf74bb3,c_5bc846d96192,resource_card,A,2026-08-27 13:00:57
i_22b316fc31ce,c_10a4a55433a2,resource_card,A,2026-08-27 13:12:19
i_cf19a8cddec7,c_63befdb429ab,resource_card,B,2026-08-27 13:13:23
i_abe42f25f69b,c_303d55585a0b,resource_card,B,2026-08-27 13:20:35
i_6ce8819e8245,c_5bca0b359f84,resource_card,A,2026-08-27 13:28:10
i_15845c40d8dc,c_eb5ad069652d,resource_card,B,2026-08-27 13:31:08
i_a43c23d52832,c_95f0dc5dfbef,both,B,2026-08-27 13:35:35
i_212e2e4c87e0,c_c28e73db1146,both,A,2026-08-27 13:37:22
i_83f091c042b3,c_cccb4f2b5032,both,A,2026-08-27 13:40:50
i_e82408972ece,c_45bd0256bfdc,resource_card,A,2026-08-27 13:44:01
i_8561e20df128,c_8fa0267d3080,both,A,2026-08-27 13:45:58
i_e0d551a01687,c_d4333de8419c,both,A,2026-08-27 13:50:52
i_019bb30a8906,c_024eacda4e7a,both,A,2026-08-27 13:52:28
i_20d32a32f531,c_2493da9677ce,both,A,2026-08-27 13:57:32
i_e367fe65bc19,c_20fcf995736b,resource_card,B,2026-08-27 14:08:21
i_cd7eec3b99c9,c_32da96fda711,resource_card,B,2026-08-27 14:09:10
i_edeb9218d1ae,c_619c5eaf391a,resource_card,A,2026-08-27 14:11:27
i_12a7348875fd,c_c289ef12e2af,resource_card,B,2026-08-27 14:11:44
i_eac2026d7642,c_9cf70b2c86c8,both,A,2026-08-27 14:35:35
i_0119a5ff12e0,c_eed25d8fcd96,both,A,2026-08-27 14:46:30
i_00eb8a9f10f9,c_7bf08c6ea999,resource_card,B,2026-08-27 15:05:55
i_5a787a171fe3,c_03636fe1e864,resource_card,A,2026-08-27 15:08:45
i_6057690fd53c,c_1e986bb7c473,both,B,2026-08-27 15:14:32
i_9786323c9bcf,c_88284e445114,resource_card,A,2026-08-27 15:16:22
i_34866f84e5bf,c_484502fc5f89,resource_card,B,2026-08-27 15:48:43
i_ef99e5fa601a,c_269fd249f66f,resource_card,B,2026-08-27 16:07:00
i_ffa19a98309d,c_43ac8c294380,both,A,2026-08-27 16:14:05
i_2573fc178aee,c_eb63eefba6e1,resource_card,B,2026-08-27 16:18:01
i_89597a161c12,c_8cefb8fef723,resource_card,B,2026-08-27 16:22:36
i_37acd893bef3,c_455b29b19dc6,both,A,2026-08-27 16:36:53
i_9a5f206fd3a2,c_c297068d8d91,resource_card,B,2026-08-27 16:37:46
i_656fa4c97c7a,c_c9d6bea0d9d8,both,A,2026-08-27 16:43:13
i_d72a50a3c10f,c_10e50f9d7326,both,A,2026-08-27 16:43:28
i_0112fe1ae3a3,c_cf91baa85dcc,both,A,2026-08-27 16:46:25
i_a272fcaeac38,c_799cbcfa7470,resource_card,A,2026-08-27 16:55:03
i_395acf736403,c_1175a2c01bc3,resource_card,B,2026-08-27 17:06:32
i_e7b6c84ab9ec,c_a418e09559cb,both,B,2026-08-27 17:07:29
i_d8a4ed42b0a0,c_b04099682d6a,resource_card,A,2026-08-27 17:07:56
i_25d135ec34c6,c_366e4a3b87d6,resource_card,A,2026-08-27 17:09:17
i_633732dafe55,c_14f12e4f15cb,resource_card,B,2026-08-27 17:10:37
i_2831029ae1ed,c_7c1958e10f27,resource_card,B,2026-08-27 17:11:53
i_024a211abbae,c_7dd0938c4f73,resource_card,B,2026-08-27 17:22:02
i_527142cbab85,c_d9498ac775e4,both,A,2026-08-27 17:25:53
i_2edf6455e5a4,c_56d27a6d754c,both,A,2026-08-27 17:38:35
i_8ac121d6f6ff,c_1b7b1f9d1359,both,B,2026-08-27 17:39:02
i_c38258dd844f,c_50a4a4c124cb,resource_card,B,2026-08-27 17:43:45
i_1cf7917e1f6e,c_c6fd38b33d3e,both,A,2026-08-27 17:45:25
i_a854f71cdb40,c_d649ff19a976,resource_card,A,2026-08-27 17:51:24
i_d86e9a56a6d1,c_b4f6e67ec6ba,both,A,2026-08-27 17:51:42
i_29c13ecd3e56,c_b14ca709197d,resource_card,B,2026-08-27 17:55:40
i_e718991ffd1d,c_8d281e4d3cf4,both,A,2026-08-27 17:59:35
i_52901c20d66a,c_e71accc487e4,resource_card,A,2026-08-27 18:01:40
i_f48117c0ef4e,c_8de8117ccbf1,both,B,2026-08-27 18:03:52
i_47973be6d677,c_00ffebb9bda7,both,B,2026-08-27 18:13:31
i_407fef976593,c_a0560f7c2f41,resource_card,B,2026-08-27 18:14:30
i_f01d54a2b843,c_731ceeee00ba,both,A,2026-08-27 18:17:34
i_42d47b3e7b9f,c_acb7ea5b6471,both,B,2026-08-27 18:21:52
i_b6258a1a1625,c_0cea9d64a032,both,A,2026-08-27 18:23:27
i_7874897ef641,c_04a1184942b3,resource_card,B,2026-08-27 18:25:08
i_dc50d3df321b,c_22af1348f064,resource_card,A,2026-08-27 18:32:51
i_c298a4e960cf,c_0981328fdf80,resource_card,A,2026-08-27 18:37:36
i_29ed8315bc3a,c_53cb1b94ea8e,both,A,2026-08-27 18:40:09
i_679915f0c1b1,c_e49a4390c330,both,A,2026-08-27 18:42:52
i_a7e1137db17e,c_a91ed84e5c68,both,A,2026-08-27 18:43:54
i_1f1d6df91c59,c_4d0cbbbf2c2a,resource_card,A,2026-08-27 18:44:56
i_7e4c7cbaec05,c_6f7076fdfc84,resource_card,A,2026-08-27 18:45:52
i_76ca57b44a40,c_b18903515256,both,A,2026-08-27 18:48:27
i_6f069870287b,c_0106825d7333,resource_card,B,2026-08-27 18:49:41
i_71e90b4fed81,c_55c0ae5067d1,resource_card,B,2026-08-27 18:49:59
i_e442ce418552,c_282dc5cc6fdf,resource_card,B,2026-08-27 18:55:43
i_b3bb646b9e5b,c_8d659861c016,both,A,2026-08-27 19:00:39
i_7d33a9729852,c_a34f8f626731,both,B,2026-08-27 19:10:58
i_20e2093f1fd1,c_b2e11c0ad325,both,B,2026-08-27 19:15:17
i_2ccb419b169e,c_ebb6aea6666e,both,A,2026-08-27 19:16:05
i_8b504554d959,c_13c9a1c5c152,both,A,2026-08-27 19:17:05
i_e3e9eafa0fb0,c_1741ed369ce3,resource_card,B,2026-08-27 19:18:25
i_ba96ace431f4,c_7b8b2792a6e8,both,A,2026-08-27 19:22:58
i_dfa0ca46f703,c_aada045112ef,both,B,2026-08-27 19:26:51
i_4131b2a126d5,c_702d740ab5b7,resource_card,B,2026-08-27 19:30:19
i_3ee4964e0fe6,c_fbc8dccf0d1d,both,B,2026-08-27 19:33:55
i_789951498c99,c_55c6e0cd30b4,both,A,2026-08-27 19:41:51
i_fc10c0bb2b9c,c_6b0bfff909a9,both,B,2026-08-27 19:44:43
i_7c79b37adf5e,c_305edbd14583,resource_card,B,2026-08-27 19:45:21
i_235872e3cea3,c_fdbff97433ea,both,A,2026-08-27 19:56:34
i_a83f1c266a4a,c_9900ea29a41b,both,B,2026-08-27 19:56:43
i_499802b90b39,c_f34957eb517a,both,A,2026-08-27 19:58:16
i_6bd247b3b6c2,c_b265f89cd413,both,B,2026-08-27 20:10:54
i_7d94f2734602,c_bcd4dfc34644,resource_card,A,2026-08-27 20:13:08
i_e6b4a72e4712,c_ac083b45639a,resource_card,A,2026-08-27 20:16:11
i_e231583b043c,c_65c8ff4b92dd,both,B,2026-08-27 20:17:20
i_3eaddda3d36a,c_15023753acba,resource_card,A,2026-08-27 20:18:11
i_1960dcfb6cc8,c_ec5e33127db0,both,A,2026-08-27 20:29:39
i_ae247eab2080,c_f0f0eb851f71,both,B,2026-08-27 20:31:16
i_e7ce9f4b5c15,c_789772739ac1,resource_card,B,2026-08-27 20:31:45
i_3e67408b9c6e,c_460958a668be,both,A,2026-08-27 20:37:01
i_5391b1f2dfd2,c_0fa911c4c40e,both,A,2026-08-27 20:37:22
i_a1b73348de7e,c_0cd73e73e190,both,A,2026-08-27 20:43:47
i_d7b7b34a0c97,c_06b277b7c7e0,both,A,2026-08-27 20:46:49
i_2b2c1edc9d9b,c_abe494431203,resource_card,B,2026-08-27 20:47:00
i_3f73c1ea47fc,c_713772c49a46,resource_card,A,2026-08-27 20:52:07
i_c99b4d5e798f,c_1612911a622b,resource_card,B,2026-08-27 20:55:31
i_5bbb06335877,c_29f70165c59a,resource_card,A,2026-08-27 21:01:09
i_2364e4b324ff,c_c99dfb32b557,both,B,2026-08-27 21:01:16
i_582d776dcfb7,c_9e50b0ed41c0,resource_card,A,2026-08-27 21:03:40
i_c996550a5e75,c_c31dd5e38a18,resource_card,A,2026-08-27 21:07:16
i_e4ca17e42c5e,c_04bbeefb28e7,resource_card,B,2026-08-27 21:10:48
i_4848b2cb8630,c_e48bc4193c48,both,A,2026-08-27 21:13:50
i_5f1113b98ecc,c_97d547ca1ae0,both,A,2026-08-27 21:20:06
i_86ddd9314cdb,c_e8340010e581,resource_card,B,2026-08-27 21:25:55
i_ff687eb6c36c,c_49932ab75aa3,resource_card,B,2026-08-27 21:26:19
i_be3b1ba709d4,c_d949f7fb612d,resource_card,B,2026-08-27 21:28:53
i_cff2f3c34fdb,c_d357ec75f570,resource_card,A,2026-08-27 21:35:32
i_6a7f8da07ade,c_fc8cc7b31325,resource_card,B,2026-08-27 21:36:27
i_36e695273416,c_f22b4af8baf0,resource_card,A,2026-08-27 21:37:25
i_736ea973f9d9,c_8267c37db889,both,B,2026-08-27 21:38:18
i_6355ab6f358c,c_cde1bb76429e,both,A,2026-08-27 21:40:43
i_9cb29924ff41,c_54f698614a1f,resource_card,B,2026-08-27 21:44:10
i_c37c3a279ed8,c_d41122d298ad,resource_card,B,2026-08-27 21:47:32
i_f399afda7fcc,c_db4574dfc6dd,resource_card,B,2026-08-27 21:51:42
i_23c706c894b1,c_51247fd56662,resource_card,A,2026-08-27 21:52:10
i_ad2a81b22353,c_f9255a1ee0c7,resource_card,B,2026-08-27 21:52:25
i_a5573852d718,c_e9feb9696055,resource_card,B,2026-08-27 21:56:45
i_dfbbb89f9beb,c_4730a38a5029,resource_card,B,2026-08-27 21:57:51
i_b8b71bd5600b,c_9d36f322f589,resource_card,B,2026-08-27 21:59:30
i_20118c4a9a83,c_07b149e55b2f,resource_card,B,2026-08-27 21:59:36
i_5f5155075417,c_0296c29beb98,resource_card,A,2026-08-27 22:04:59
i_ff4088551509,c_e7026b15a53f,both,B,2026-08-27 22:05:58
i_1713d0211103,c_6a0d589401b3,both,B,2026-08-27 22:06:24
i_bbb21c5e5821,c_fe41aa77bc4f,both,B,2026-08-27 22:07:21
i_1e64dfebac44,c_1958ace08531,both,B,2026-08-27 22:11:28
i_ac99f639f1ab,c_caeb0ed6a03a,resource_card,A,2026-08-27 22:13:13
i_6a1de47f7695,c_5b3b43ddfad5,resource_card,B,2026-08-27 22:18:41
i_05236f5307e3,c_a93df5d68e5b,both,B,2026-08-27 22:24:08
i_9e0d2b63d8bc,c_2787f232ceba,resource_card,A,2026-08-27 22:25:31
i_4feb5ab1f63b,c_2494a6d8358c,resource_card,A,2026-08-27 22:44:38
i_8c5532ca0ac8,c_193c353fccac,resource_card,A,2026-08-27 22:44:46
i_4aa6dda3711e,c_afd55342871d,resource_card,B,2026-08-27 22:54:11
i_90bd9adee81a,c_9a1d1fd8f9f8,both,A,2026-08-27 22:55:47
i_5a2cc05a60b3,c_55ab15c0e256,both,A,2026-08-27 22:57:54
i_457cee029015,c_8922dd217ff4,resource_card,A,2026-08-27 22:58:59
i_7a40727d7f9c,c_2979bf4af93b,resource_card,B,2026-08-27 23:00:20
i_596bccbe1066,c_7d7b18dfa927,resource_card,B,2026-08-27 23:02:54
i_50aaede09c10,c_3aaabb754a8f,resource_card,B,2026-08-27 23:04:53
i_1cc80aecbe95,c_cd4d8e0c568a,both,A,2026-08-27 23:09:51
i_332ae8cd83a9,c_5a978c514271,both,B,2026-08-27 23:32:03
i_f078847ff9a5,c_2a514d656f92,both,A,2026-08-27 23:47:38
i_6647af4ff182,c_4e12577627be,resource_card,A,2026-08-27 23:49:55
i_0d25e58d8247,c_0488a5e3b665,resource_card,B,2026-08-27 23:50:31
i_cf5b13f484ef,c_8b263b703cfc,both,A,2026-08-27 23:54:46
i_6d88581cb77f,c_e9602964eed8,both,A,2026-08-27 23:56:48
i_ff5254dc31d9,c_5119a54ca8ae,both,A,2026-08-27 23:58:09
i_477ed1abc214,c_6b8e22c72f70,resource_card,A,2026-08-28 00:00:24
i_7c24af7203d6,c_82165472c86b,both,B,2026-08-28 00:02:21
i_d7eef76ab336,c_8db56a59a520,both,A,2026-08-28 00:12:33
i_734d9674d1b7,c_580738e9b30b,resource_card,B,2026-08-28 00:50:04
i_a54623cae61a,c_82bef9452b46,resource_card,A,2026-08-28 01:08:18
i_74c562baae78,c_7f78af9889aa,resource_card,A,2026-08-28 01:18:59
i_90fc8252401d,c_dfe1d8855963,both,B,2026-08-28 01:29:40
i_e643de8c7b8b,c_c78ee8bd959b,resource_card,B,2026-08-28 01:39:11
i_baec522b6bcd,c_2cc3c382169b,both,B,2026-08-28 01:41:21
i_b61b52e42c65,c_5cdf85561255,resource_card,B,2026-08-28 01:44:54
i_bac437125b6e,c_69dff9b7c25b,both,B,2026-08-28 01:50:19
i_d4f755d29718,c_c1f9f8a6139c,both,A,2026-08-28 01:51:46
i_5ae145e1fe8e,c_2990e83f831a,resource_card,A,2026-08-28 01:53:05
i_24bda6bf5590,c_4b3574961662,resource_card,A,2026-08-28 01:58:26
i_d226e9dfccf5,c_b6df4db1e1b9,resource_card,B,2026-08-28 01:59:08
i_431292749545,c_387ab0955ee1,both,B,2026-08-28 02:12:51
i_ac55ba615269,c_efc8dcef9b17,resource_card,B,2026-08-28 02:21:02
i_599e1d7807c8,c_edb898fa1728,resource_card,A,2026-08-28 02:59:55
i_f9cfa7d8724c,c_220b1cd1b7c3,both,B,2026-08-28 03:22:38
i_7158c1b73413,c_a33b6eafa307,resource_card,B,2026-08-28 04:47:26
i_8ae0b55e5e8e,c_65ade71d5319,resource_card,B,2026-08-28 05:56:34
i_816c5b4baf78,c_4c1d31331dec,resource_card,A,2026-08-28 06:09:40
i_2c18c4264b2f,c_f7dd4c3e37de,resource_card,A,2026-08-28 06:10:59
i_19905ec6a11d,c_2fa08f2e5b58,resource_card,A,2026-08-28 07:02:13
i_ec313c61a13e,c_f38521773014,both,A,2026-08-28 07:17:47
i_53f67147ffca,c_f5395de8a737,both,B,2026-08-28 07:20:45
i_e6fadb454bc3,c_7504bc62b8a1,both,B,2026-08-28 07:21:26
i_cb15338b422a,c_826032a2566b,both,B,2026-08-28 07:26:47
i_357caf611d98,c_54af5b0f2a61,resource_card,B,2026-08-28 07:28:28
i_cfc89f220992,c_c215850e1d9c,resource_card,A,2026-08-28 07:34:37
i_8e9553de8dfd,c_40bf5a4035bd,resource_card,B,2026-08-28 07:51:49
i_ab8290134731,c_143c065cc83d,both,B,2026-08-28 07:59:20
i_c2090289eb59,c_fd7674d37e33,both,B,2026-08-28 08:02:01
i_4fd5c98238b7,c_7ceb1fd06142,resource_card,A,2026-08-28 08:08:39
i_d045a0e51f1c,c_d710c21fac7a,both,A,2026-08-28 08:15:21
i_914c4293e460,c_dbc84aec7ac7,resource_card,B,2026-08-28 08:20:58
i_43e31ef97056,c_876912539ffa,both,A,2026-08-28 08:31:51
i_187aaa07453d,c_a7315fe3bbc5,resource_card,B,2026-08-28 08:34:18
i_6b6b7d921420,c_7d40e06e22f0,resource_card,A,2026-08-28 08:55:59
i_a255c196ac46,c_6ed07f1bdfc8,both,A,2026-08-28 09:05:13
i_87fa63f22668,c_ffdd7939d6b5,both,B,2026-08-28 09:11:59
i_e87dbbd44497,c_0c3694fc1f3e,both,A,2026-08-28 09:15:17
i_cc19c4ac55a1,c_063fc48b58ab,resource_card,B,2026-08-28 09:17:34
i_46f4b72989fd,c_3f40022509cc,resource_card,A,2026-08-28 09:20:10
i_27ca9d373344,c_bde7896f4112,resource_card,A,2026-08-28 09:20:50
i_5753a5fe4394,c_2c0954aea16b,resource_card,B,2026-08-28 09:24:22
i_ef08ab908cd9,c_646df288589d,resource_card,B,2026-08-28 09:26:51
i_d3fd1c2c23e6,c_f914f5704852,both,A,2026-08-28 09:27:06
i_ebcd3b95da96,c_493b368c6429,both,B,2026-08-28 09:27:23
i_8ebe305d40c3,c_9a2ad3f24302,resource_card,A,2026-08-28 09:32:56
i_172d433b5fef,c_cc64a77d9113,both,B,2026-08-28 09:56:56
i_fd502bfbff4e,c_e8b2125e03cc,both,A,2026-08-28 10:05:12
i_8b0a59de6cee,c_e7184c7c8569,resource_card,B,2026-08-28 10:19:06
i_04d4f0099bc7,c_610f495c4fbc,resource_card,A,2026-08-28 10:19:44
i_9381af4fda61,c_8fb2f77914a6,both,A,2026-08-28 10:25:07
i_b7403e363e2d,c_bf9aefd83248,resource_card,A,2026-08-28 10:36:49
i_aea57c87171f,c_e0f42b73ad61,resource_card,B,2026-08-28 10:43:17
i_666d72752889,c_3ec06d73e8e5,resource_card,B,2026-08-28 10:55:30
i_e8c0562309fc,c_21a08653936f,resource_card,B,2026-08-28 10:57:06
i_9b1eedac1b22,c_4d997b38da46,resource_card,A,2026-08-28 11:16:25
i_f7f87e8e0ace,c_7bb5d585a3da,both,A,2026-08-28 11:16:46
i_bb7c5a62e622,c_e67ec346d1f6,both,A,2026-08-28 11:18:52
i_8e3056207d32,c_d934eb804342,resource_card,A,2026-08-28 11:19:49
i_49b7aafa6a20,c_23acd48e0b30,resource_card,A,2026-08-28 11:31:54
i_b8074df61274,c_a3d75d1694f0,both,A,2026-08-28 11:35:28
i_26451908b5f7,c_da6503d1101e,both,A,2026-08-28 11:35:32
i_caede0fc653e,c_1bde3565cd6e,both,A,2026-08-28 11:46:34
i_b3ffc8c72d21,c_e30a4b545211,resource_card,B,2026-08-28 11:59:08
i_6d7028350770,c_29a598c102e0,resource_card,A,2026-08-28 11:59:55
i_8be6db97d34a,c_6c9f49f5a698,both,A,2026-08-28 12:00:25
i_86db6212eee7,c_e8802b19bd22,resource_card,A,2026-08-28 12:18:54
i_53b378475b5c,c_24a47a088f38,both,A,2026-08-28 12:20:24
i_4f6371318768,c_a2f47e7a5a3b,resource_card,B,2026-08-28 12:29:00
i_5db6149493b0,c_831b0fb7ae61,resource_card,B,2026-08-28 12:36:57
i_f596b6a5c994,c_aeb9e1a2d507,resource_card,B,2026-08-28 12:48:03
i_3732f5c69017,c_97843a605c2f,resource_card,B,2026-08-28 12:49:14
i_89bd14e6cbe2,c_da856139f4e7,both,B,2026-08-28 12:54:38
i_d6440320426f,c_1bd25a5822c2,both,A,2026-08-28 13:05:35
i_2ec81a39300e,c_ef239444a344,both,A,2026-08-28 13:06:31
i_0e5dfac8ef14,c_d446b41c6f46,resource_card,A,2026-08-28 13:13:03
i_9f95e882124d,c_e9dc0b1b11b8,both,A,2026-08-28 13:20:58
i_a111bea3e7b4,c_cd6d6e129ccf,resource_card,B,2026-08-28 13:21:28
i_8a41fc086ee8,c_6588e1081ebe,resource_card,A,2026-08-28 13:23:59
i_ad6ec9dc893d,c_f161c7283a92,resource_card,A,2026-08-28 13:24:05
i_4fc9f8a6ee5b,c_329972957a7f,both,B,2026-08-28 13:24:42
i_68f179d6427d,c_99b7538fbf12,resource_card,A,2026-08-28 13:29:09
i_80f0df9f03bc,c_f3878d2bdfc9,resource_card,B,2026-08-28 13:30:19
i_86f6683470ce,c_b8da577f4e3e,resource_card,A,2026-08-28 13:30:24
i_99a1b6d37847,c_6816e095c02a,both,A,2026-08-28 13:31:44
i_94451eee2c22,c_5618c943b7eb,resource_card,B,2026-08-28 13:36:48
i_3caca8923774,c_5f69471d4140,both,A,2026-08-28 13:37:15
i_a8b527c7a806,c_d5c874cb9703,both,B,2026-08-28 13:38:40
i_3e9152306b6e,c_b724adba2f35,both,B,2026-08-28 13:39:55
i_f396182ae84d,c_6480ce68b304,both,A,2026-08-28 13:50:29
i_793471fcebc0,c_628512ed85d9,resource_card,B,2026-08-28 13:51:42
i_5513caf3b1a8,c_bc21cbd47ba6,both,A,2026-08-28 14:08:16
i_abb2566ce17c,c_7b9c01dbed67,resource_card,B,2026-08-28 14:08:54
i_b13caac76fd5,c_130e68a4844d,resource_card,B,2026-08-28 14:09:01
i_b74366795729,c_607e682485fe,resource_card,A,2026-08-28 14:13:00
i_144f32ccda6c,c_7d1e2f0dc94b,resource_card,B,2026-08-28 14:15:12
i_b77fde17f470,c_b54463f7d42a,both,A,2026-08-28 14:18:33
i_b8a632bcb304,c_a1f17958fbcd,both,B,2026-08-28 14:19:11
i_9210a035b5e0,c_f3fb78ad12ca,resource_card,A,2026-08-28 14:30:08
i_9a72a8d44b87,c_841eaa02a9ba,resource_card,A,2026-08-28 14:42:13
i_f5655f614ba2,c_2d3a43036f47,both,B,2026-08-28 14:45:36
i_8a9d55bf384d,c_eb5b1343b887,resource_card,B,2026-08-28 14:47:00
i_dfae346e99f9,c_7231d26503e5,resource_card,B,2026-08-28 14:56:25
i_47c614222d82,c_4c03be71c97a,resource_card,A,2026-08-28 14:57:55
i_e4f7cbe544ec,c_6b591b7f2d5a,resource_card,A,2026-08-28 15:02:44
i_137d7afe31b2,c_53f12eda91ab,resource_card,B,2026-08-28 15:03:26
i_1935668d680b,c_0052cb9690fb,resource_card,B,2026-08-28 15:09:26
i_9a5fc7160795,c_efe900199084,both,A,2026-08-28 15:09:30
i_ff58805f1c64,c_9b5bfcd30eb7,resource_card,B,2026-08-28 15:10:08
i_035e8a2e1023,c_9e77d9f9625e,resource_card,A,2026-08-28 15:18:34
i_fab8353194f9,c_88a5c9bc6d22,both,A,2026-08-28 15:21:11
i_f60ad90e9db6,c_8310fe1b7940,both,A,2026-08-28 15:35:52
i_f34cd57741d3,c_fd534b4587f2,both,A,2026-08-28 15:57:49
i_fe7637dfab58,c_7bb7a9bd5893,both,B,2026-08-28 16:05:53
i_46a0a097dbdb,c_81b29e2dbcc6,resource_card,A,2026-08-28 16:09:37
i_0863a05ccc6f,c_61ca94a8cbc7,resource_card,B,2026-08-28 16:17:25
i_b784a926245c,c_3cc37973701a,resource_card,A,2026-08-28 16:20:34
i_8bd382d974c5,c_d6629dcdf1d3,resource_card,B,2026-08-28 16:21:35
i_bd49e936cbef,c_e1e6e1a0ebdd,resource_card,B,2026-08-28 16:25:32
i_5483ed85bfc2,c_6a95cd5f26df,resource_card,B,2026-08-28 16:26:13
i_a9346cc01e89,c_125c7446d696,resource_card,A,2026-08-28 16:32:48
i_f6d7064b038e,c_78a8d01aefa8,both,A,2026-08-28 16:33:34
i_731a4f0362e2,c_d8558edc36ea,resource_card,A,2026-08-28 16:36:53
i_3cd45ed49203,c_1ffaebdfdb97,both,B,2026-08-28 16:36:54
i_66e592a6d709,c_39aa2569f283,both,B,2026-08-28 17:05:37
i_aea496a37342,c_6a786532b22c,both,A,2026-08-28 17:07:21
i_2ed7936ab4eb,c_2a4da4934f4f,both,B,2026-08-28 17:08:36
i_883b9c013a2a,c_a9a5be9b8dec,resource_card,A,2026-08-28 17:09:57
i_47ab15c06cc7,c_389c266cf7a9,resource_card,B,2026-08-28 17:10:16
i_bade6071c080,c_7e3a3421b5b7,resource_card,B,2026-08-28 17:11:45
i_9fc9884f8a84,c_b48739cd6865,both,B,2026-08-28 17:19:26
i_94ffef306177,c_04a9d49af8ad,both,B,2026-08-28 17:24:22
i_4745fc36581b,c_c6f6e4c5074f,resource_card,B,2026-08-28 17:30:43
i_62c8e0e89ff3,c_14cda18292f6,resource_card,A,2026-08-28 17:33:46
i_9dbf5c4806e7,c_2b5d37aa3416,both,A,2026-08-28 17:45:07
i_c931b591fc84,c_df4d4629fea6,resource_card,A,2026-08-28 17:46:47
i_b09928e32e03,c_ca16addad726,resource_card,A,2026-08-28 17:47:49
i_03f8082330a4,c_fa0534c5a815,both,B,2026-08-28 17:57:35
i_050a67a5934d,c_230b2add5911,resource_card,B,2026-08-28 18:01:10
i_a8e261521a2d,c_cd2b495fd052,both,A,2026-08-28 18:01:09
i_f724eaddda85,c_89728d859446,both,A,2026-08-28 18:14:46
i_ce8f1bc7f483,c_5e4022d8b414,resource_card,A,2026-08-28 18:14:43
i_389b5f9a48bd,c_b5ccec30f33e,resource_card,A,2026-08-28 18:19:00
i_8439857684d5,c_28b3fc74d349,both,B,2026-08-28 18:19:33
i_0577ccb26f59,c_c0f747051ede,both,A,2026-08-28 18:19:47
i_51b6595fa03b,c_2e37bfe02fc2,resource_card,A,2026-08-28 18:32:19
i_4edb6f98810e,c_4c3d3e20f3f6,resource_card,A,2026-08-28 18:44:35
i_72defaa5bdaa,c_af8f66c8e4b3,both,B,2026-08-28 18:50:25
i_613d54511890,c_e7db44e9bdba,both,A,2026-08-28 18:54:42
i_9fcc98d969f8,c_6ce5aa8e4005,resource_card,B,2026-08-28 18:56:57
i_51c5da7f5c3f,c_77990f3ca1a2,resource_card,A,2026-08-28 19:02:24
i_61874fb68991,c_33eb39dfe777,both,B,2026-08-28 19:03:29
i_2cbfad04e5d5,c_2e2e3a9cce82,resource_card,A,2026-08-28 19:03:47
i_8cd39b0abb27,c_901aae2fc335,resource_card,B,2026-08-28 19:08:28
i_6b50c4cf23b1,c_46325d3c52ef,resource_card,B,2026-08-28 19:10:03
i_e4ac8651c075,c_228a360eecee,both,A,2026-08-28 19:10:13
i_f8be9efd79bb,c_9bd5470d9b9b,resource_card,B,2026-08-28 19:14:35
i_566742996015,c_be4ead33b68f,resource_card,B,2026-08-28 19:17:53
i_8630ea1ec49b,c_32afdc1706db,resource_card,B,2026-08-28 19:19:56
i_549f409d8944,c_8c9ef05c2d0e,both,A,2026-08-28 19:31:01
i_f42a4d7c73c5,c_777e04d03aca,resource_card,A,2026-08-28 19:38:33
i_5de1dfb38db6,c_542138ab43bd,resource_card,B,2026-08-28 19:40:37
i_197ae70705b4,c_90a6a406f1e7,both,B,2026-08-28 19:43:52
i_9ccddd8d2f7e,c_0dc033a36df1,both,B,2026-08-28 19:56:41
i_1a7267422154,c_db153eb75de5,both,B,2026-08-28 20:00:04
i_fdc9bee2d6fb,c_0d7d68874f10,both,A,2026-08-28 20:00:19
i_b4ba34ce7b39,c_aeb540f85e0d,resource_card,B,2026-08-28 20:05:24
i_0ba3eba7dd58,c_d7c49c9f9ada,resource_card,A,2026-08-28 20:07:31
i_2fa41eaab4c6,c_0db96646b9ef,resource_card,B,2026-08-28 20:15:20
i_2abfe3123323,c_90f4c6ceaed2,both,A,2026-08-28 20:17:38
i_f13e72830d4f,c_a705f48e9086,resource_card,A,2026-08-28 20:20:45
i_dda04c7b5967,c_8436dbfc5ce4,both,A,2026-08-28 20:27:04
i_527fa71f6152,c_e084735a5c8b,both,B,2026-08-28 20:30:01
i_08da672b270f,c_fee32db760b4,resource_card,A,2026-08-28 20:30:01
i_7b9a78ec3e99,c_a8a7ba5958a5,both,B,2026-08-28 20:32:24
i_e5b6202c7edf,c_4d409e243cc4,resource_card,A,2026-08-28 20:32:55
i_0c76f7c6e3d5,c_c713245d757e,both,A,2026-08-28 20:36:01
i_95b3534d5742,c_e3c106367c4a,resource_card,A,2026-08-28 20:36:37
i_3e5a45cb98aa,c_dfdb4f2c3d8e,both,A,2026-08-28 20:41:56
i_54dce3a9a1fa,c_c1e0529b0b3b,resource_card,B,2026-08-28 20:42:43
i_e2845631b2bb,c_67603b951956,both,A,2026-08-28 20:42:53
i_32b72ae10170,c_0aa7b6be47f1,both,B,2026-08-28 20:46:11
i_d73f559cd8b1,c_af19db8fab71,both,B,2026-08-28 20:47:26
i_998e2e838c6b,c_c2e70f765cbb,both,B,2026-08-28 20:47:37
i_b8274c99dadb,c_ad95ddd633a3,resource_card,B,2026-08-28 20:48:44
i_f8b68a092282,c_e428e688fc49,both,B,2026-08-28 20:55:11
i_b30128ef4592,c_f12c3621ef7f,resource_card,B,2026-08-28 20:55:34
i_39b34f6248cc,c_16184425a0e3,both,B,2026-08-28 21:03:21
i_e12962ed35a0,c_fbb68f82080c,both,A,2026-08-28 21:05:35
i_71043253122d,c_e914b595db0b,resource_card,B,2026-08-28 21:23:09
i_adac56baed2b,c_7d452e35fcf9,both,B,2026-08-28 21:23:50
i_6973daee8233,c_08c07c64fd5a,resource_card,A,2026-08-28 21:28:24
i_60fed5af636d,c_c02a3a1722b4,both,A,2026-08-28 21:40:14
i_358a11377d5b,c_ea1e9a7f01ab,both,B,2026-08-28 21:41:03
i_375d2e00815f,c_bbe7d8edeb85,both,B,2026-08-28 21:48:22
i_cbe3803c2f68,c_72eab21e91fa,resource_card,A,2026-08-28 21:48:41
i_cd2faf6de5f0,c_f522e39c6b67,resource_card,B,2026-08-28 21:49:02
i_8e8fe293b0d7,c_478756c6a5d6,both,A,2026-08-28 21:54:48
i_7f71f206f4f0,c_0660b93f9005,resource_card,B,2026-08-28 21:56:22
i_244b05ebc391,c_2ad2d332e9dc,both,A,2026-08-28 21:57:39
i_d208a82da168,c_25f410b2346e,resource_card,A,2026-08-28 21:58:06
i_000672adcd67,c_16686f2ce78f,both,B,2026-08-28 21:59:04
i_14e4788b9826,c_220ce708526f,resource_card,B,2026-08-28 22:13:44
i_e5bd8108b22b,c_3ec2cac88859,both,B,2026-08-28 22:16:47
i_3199271b7c59,c_04991d90c552,resource_card,A,2026-08-28 22:18:28
i_e87b19db8a74,c_3f36c1ae5f20,both,A,2026-08-28 22:21:06
i_b13f65ae3c53,c_c60fd3beaf15,both,B,2026-08-28 22:21:17
i_6dd74e37fd3d,c_219e559b8e4e,resource_card,A,2026-08-28 22:35:48
i_9aea6e0341f4,c_80f91e61225a,resource_card,A,2026-08-28 22:39:51
i_40453e703361,c_14b4673c8f9c,both,A,2026-08-28 22:43:54
i_8c670a93389f,c_dadcc8f24e66,both,A,2026-08-28 22:48:32
i_9d94269706bd,c_da4f674a7bfc,resource_card,A,2026-08-28 22:49:02
i_0bf9b1984be1,c_6c172fc57553,both,B,2026-08-28 22:55:06
i_b47208604a71,c_824c463cdf4f,resource_card,B,2026-08-28 22:55:21
i_5ee34d36376f,c_6e00c2997212,resource_card,A,2026-08-28 23:08:04
i_dc4f1bc25e62,c_ca3fe8cab991,resource_card,B,2026-08-28 23:13:03
i_090fc4ca9fac,c_5cf2f7c9a15f,both,B,2026-08-28 23:22:31
i_711158d15125,c_60daa9c648c3,resource_card,B,2026-08-28 23:37:25
i_46645afab909,c_b9e7da375b40,resource_card,A,2026-08-28 23:40:07
i_d8907b56febb,c_8d129764e166,both,A,2026-08-28 23:43:13
i_133fe8d7d37b,c_4e011f517ed4,both,A,2026-08-28 23:44:23
i_a4eb515daf1f,c_ac29e2279281,resource_card,B,2026-08-28 23:57:36
i_4cd31118cff3,c_c540f19a610e,resource_card,A,2026-08-28 23:57:50
i_b63c2acecc67,c_6bc520fb5ba2,both,A,2026-08-29 00:05:04
i_ca7f86bfa3e3,c_7a9ae5e89b30,resource_card,A,2026-08-29 00:08:14
i_a6b0bf12b977,c_50a3c3a8c6e7,resource_card,B,2026-08-29 00:53:43
i_01fed2c54b51,c_1cbc9608ff7a,resource_card,A,2026-08-29 00:56:02
i_10d7c1882c44,c_e80b71af5484,both,A,2026-08-29 01:02:25
i_f4c2f0297845,c_543513fd85c8,both,A,2026-08-29 01:11:23
i_f8cc3dc8c887,c_c62714e93d23,both,B,2026-08-29 01:20:27
i_0c4aca7370fe,c_11b7494e6bc9,both,B,2026-08-29 02:46:17
i_458b3323029d,c_a8796d1ae0dd,resource_card,B,2026-08-29 03:23:34
i_f6a09ec56ff9,c_ba877792348c,both,A,2026-08-29 05:18:45
i_e387b362b379,c_dea894a4494e,resource_card,A,2026-08-29 05:20:57
i_3b5aa6e6042c,c_7716fb3d0845,resource_card,B,2026-08-29 05:23:13
i_cf960b6db0f3,c_2166fe2bd4df,both,B,2026-08-29 06:10:46
i_5b913e42cbc7,c_00f48123bb2e,both,A,2026-08-29 06:21:06
i_127eb97c8384,c_7677e862876b,both,B,2026-08-29 07:00:38
i_cf8bf789f76f,c_396e84236d2e,both,A,2026-08-29 07:38:35
i_ba96f736b78e,c_81eeeb641478,both,A,2026-08-29 07:40:12
i_22b30459f953,c_f58408dd0460,both,A,2026-08-29 07:44:03
i_7e0d9c43551b,c_42532c2cb171,both,B,2026-08-29 08:17:50
i_c8e80adfdf8c,c_2313fdcb7ab3,both,B,2026-08-29 08:28:03
i_66565e33a1bd,c_eae1f71fe102,resource_card,A,2026-08-29 08:29:22
i_6bebcd548ce6,c_716e3f694cc2,resource_card,A,2026-08-29 08:35:25
i_db7981e5074b,c_b380dd6f0255,both,B,2026-08-29 08:43:30
i_30bba5bbc5a6,c_f6a4ef9d648c,resource_card,A,2026-08-29 08:43:25
i_df58115ecf35,c_49ea948610f4,resource_card,A,2026-08-29 09:00:11
i_a8eb8c6cb1f1,c_a2ce7c8ba470,resource_card,A,2026-08-29 09:09:34
i_eec782e8353c,c_ba68d5822730,resource_card,A,2026-08-29 09:26:27
i_32110a01c838,c_26e9c56f8547,resource_card,B,2026-08-29 09:31:06
i_934c4fc41e09,c_62e584911ab9,both,B,2026-08-29 09:32:57
i_0cb6463822b1,c_c294a3109ef8,resource_card,A,2026-08-29 09:37:37
i_a7d137e016f8,c_b72832f182c1,both,B,2026-08-29 09:39:38
i_25fe12e32475,c_d8a0827ed6fc,resource_card,A,2026-08-29 09:40:33
i_2bcabdb895d9,c_9c23a4b2d585,resource_card,B,2026-08-29 09:46:02
i_3df9d04cd9f9,c_8897b8e9ca4f,resource_card,B,2026-08-29 09:51:46
i_5178be9f17c5,c_0fb653a94449,both,B,2026-08-29 09:53:30
i_8993dd678206,c_67e0f583d219,both,B,2026-08-29 09:55:21
i_beccbe03618f,c_06ab90dc959a,resource_card,A,2026-08-29 09:55:46
i_6a7323a0a1f0,c_f5746c2be577,both,B,2026-08-29 09:58:54
i_94b4b24f1796,c_6c9e0c506bbd,resource_card,B,2026-08-29 10:05:19
i_4dfebd86c951,c_cfbf8cb8f8ab,resource_card,B,2026-08-29 10:06:27
i_75abd0e015d5,c_53149c03387f,resource_card,B,2026-08-29 10:13:27
i_b47f179a8c68,c_f03ad36e68d8,resource_card,A,2026-08-29 10:16:47
i_3249794dd821,c_edc55d64c111,resource_card,B,2026-08-29 10:33:54
i_5a69c944320e,c_aa72f2015d86,resource_card,A,2026-08-29 10:45:22
i_a08daeb0b220,c_2130f13351d2,both,A,2026-08-29 10:46:25
i_d75abb964851,c_42ab6d02229e,both,A,2026-08-29 10:48:59
i_bbc7c347a59c,c_c09bfe91b447,both,B,2026-08-29 10:49:29
i_c1f1b226d8f2,c_dcc8c7230d13,resource_card,B,2026-08-29 10:53:45
i_edc33d79185f,c_855996a6657c,both,A,2026-08-29 10:58:15
i_e1e964a9f9f7,c_8b0e33a2035d,resource_card,B,2026-08-29 10:58:31
i_c8b21d08586c,c_1584b6bd59ae,both,A,2026-08-29 11:02:14
i_e2a5fa5716b0,c_b248bf9aca75,resource_card,B,2026-08-29 11:05:12
i_90c2c435f31b,c_f80a383d9e54,resource_card,A,2026-08-29 11:07:27
i_476528728204,c_062fb208e5c8,resource_card,A,2026-08-29 11:13:51
i_5e50c26111de,c_30633ab4f9d8,resource_card,A,2026-08-29 11:15:16
i_c4e061b8baee,c_03032ecb1855,resource_card,B,2026-08-29 11:21:32
i_1189fb3c3fad,c_9e62ce7547f9,both,B,2026-08-29 11:48:30
i_0b1137654d89,c_5420e62e1c58,both,A,2026-08-29 12:14:36
i_0be7d411046b,c_b31860917940,resource_card,A,2026-08-29 12:16:17
i_c428a2f7a0d0,c_952f12933c8d,both,B,2026-08-29 12:18:59
i_19be302a8977,c_01a6d5bc0435,both,B,2026-08-29 12:20:12
i_c279d3cf3bf9,c_b1b529e619b7,resource_card,B,2026-08-29 12:23:19
i_907c3c9883b7,c_73a3c3f3f017,both,B,2026-08-29 12:28:26
i_ef597419dd3f,c_2d765198d8f7,both,B,2026-08-29 12:39:47
i_a1bef374eef6,c_0e978f0725f0,both,A,2026-08-29 12:42:43
i_5b1af0127231,c_058a82ee3b5f,resource_card,B,2026-08-29 12:52:52
i_e16bfcefd238,c_c90b3b11d5d0,both,A,2026-08-29 12:56:06
i_819225ac2d1d,c_c7a7f6ab126d,resource_card,B,2026-08-29 13:15:47
i_242ca45a915b,c_07020520f21d,resource_card,B,2026-08-29 13:20:39
i_0fb0aa487453,c_41d54147b527,resource_card,B,2026-08-29 13:41:11
i_08cce854e5c8,c_c30728618678,resource_card,A,2026-08-29 13:50:53
i_5eae5185cd13,c_26d12b8325ed,both,B,2026-08-29 13:56:46
i_0ba28138f97f,c_96192ab1bc43,resource_card,B,2026-08-29 14:14:10
i_7b36a76890b7,c_10767ea128e5,both,B,2026-08-29 14:32:16
i_435478054f42,c_2d4e887b7825,both,B,2026-08-29 14:33:26
i_13f0d52a3c58,c_4d5e5cb029e1,resource_card,B,2026-08-29 14:34:41
i_f19e3e434fae,c_fcaa72a2eb4a,both,A,2026-08-29 14:38:08
i_23ad74fe9179,c_a357201cf049,resource_card,B,2026-08-29 14:46:03
i_5e472f086d85,c_03441e8b98c6,resource_card,A,2026-08-29 14:54:07
i_b1ddd1d7cd74,c_fb9586de5701,both,B,2026-08-29 14:58:29
i_aa7326c4d1bd,c_dccea2181438,both,A,2026-08-29 15:09:45
i_de682c4f35ca,c_8d45f2ce9a35,both,B,2026-08-29 15:11:40
i_f6a168bf8f5b,c_72bc7dceb477,resource_card,B,2026-08-29 15:16:40
i_73172d3bff92,c_2075e4a7fe39,resource_card,B,2026-08-29 15:18:09
i_3b7aacb77bdc,c_e61e456ac541,both,B,2026-08-29 15:20:25
i_95774573be96,c_171cab409523,resource_card,B,2026-08-29 15:24:21
i_7b54114bd48c,c_89a08dafd7a5,both,B,2026-08-29 15:25:38
i_44990b7eacac,c_db2b100cb233,both,B,2026-08-29 15:31:48
i_c897954e72ad,c_b7477679c4ee,resource_card,A,2026-08-29 15:32:48
i_2b70f336fbec,c_8dbb33f82dda,resource_card,A,2026-08-29 15:33:48
i_2a856bacc80b,c_9a41e950113f,both,B,2026-08-29 15:35:34
i_5877836b1ca8,c_c296404c8a01,both,B,2026-08-29 15:36:14
i_17afa4e6ca88,c_aa045d7e2add,both,B,2026-08-29 15:43:19
i_1677e3026f75,c_4c55d5174abc,resource_card,A,2026-08-29 15:43:49
i_98c226850140,c_c4fe8834927e,both,A,2026-08-29 15:47:27
i_e3dda5e8ecce,c_f1c84675ed2c,both,A,2026-08-29 15:49:50
i_b02a0b1c6961,c_ecbbae2c1bd3,resource_card,B,2026-08-29 15:55:47
i_0b7db6f900a0,c_d2e1f4cbee3e,both,A,2026-08-29 16:06:55
i_a3e1674fe53f,c_47cfa11f7790,both,A,2026-08-29 16:17:26
i_5f3ff92f78b9,c_193e84993178,both,A,2026-08-29 16:39:25
i_cf33303ed50a,c_0ca0043f10ee,both,A,2026-08-29 16:48:55
i_593164f6b18e,c_d4acefbcff1e,resource_card,A,2026-08-29 16:52:19
i_1f4d64276a7c,c_61569d1ee079,both,B,2026-08-29 16:55:30
i_00d9e7414f57,c_ec27ff77a2ab,resource_card,B,2026-08-29 16:59:03
i_95ca88ac679b,c_5782a5ae25c2,resource_card,A,2026-08-29 17:01:55
i_bbd0f51bb543,c_5d3d2a715eb4,both,A,2026-08-29 17:12:37
i_a9f8c853079b,c_97d750d5765a,resource_card,A,2026-08-29 17:13:54
i_aa0230b197d0,c_726c5b0fee3e,resource_card,A,2026-08-29 17:15:47
i_7a19d250c4a6,c_5dcc157785c0,resource_card,A,2026-08-29 17:23:33
i_c4fc6f7634cc,c_fbbb5496512b,resource_card,B,2026-08-29 17:24:54
i_292f22f52e74,c_d8e0688ab48e,resource_card,A,2026-08-29 17:27:48
i_aa9451708558,c_c733bbdc7aff,resource_card,B,2026-08-29 17:31:14
i_b84532f8d6bb,c_d1fc1cab003e,resource_card,A,2026-08-29 17:31:30
i_8d77534eeda3,c_4e7e33e673a9,both,B,2026-08-29 17:32:18
i_b4ebce15c186,c_c171e3861e75,resource_card,B,2026-08-29 17:33:50
i_953e29dbc110,c_e8c45e3b5e20,both,A,2026-08-29 17:34:48
i_0378359597dc,c_8c93c83c6ce4,resource_card,A,2026-08-29 17:41:57
i_371c25f88b9d,c_31fae9844991,both,B,2026-08-29 17:50:53
i_5804528997b5,c_1a590f3f3a48,resource_card,A,2026-08-29 18:01:46
i_bc57c677e384,c_4946d8bf679b,both,B,2026-08-29 18:02:08
i_1d811c4f3945,c_b5f13228f436,both,A,2026-08-29 18:05:03
i_9aad9d4e0b35,c_49c343aca4e4,both,A,2026-08-29 18:16:03
i_456b4467e1ec,c_0524c0eae5ba,resource_card,A,2026-08-29 18:16:42
i_5a7aa2f791a3,c_ac73ce5facb6,both,A,2026-08-29 18:22:48
i_a54213941d6e,c_bc977e0d0f2b,resource_card,B,2026-08-29 18:24:02
i_2e6b89a247e3,c_2377fc01167b,resource_card,B,2026-08-29 18:30:26
i_d10a3b7e8d5e,c_ea7a40a1efe4,resource_card,A,2026-08-29 18:31:13
i_ed72a016f3be,c_60176f57368d,resource_card,B,2026-08-29 18:40:29
i_b2b3c0fab3cf,c_bed5aa7f5125,resource_card,B,2026-08-29 18:49:30
i_1d382fcfe0f4,c_5cd0a94bbf9b,both,B,2026-08-29 18:52:48
i_0be162686ce9,c_b90a0334b8b8,both,A,2026-08-29 18:53:00
i_f136fb8e9e44,c_05df45525f79,resource_card,B,2026-08-29 18:53:19
i_98a790bdd710,c_f0d0d4467a47,both,B,2026-08-29 18:58:04
i_9b15a84bddec,c_9a7843df2ebe,resource_card,A,2026-08-29 18:58:26
i_21297a3c84de,c_050e95161cee,resource_card,A,2026-08-29 19:02:05
i_76fca2e7b9d1,c_28e79a801761,resource_card,B,2026-08-29 19:08:21
i_6254d9d2d7d5,c_972dbb1951a5,resource_card,B,2026-08-29 19:09:18
i_31a74360b6a6,c_6e049f59877d,both,B,2026-08-29 19:20:16
i_aef009c214d1,c_68efd9299bcf,both,B,2026-08-29 19:24:49
i_53cf83fa81ec,c_c241a0e7e062,resource_card,A,2026-08-29 19:28:35
i_cc13e2378a89,c_0b5699bbcd7b,both,B,2026-08-29 19:29:12
i_eb0e40e36a83,c_97e0743928dc,resource_card,A,2026-08-29 19:32:19
i_fc618af9d3d9,c_12218dd25a17,resource_card,B,2026-08-29 19:32:50
i_73bc99f00d97,c_98326781a56d,both,B,2026-08-29 19:40:45
i_00e6800d2fd6,c_138341ac6bb2,both,A,2026-08-29 19:44:15
i_6a3dcf88f99f,c_ddd29d180f57,resource_card,B,2026-08-29 19:48:10
i_b1728abaef33,c_b7ef95c65888,both,A,2026-08-29 19:57:27
i_d3ffc775aa9c,c_ee249668493a,both,A,2026-08-29 20:00:27
i_cad86e4fba6d,c_4d1d1e2fb204,resource_card,A,2026-08-29 20:00:37
i_37eb98193335,c_b3451c8428b5,resource_card,B,2026-08-29 20:07:32
i_1d3863016ac4,c_662757af6571,both,B,2026-08-29 20:11:28
i_34fd1c59a788,c_fce85fbf56cc,both,A,2026-08-29 20:15:02
i_cf679c4d56ba,c_416cee4e4f17,both,B,2026-08-29 20:21:08
i_9298a5b3ced5,c_14fdad04a01c,resource_card,A,2026-08-29 20:22:28
i_13560332fc4d,c_bdee228a7187,both,B,2026-08-29 20:24:10
i_582d1f3760de,c_b7cf24d1b021,both,B,2026-08-29 20:27:20
i_28cd0fd9d4be,c_999cf859df26,resource_card,A,2026-08-29 20:33:52
i_19049478bd04,c_b448ad4f55a1,resource_card,B,2026-08-29 20:37:31
i_797a6e50104b,c_265cdb513707,both,B,2026-08-29 20:38:26
i_28582de52c6e,c_a242cb679893,both,B,2026-08-29 20:39:55
i_cf6f00928c85,c_6098a0a6c497,resource_card,B,2026-08-29 20:42:39
i_485d68364e97,c_dff9c2710e1d,both,B,2026-08-29 20:44:51
i_37ed4f46c3c7,c_cb0f25d81597,resource_card,B,2026-08-29 20:45:55
i_fa13d6eaf4e3,c_9718ddf4ecf3,resource_card,B,2026-08-29 20:50:01
i_51a186d338ea,c_3e4b1ea49e20,both,A,2026-08-29 21:08:11
i_cfc0b094a4a9,c_36820e42b992,both,A,2026-08-29 21:19:49
i_cc043829c1f2,c_9df3f9d272fd,both,B,2026-08-29 21:27:15
i_42d5334e478a,c_90a21e96ae7e,both,A,2026-08-29 21:28:24
i_8e4cd93347ab,c_db61da13e493,resource_card,B,2026-08-29 21:29:10
i_bb024428ed7b,c_af28ed8db007,resource_card,B,2026-08-29 21:31:57
i_407745f280aa,c_4339da7a3f84,resource_card,A,2026-08-29 21:32:39
i_c5c743c60642,c_e804d42c2f95,resource_card,B,2026-08-29 21:32:49
i_9fb8630347aa,c_29bce2f8d6e1,resource_card,B,2026-08-29 21:35:59
i_69a98ba3905f,c_4011e4aa923f,both,B,2026-08-29 21:39:57
i_196db3af4305,c_c9b60bcd0115,resource_card,B,2026-08-29 21:43:01
i_2efb9dbd0239,c_3adab052d869,both,B,2026-08-29 21:48:18
i_ef74fcad0bb0,c_935b4ad6fb9b,both,B,2026-08-29 21:50:43
i_c1df24e1e47e,c_5280eb7267c4,resource_card,A,2026-08-29 22:21:12
i_4340cada86db,c_ee1f667a359e,both,A,2026-08-29 22:25:32
i_fc1cbef90d95,c_2cbd5a05aa5d,both,B,2026-08-29 22:29:38
i_33818e4637da,c_433fd2d2b372,both,A,2026-08-29 22:30:11
i_9880134e4805,c_14bc4437c196,both,A,2026-08-29 22:33:54
i_2b818d391e9e,c_25a3b5713f6a,resource_card,A,2026-08-29 22:35:18
i_d3fdc71e602a,c_66b873ddef19,resource_card,B,2026-08-29 22:40:05
i_f131ae20e5f4,c_ce0691cce158,both,A,2026-08-29 22:46:18
i_50c8ea523cd3,c_180744d1784d,both,B,2026-08-29 22:51:33
i_89a20046bf9d,c_2c7799b63a21,resource_card,B,2026-08-29 22:56:08
i_a3d173a6689f,c_29ae6b7a5dd7,both,B,2026-08-29 22:57:19
i_e84cdd2c8d8d,c_b5455e60e311,both,B,2026-08-29 23:02:40
i_a269d0f7884a,c_7264d5b365da,resource_card,A,2026-08-29 23:15:19
i_887d0733412c,c_f8b9df09f767,both,B,2026-08-29 23:15:45
i_4a2653d3da3b,c_4e009be4feed,both,B,2026-08-29 23:39:55
